11:50:47 INFO: Starting policer on interface s1-eth1
11:50:47 INFO: Starting policer on interface s1-eth4
11:50:47 INFO: Classes: [('HTTP', 34, '5mbit', '10kb'), ('RTP', 46, '10mbit', '10kb'), ('DNS', 8, '1mbit', '5kb'), ('SSH', 16, '2mbit', '5kb')]
11:50:47 INFO: Enable egress shaping: True
11:50:47 INFO: Classes: [('HTTP', 34, '5mbit', '10kb'), ('RTP', 46, '10mbit', '10kb'), ('DNS', 8, '1mbit', '5kb'), ('SSH', 16, '2mbit', '5kb')]
11:50:47 INFO: Enable egress shaping: True
11:50:47 INFO: Starting policer on interface s4-eth3
11:50:47 INFO: Classes: [('HTTP', 34, '5mbit', '10kb'), ('RTP', 46, '10mbit', '10kb'), ('DNS', 8, '1mbit', '5kb'), ('SSH', 16, '2mbit', '5kb')]
11:50:47 INFO: Starting policer on interface s3-eth2
11:50:47 INFO: Classes: [('HTTP', 34, '5mbit', '10kb'), ('RTP', 46, '10mbit', '10kb'), ('DNS', 8, '1mbit', '5kb'), ('SSH', 16, '2mbit', '5kb')]
11:50:47 INFO: Enable egress shaping: True
11:50:47 INFO: Enable egress shaping: True
11:50:47 ERROR: Command failed: tc filter del dev s4-eth3 parent ffff:
rc=2 stdout= stderr=Error: Parent Qdisc doesn't exists.
We have an error talking to the kernel
11:50:47 ERROR: Command failed: tc filter del dev s1-eth1 parent ffff:
rc=2 stdout= stderr=Error: Parent Qdisc doesn't exists.
We have an error talking to the kernel
11:50:47 ERROR: Command failed: tc filter del dev s1-eth4 parent ffff:
rc=2 stdout= stderr=Error: Parent Qdisc doesn't exists.
We have an error talking to the kernel
11:50:47 INFO: Starting policer on interface s1-eth3
11:50:47 INFO: Classes: [('HTTP', 34, '5mbit', '10kb'), ('RTP', 46, '10mbit', '10kb'), ('DNS', 8, '1mbit', '5kb'), ('SSH', 16, '2mbit', '5kb')]
11:50:47 INFO: Enable egress shaping: True
11:50:47 INFO: Starting policer on interface s3-eth4
11:50:47 INFO: Classes: [('HTTP', 34, '5mbit', '10kb'), ('RTP', 46, '10mbit', '10kb'), ('DNS', 8, '1mbit', '5kb'), ('SSH', 16, '2mbit', '5kb')]
11:50:47 INFO: Enable egress shaping: True
11:50:47 ERROR: Command failed: tc filter del dev s3-eth2 parent ffff:
rc=2 stdout= stderr=Error: Parent Qdisc doesn't exists.
We have an error talking to the kernel
11:50:47 ERROR: Command failed: tc qdisc del dev s4-eth3 ingress
rc=2 stdout= stderr=Error: Cannot find specified qdisc on specified device.
11:50:47 ERROR: Command failed: tc qdisc del dev s1-eth1 ingress
rc=2 stdout= stderr=Error: Cannot find specified qdisc on specified device.
11:50:47 INFO: Starting policer on interface s2-eth3
11:50:47 INFO: Classes: [('HTTP', 34, '5mbit', '10kb'), ('RTP', 46, '10mbit', '10kb'), ('DNS', 8, '1mbit', '5kb'), ('SSH', 16, '2mbit', '5kb')]
11:50:47 INFO: Enable egress shaping: True
11:50:47 ERROR: Command failed: tc qdisc del dev s1-eth4 ingress
rc=2 stdout= stderr=Error: Cannot find specified qdisc on specified device.
11:50:47 ERROR: Command failed: tc filter del dev s3-eth4 parent ffff:
rc=2 stdout= stderr=Error: Parent Qdisc doesn't exists.
We have an error talking to the kernel
11:50:47 ERROR: Command failed: tc filter del dev s2-eth3 parent ffff:
rc=2 stdout= stderr=Error: Parent Qdisc doesn't exists.
We have an error talking to the kernel
11:50:47 ERROR: Command failed: tc qdisc del dev s3-eth2 ingress
rc=2 stdout= stderr=Error: Cannot find specified qdisc on specified device.
11:50:47 ERROR: Command failed: tc filter del dev s1-eth3 parent ffff:
rc=2 stdout= stderr=Error: Parent Qdisc doesn't exists.
We have an error talking to the kernel
11:50:47 INFO: Starting policer on interface s2-eth1
11:50:47 INFO: Classes: [('HTTP', 34, '5mbit', '10kb'), ('RTP', 46, '10mbit', '10kb'), ('DNS', 8, '1mbit', '5kb'), ('SSH', 16, '2mbit', '5kb')]
11:50:47 INFO: Enable egress shaping: True
11:50:47 INFO: ingress qdisc added on s4-eth3
11:50:47 INFO: Starting policer on interface s4-eth2
11:50:47 INFO: Classes: [('HTTP', 34, '5mbit', '10kb'), ('RTP', 46, '10mbit', '10kb'), ('DNS', 8, '1mbit', '5kb'), ('SSH', 16, '2mbit', '5kb')]
11:50:47 INFO: Enable egress shaping: True
11:50:47 INFO: ingress qdisc added on s1-eth4
11:50:47 INFO: ingress qdisc added on s1-eth1
11:50:47 ERROR: Command failed: tc qdisc del dev s1-eth3 ingress
rc=2 stdout= stderr=Error: Cannot find specified qdisc on specified device.
11:50:47 ERROR: Command failed: tc qdisc del dev s3-eth4 ingress
rc=2 stdout= stderr=Error: Cannot find specified qdisc on specified device.
11:50:47 ERROR: Command failed: tc qdisc del dev s2-eth3 ingress
rc=2 stdout= stderr=Error: Cannot find specified qdisc on specified device.
11:50:47 ERROR: Command failed: tc filter del dev s4-eth2 parent ffff:
rc=2 stdout= stderr=Error: Parent Qdisc doesn't exists.
We have an error talking to the kernel
11:50:47 INFO: ingress qdisc added on s3-eth2
11:50:47 INFO: ingress qdisc added on s1-eth3
11:50:47 ERROR: Command failed: tc qdisc del dev s3-eth2 root
rc=2 stdout= stderr=Error: Cannot delete qdisc with handle of zero.
11:50:47 ERROR: Command failed: tc qdisc del dev s1-eth1 root
rc=2 stdout= stderr=Error: Cannot delete qdisc with handle of zero.
11:50:47 ERROR: Command failed: tc filter del dev s2-eth1 parent ffff:
rc=2 stdout= stderr=Error: Parent Qdisc doesn't exists.
We have an error talking to the kernel
11:50:47 INFO: Starting policer on interface s3-eth1
11:50:47 INFO: Classes: [('HTTP', 34, '5mbit', '10kb'), ('RTP', 46, '10mbit', '10kb'), ('DNS', 8, '1mbit', '5kb'), ('SSH', 16, '2mbit', '5kb')]
11:50:47 ERROR: Command failed: tc qdisc del dev s4-eth2 ingress
rc=2 stdout= stderr=Error: Cannot find specified qdisc on specified device.
11:50:47 INFO: Enable egress shaping: True
11:50:47 INFO: ingress qdisc added on s2-eth3
11:50:47 ERROR: Command failed: tc qdisc del dev s1-eth4 root
rc=2 stdout= stderr=Error: Cannot delete qdisc with handle of zero.
11:50:47 ERROR: Command failed: tc qdisc del dev s4-eth3 root
rc=2 stdout= stderr=Error: Cannot delete qdisc with handle of zero.
11:50:47 INFO: ingress qdisc added on s3-eth4
11:50:47 ERROR: Command failed: tc qdisc del dev s3-eth4 root
rc=2 stdout= stderr=Error: Cannot delete qdisc with handle of zero.
11:50:47 ERROR: Command failed: tc qdisc del dev s1-eth3 root
rc=2 stdout= stderr=Error: Cannot delete qdisc with handle of zero.
11:50:47 INFO: Starting policer on interface s3-eth3
11:50:47 ERROR: Command failed: tc qdisc del dev s2-eth1 ingress
rc=2 stdout= stderr=Error: Cannot find specified qdisc on specified device.
11:50:47 ERROR: Command failed: tc filter del dev s3-eth1 parent ffff:
rc=2 stdout= stderr=Error: Parent Qdisc doesn't exists.
We have an error talking to the kernel
11:50:47 INFO: Starting policer on interface s4-eth1
11:50:47 INFO: Classes: [('HTTP', 34, '5mbit', '10kb'), ('RTP', 46, '10mbit', '10kb'), ('DNS', 8, '1mbit', '5kb'), ('SSH', 16, '2mbit', '5kb')]
11:50:47 INFO: Starting policer on interface s2-eth2
11:50:47 INFO: Classes: [('HTTP', 34, '5mbit', '10kb'), ('RTP', 46, '10mbit', '10kb'), ('DNS', 8, '1mbit', '5kb'), ('SSH', 16, '2mbit', '5kb')]
11:50:47 INFO: Enable egress shaping: True
11:50:47 INFO: Enable egress shaping: True
11:50:47 INFO: ingress qdisc added on s2-eth1
11:50:47 INFO: egress HTB installed on s4-eth3, class 1:10 rate=5mbit burst=10kb
11:50:47 ERROR: Command failed: tc qdisc del dev s2-eth3 root
rc=2 stdout= stderr=Error: Cannot delete qdisc with handle of zero.
11:50:47 INFO: Classes: [('HTTP', 34, '5mbit', '10kb'), ('RTP', 46, '10mbit', '10kb'), ('DNS', 8, '1mbit', '5kb'), ('SSH', 16, '2mbit', '5kb')]
11:50:47 INFO: Enable egress shaping: True
11:50:47 INFO: ingress qdisc added on s4-eth2
11:50:47 ERROR: Command failed: tc qdisc del dev s2-eth1 root
rc=2 stdout= stderr=Error: Cannot delete qdisc with handle of zero.
11:50:47 INFO: Starting policer on interface s1-eth2
11:50:47 INFO: Classes: [('HTTP', 34, '5mbit', '10kb'), ('RTP', 46, '10mbit', '10kb'), ('DNS', 8, '1mbit', '5kb'), ('SSH', 16, '2mbit', '5kb')]
11:50:47 INFO: Enable egress shaping: True
11:50:47 ERROR: Command failed: tc qdisc del dev s3-eth1 ingress
rc=2 stdout= stderr=Error: Cannot find specified qdisc on specified device.
11:50:47 INFO: egress HTB installed on s1-eth4, class 1:10 rate=5mbit burst=10kb
11:50:47 ERROR: Command failed: tc filter del dev s4-eth1 parent ffff:
rc=2 stdout= stderr=Error: Parent Qdisc doesn't exists.
We have an error talking to the kernel
11:50:47 INFO: egress HTB installed on s3-eth2, class 1:10 rate=5mbit burst=10kb
11:50:47 ERROR: Command failed: tc qdisc del dev s4-eth2 root
rc=2 stdout= stderr=Error: Cannot delete qdisc with handle of zero.
11:50:47 ERROR: Command failed: tc filter del dev s2-eth2 parent ffff:
rc=2 stdout= stderr=Error: Parent Qdisc doesn't exists.
We have an error talking to the kernel
11:50:47 INFO: egress HTB installed on s1-eth3, class 1:10 rate=5mbit burst=10kb
11:50:47 INFO: egress HTB installed on s1-eth1, class 1:10 rate=5mbit burst=10kb
11:50:47 INFO: egress HTB installed on s3-eth4, class 1:10 rate=5mbit burst=10kb
11:50:47 ERROR: Command failed: tc filter del dev s1-eth2 parent ffff:
rc=2 stdout= stderr=Error: Parent Qdisc doesn't exists.
We have an error talking to the kernel
11:50:47 INFO: ingress qdisc added on s3-eth1
11:50:47 ERROR: Command failed: tc qdisc del dev s4-eth1 ingress
rc=2 stdout= stderr=Error: Cannot find specified qdisc on specified device.
11:50:47 INFO: Installed ingress police (u32) on s4-eth3 for DSCP=34 (tos=0x88) rate=5mbit burst=10kb
11:50:47 ERROR: Command failed: tc filter del dev s3-eth3 parent ffff:
rc=2 stdout= stderr=Error: Parent Qdisc doesn't exists.
We have an error talking to the kernel
11:50:47 INFO: Installed ingress police (u32) on s1-eth4 for DSCP=34 (tos=0x88) rate=5mbit burst=10kb
11:50:47 INFO: Installed ingress police (u32) on s4-eth3 for DSCP=46 (tos=0xb8) rate=10mbit burst=10kb
11:50:47 INFO: egress HTB installed on s2-eth3, class 1:10 rate=5mbit burst=10kb
11:50:47 INFO: egress HTB installed on s2-eth1, class 1:10 rate=5mbit burst=10kb
11:50:47 INFO: Installed ingress police (u32) on s3-eth2 for DSCP=34 (tos=0x88) rate=5mbit burst=10kb
11:50:47 ERROR: Command failed: tc qdisc del dev s2-eth2 ingress
rc=2 stdout= stderr=Error: Cannot find specified qdisc on specified device.
11:50:47 INFO: Installed ingress police (u32) on s1-eth1 for DSCP=34 (tos=0x88) rate=5mbit burst=10kb
11:50:47 INFO: ingress qdisc added on s4-eth1
11:50:47 INFO: Installed ingress police (u32) on s4-eth3 for DSCP=8 (tos=0x20) rate=1mbit burst=5kb
11:50:47 INFO: Installed ingress police (u32) on s1-eth3 for DSCP=34 (tos=0x88) rate=5mbit burst=10kb
11:50:47 ERROR: Command failed: tc qdisc del dev s1-eth2 ingress
rc=2 stdout= stderr=Error: Cannot find specified qdisc on specified device.
11:50:47 ERROR: Command failed: tc qdisc del dev s3-eth1 root
rc=2 stdout= stderr=Error: Cannot delete qdisc with handle of zero.
11:50:47 INFO: Installed ingress police (u32) on s2-eth3 for DSCP=34 (tos=0x88) rate=5mbit burst=10kb
11:50:47 INFO: ingress qdisc added on s2-eth2
11:50:47 ERROR: Command failed: tc qdisc del dev s3-eth3 ingress
rc=2 stdout= stderr=Error: Cannot find specified qdisc on specified device.
11:50:47 INFO: Installed ingress police (u32) on s4-eth3 for DSCP=16 (tos=0x40) rate=2mbit burst=5kb
11:50:47 INFO: Policer installed. Running...
11:50:47 INFO: Installed ingress police (u32) on s3-eth4 for DSCP=34 (tos=0x88) rate=5mbit burst=10kb
11:50:47 INFO: Installed ingress police (u32) on s1-eth1 for DSCP=46 (tos=0xb8) rate=10mbit burst=10kb
11:50:47 INFO: Installed ingress police (u32) on s1-eth4 for DSCP=46 (tos=0xb8) rate=10mbit burst=10kb
11:50:47 INFO: ingress qdisc added on s1-eth2
11:50:47 INFO: Installed ingress police (u32) on s2-eth3 for DSCP=46 (tos=0xb8) rate=10mbit burst=10kb
11:50:47 INFO: Installed ingress police (u32) on s3-eth2 for DSCP=46 (tos=0xb8) rate=10mbit burst=10kb
11:50:47 INFO: Installed ingress police (u32) on s2-eth1 for DSCP=34 (tos=0x88) rate=5mbit burst=10kb
11:50:47 INFO: egress HTB installed on s4-eth2, class 1:10 rate=5mbit burst=10kb
11:50:47 INFO: Installed ingress police (u32) on s1-eth3 for DSCP=46 (tos=0xb8) rate=10mbit burst=10kb
11:50:47 INFO: Installed ingress police (u32) on s2-eth1 for DSCP=46 (tos=0xb8) rate=10mbit burst=10kb
11:50:47 INFO: Installed ingress police (u32) on s3-eth4 for DSCP=46 (tos=0xb8) rate=10mbit burst=10kb
11:50:47 INFO: Installed ingress police (u32) on s3-eth2 for DSCP=8 (tos=0x20) rate=1mbit burst=5kb
11:50:47 INFO: Installed ingress police (u32) on s1-eth3 for DSCP=8 (tos=0x20) rate=1mbit burst=5kb
11:50:47 ERROR: Command failed: tc qdisc del dev s2-eth2 root
rc=2 stdout= stderr=Error: Cannot delete qdisc with handle of zero.
11:50:47 ERROR: Command failed: tc qdisc del dev s1-eth2 root
rc=2 stdout= stderr=Error: Cannot delete qdisc with handle of zero.
11:50:47 INFO: Installed ingress police (u32) on s3-eth2 for DSCP=16 (tos=0x40) rate=2mbit burst=5kb
11:50:47 INFO: Policer installed. Running...
11:50:47 INFO: Installed ingress police (u32) on s1-eth4 for DSCP=8 (tos=0x20) rate=1mbit burst=5kb
11:50:47 ERROR: Command failed: tc qdisc del dev s4-eth1 root
rc=2 stdout= stderr=Error: Cannot delete qdisc with handle of zero.
11:50:47 INFO: Installed ingress police (u32) on s1-eth3 for DSCP=16 (tos=0x40) rate=2mbit burst=5kb
11:50:47 INFO: Policer installed. Running...
11:50:47 INFO: ingress qdisc added on s3-eth3
11:50:47 INFO: Installed ingress police (u32) on s2-eth1 for DSCP=8 (tos=0x20) rate=1mbit burst=5kb
11:50:47 INFO: Installed ingress police (u32) on s3-eth4 for DSCP=8 (tos=0x20) rate=1mbit burst=5kb
11:50:47 INFO: egress HTB installed on s3-eth1, class 1:10 rate=5mbit burst=10kb
11:50:47 INFO: Installed ingress police (u32) on s4-eth2 for DSCP=34 (tos=0x88) rate=5mbit burst=10kb
11:50:47 INFO: egress HTB installed on s2-eth2, class 1:10 rate=5mbit burst=10kb
11:50:47 INFO: Installed ingress police (u32) on s3-eth1 for DSCP=34 (tos=0x88) rate=5mbit burst=10kb
11:50:47 INFO: Installed ingress police (u32) on s1-eth4 for DSCP=16 (tos=0x40) rate=2mbit burst=5kb
11:50:47 INFO: Policer installed. Running...
11:50:47 ERROR: Command failed: tc qdisc del dev s3-eth3 root
rc=2 stdout= stderr=Error: Cannot delete qdisc with handle of zero.
11:50:47 INFO: Installed ingress police (u32) on s2-eth3 for DSCP=8 (tos=0x20) rate=1mbit burst=5kb
11:50:47 INFO: Installed ingress police (u32) on s1-eth1 for DSCP=8 (tos=0x20) rate=1mbit burst=5kb
11:50:47 INFO: egress HTB installed on s1-eth2, class 1:10 rate=5mbit burst=10kb
11:50:47 INFO: Installed ingress police (u32) on s4-eth2 for DSCP=46 (tos=0xb8) rate=10mbit burst=10kb
11:50:47 INFO: Installed ingress police (u32) on s1-eth2 for DSCP=34 (tos=0x88) rate=5mbit burst=10kb
11:50:47 INFO: Installed ingress police (u32) on s2-eth2 for DSCP=34 (tos=0x88) rate=5mbit burst=10kb
11:50:47 INFO: Installed ingress police (u32) on s2-eth1 for DSCP=16 (tos=0x40) rate=2mbit burst=5kb
11:50:47 INFO: Policer installed. Running...
11:50:47 INFO: egress HTB installed on s4-eth1, class 1:10 rate=5mbit burst=10kb
11:50:47 INFO: Installed ingress police (u32) on s1-eth1 for DSCP=16 (tos=0x40) rate=2mbit burst=5kb
11:50:47 INFO: Policer installed. Running...
11:50:47 INFO: Installed ingress police (u32) on s3-eth4 for DSCP=16 (tos=0x40) rate=2mbit burst=5kb
11:50:47 INFO: Policer installed. Running...
11:50:47 INFO: Installed ingress police (u32) on s4-eth2 for DSCP=8 (tos=0x20) rate=1mbit burst=5kb
11:50:47 INFO: Installed ingress police (u32) on s2-eth3 for DSCP=16 (tos=0x40) rate=2mbit burst=5kb
11:50:47 INFO: Policer installed. Running...
11:50:47 INFO: Installed ingress police (u32) on s1-eth2 for DSCP=46 (tos=0xb8) rate=10mbit burst=10kb
11:50:47 INFO: Installed ingress police (u32) on s3-eth1 for DSCP=46 (tos=0xb8) rate=10mbit burst=10kb
11:50:47 INFO: Installed ingress police (u32) on s4-eth1 for DSCP=34 (tos=0x88) rate=5mbit burst=10kb
11:50:47 INFO: Installed ingress police (u32) on s4-eth2 for DSCP=16 (tos=0x40) rate=2mbit burst=5kb
11:50:47 INFO: Policer installed. Running...
11:50:47 INFO: Installed ingress police (u32) on s1-eth2 for DSCP=8 (tos=0x20) rate=1mbit burst=5kb
11:50:47 INFO: egress HTB installed on s3-eth3, class 1:10 rate=5mbit burst=10kb
11:50:47 INFO: Installed ingress police (u32) on s4-eth1 for DSCP=46 (tos=0xb8) rate=10mbit burst=10kb
11:50:47 INFO: Installed ingress police (u32) on s2-eth2 for DSCP=46 (tos=0xb8) rate=10mbit burst=10kb
11:50:47 INFO: Installed ingress police (u32) on s3-eth1 for DSCP=8 (tos=0x20) rate=1mbit burst=5kb
11:50:47 INFO: Installed ingress police (u32) on s1-eth2 for DSCP=16 (tos=0x40) rate=2mbit burst=5kb
11:50:47 INFO: Installed ingress police (u32) on s2-eth2 for DSCP=8 (tos=0x20) rate=1mbit burst=5kb
11:50:47 INFO: Installed ingress police (u32) on s4-eth1 for DSCP=8 (tos=0x20) rate=1mbit burst=5kb
11:50:47 INFO: Installed ingress police (u32) on s3-eth3 for DSCP=34 (tos=0x88) rate=5mbit burst=10kb
11:50:47 INFO: Policer installed. Running...
11:50:47 INFO: Installed ingress police (u32) on s3-eth1 for DSCP=16 (tos=0x40) rate=2mbit burst=5kb
11:50:47 INFO: Policer installed. Running...
11:50:47 INFO: Installed ingress police (u32) on s2-eth2 for DSCP=16 (tos=0x40) rate=2mbit burst=5kb
11:50:47 INFO: Installed ingress police (u32) on s4-eth1 for DSCP=16 (tos=0x40) rate=2mbit burst=5kb
11:50:47 INFO: Installed ingress police (u32) on s3-eth3 for DSCP=46 (tos=0xb8) rate=10mbit burst=10kb
11:50:47 INFO: Policer installed. Running...
11:50:47 INFO: Policer installed. Running...
11:50:47 INFO: Installed ingress police (u32) on s3-eth3 for DSCP=8 (tos=0x20) rate=1mbit burst=5kb
11:50:47 INFO: Installed ingress police (u32) on s3-eth3 for DSCP=16 (tos=0x40) rate=2mbit burst=5kb
11:50:47 INFO: Policer installed. Running...
12:08:14 INFO: Received stop signal, cleaning up...
12:08:14 INFO: Received stop signal, cleaning up...
12:08:14 INFO: Received stop signal, cleaning up...
12:08:14 INFO: Received stop signal, cleaning up...
12:08:14 INFO: Received stop signal, cleaning up...
12:08:14 INFO: Received stop signal, cleaning up...
12:08:14 INFO: Received stop signal, cleaning up...
12:08:14 INFO: Received stop signal, cleaning up...
12:08:14 INFO: Received stop signal, cleaning up...
12:08:14 INFO: Received stop signal, cleaning up...
12:08:14 INFO: Received stop signal, cleaning up...
12:08:14 INFO: Received stop signal, cleaning up...
12:08:14 INFO: Received stop signal, cleaning up...
12:08:14 INFO: Received stop signal, cleaning up...
12:08:14 ERROR: Command failed: tc qdisc del dev s1-eth1 ingress
rc=2 stdout= stderr=Error: Cannot find specified qdisc on specified device.
12:08:14 ERROR: Command failed: tc qdisc del dev s4-eth3 ingress
rc=2 stdout= stderr=Error: Cannot find specified qdisc on specified device.
12:08:14 ERROR: Command failed: tc qdisc del dev s4-eth2 ingress
rc=2 stdout= stderr=Error: Cannot find specified qdisc on specified device.
12:08:14 ERROR: Command failed: tc qdisc del dev s2-eth3 ingress
rc=2 stdout= stderr=Error: Cannot find specified qdisc on specified device.
12:08:14 ERROR: Command failed: tc qdisc del dev s4-eth1 ingress
rc=2 stdout= stderr=Error: Cannot find specified qdisc on specified device.
12:08:14 ERROR: Command failed: tc qdisc del dev s3-eth3 ingress
rc=2 stdout= stderr=Error: Cannot find specified qdisc on specified device.
12:08:14 ERROR: Command failed: tc qdisc del dev s3-eth4 ingress
rc=2 stdout= stderr=Error: Cannot find specified qdisc on specified device.
12:08:14 ERROR: Command failed: tc qdisc del dev s3-eth1 ingress
rc=2 stdout= stderr=Error: Cannot find specified qdisc on specified device.
12:08:14 ERROR: Command failed: tc qdisc del dev s3-eth2 ingress
rc=2 stdout= stderr=Error: Cannot find specified qdisc on specified device.
12:08:14 ERROR: Command failed: tc qdisc del dev s1-eth4 ingress
rc=2 stdout= stderr=Error: Cannot find specified qdisc on specified device.
12:08:14 ERROR: Command failed: tc qdisc del dev s2-eth2 ingress
rc=2 stdout= stderr=Error: Cannot find specified qdisc on specified device.
12:08:14 ERROR: Command failed: tc qdisc del dev s2-eth1 ingress
rc=2 stdout= stderr=Error: Cannot find specified qdisc on specified device.
12:08:14 ERROR: Command failed: tc qdisc del dev s1-eth2 ingress
rc=2 stdout= stderr=Error: Cannot find specified qdisc on specified device.
12:08:14 ERROR: Command failed: tc qdisc del dev s4-eth1 root
rc=2 stdout= stderr=Error: Cannot delete qdisc with handle of zero.
12:08:14 INFO: cleared tc qdiscs on s4-eth1
12:08:14 ERROR: Command failed: tc qdisc del dev s1-eth4 root
rc=2 stdout= stderr=Error: Cannot delete qdisc with handle of zero.
12:08:14 ERROR: Command failed: tc qdisc del dev s3-eth1 root
rc=2 stdout= stderr=Error: Cannot delete qdisc with handle of zero.
12:08:14 INFO: cleared tc qdiscs on s1-eth4
12:08:14 INFO: cleared tc qdiscs on s3-eth1
12:08:14 ERROR: Command failed: tc qdisc del dev s4-eth2 root
rc=2 stdout= stderr=Error: Cannot delete qdisc with handle of zero.
12:08:14 INFO: cleared tc qdiscs on s4-eth2
12:08:14 ERROR: Command failed: tc qdisc del dev s1-eth3 ingress
rc=2 stdout= stderr=Error: Cannot find specified qdisc on specified device.
12:08:14 ERROR: Command failed: tc qdisc del dev s3-eth4 root
rc=2 stdout= stderr=Error: Cannot delete qdisc with handle of zero.
12:08:14 ERROR: Command failed: tc qdisc del dev s3-eth2 root
rc=2 stdout= stderr=Error: Cannot delete qdisc with handle of zero.
12:08:14 INFO: cleared tc qdiscs on s3-eth2
12:08:14 INFO: cleared tc qdiscs on s3-eth4
12:08:14 ERROR: Command failed: tc qdisc del dev s3-eth3 root
rc=2 stdout= stderr=Error: Cannot delete qdisc with handle of zero.
12:08:14 INFO: cleared tc qdiscs on s3-eth3
12:08:14 ERROR: Command failed: tc qdisc del dev s2-eth3 root
rc=2 stdout= stderr=Error: Cannot delete qdisc with handle of zero.
12:08:14 INFO: cleared tc qdiscs on s2-eth3
12:08:14 ERROR: Command failed: tc qdisc del dev s1-eth1 root
rc=2 stdout= stderr=Error: Cannot delete qdisc with handle of zero.
12:08:14 INFO: cleared tc qdiscs on s1-eth1
12:08:14 ERROR: Command failed: tc qdisc del dev s2-eth1 root
rc=2 stdout= stderr=Error: Cannot delete qdisc with handle of zero.
12:08:14 ERROR: Command failed: tc qdisc del dev s2-eth2 root
rc=2 stdout= stderr=Error: Cannot delete qdisc with handle of zero.
12:08:14 ERROR: Command failed: tc qdisc del dev s1-eth2 root
rc=2 stdout= stderr=Error: Cannot delete qdisc with handle of zero.
12:08:14 INFO: cleared tc qdiscs on s2-eth1
12:08:14 INFO: cleared tc qdiscs on s2-eth2
12:08:14 INFO: cleared tc qdiscs on s1-eth2
12:08:14 ERROR: Command failed: tc qdisc del dev s1-eth3 root
rc=2 stdout= stderr=Error: Cannot delete qdisc with handle of zero.
12:08:14 INFO: cleared tc qdiscs on s1-eth3
12:08:14 ERROR: Command failed: tc qdisc del dev s4-eth3 root
rc=2 stdout= stderr=Error: Cannot delete qdisc with handle of zero.
12:08:14 INFO: cleared tc qdiscs on s4-eth3
15:40:16 INFO: Starting policer on interface s1-eth1
15:40:16 INFO: Classes: [('HTTP', 34, '5mbit', '10kb'), ('RTP', 46, '10mbit', '10kb'), ('DNS', 8, '1mbit', '5kb'), ('SSH', 16, '2mbit', '5kb')]
15:40:16 INFO: Enable egress shaping: True
15:40:16 ERROR: Command failed: tc filter del dev s1-eth1 parent ffff:
rc=2 stdout= stderr=Error: Parent Qdisc doesn't exists.
We have an error talking to the kernel
15:40:16 ERROR: Command failed: tc qdisc del dev s1-eth1 ingress
rc=2 stdout= stderr=Error: Cannot find specified qdisc on specified device.
15:40:16 INFO: ingress qdisc added on s1-eth1
15:40:16 INFO: Starting policer on interface s3-eth3
15:40:16 INFO: Classes: [('HTTP', 34, '5mbit', '10kb'), ('RTP', 46, '10mbit', '10kb'), ('DNS', 8, '1mbit', '5kb'), ('SSH', 16, '2mbit', '5kb')]
15:40:16 INFO: Enable egress shaping: True
15:40:16 ERROR: Command failed: tc filter del dev s3-eth3 parent ffff:
rc=2 stdout= stderr=Error: Parent Qdisc doesn't exists.
We have an error talking to the kernel
15:40:16 INFO: Starting policer on interface s3-eth4
15:40:16 INFO: Classes: [('HTTP', 34, '5mbit', '10kb'), ('RTP', 46, '10mbit', '10kb'), ('DNS', 8, '1mbit', '5kb'), ('SSH', 16, '2mbit', '5kb')]
15:40:16 INFO: Enable egress shaping: True
15:40:16 ERROR: Command failed: tc filter del dev s3-eth4 parent ffff:
rc=2 stdout= stderr=Error: Parent Qdisc doesn't exists.
We have an error talking to the kernel
15:40:16 ERROR: Command failed: tc qdisc del dev s3-eth3 ingress
rc=2 stdout= stderr=Error: Cannot find specified qdisc on specified device.
15:40:16 INFO: Starting policer on interface s3-eth2
15:40:16 INFO: Classes: [('HTTP', 34, '5mbit', '10kb'), ('RTP', 46, '10mbit', '10kb'), ('DNS', 8, '1mbit', '5kb'), ('SSH', 16, '2mbit', '5kb')]
15:40:16 INFO: Enable egress shaping: True
15:40:16 INFO: egress HTB installed on s1-eth1, class 1:10 rate=5mbit burst=10kb
15:40:16 INFO: Starting policer on interface s2-eth3
15:40:16 INFO: Classes: [('HTTP', 34, '5mbit', '10kb'), ('RTP', 46, '10mbit', '10kb'), ('DNS', 8, '1mbit', '5kb'), ('SSH', 16, '2mbit', '5kb')]
15:40:16 INFO: Enable egress shaping: True
15:40:16 ERROR: Command failed: tc filter del dev s2-eth3 parent ffff:
rc=2 stdout= stderr=Error: Parent Qdisc doesn't exists.
We have an error talking to the kernel
15:40:16 ERROR: Command failed: tc qdisc del dev s3-eth4 ingress
rc=2 stdout= stderr=Error: Cannot find specified qdisc on specified device.
15:40:16 ERROR: Command failed: tc filter del dev s3-eth2 parent ffff:
rc=2 stdout= stderr=Error: Parent Qdisc doesn't exists.
We have an error talking to the kernel
15:40:16 INFO: Installed ingress police (u32) on s1-eth1 for DSCP=34 (tos=0x88) rate=5mbit burst=10kb
15:40:16 INFO: ingress qdisc added on s3-eth3
15:40:16 INFO: ingress qdisc added on s3-eth4
15:40:16 ERROR: Command failed: tc qdisc del dev s3-eth2 ingress
rc=2 stdout= stderr=Error: Cannot find specified qdisc on specified device.
15:40:16 INFO: Installed ingress police (u32) on s1-eth1 for DSCP=46 (tos=0xb8) rate=10mbit burst=10kb
15:40:16 INFO: Starting policer on interface s1-eth2
15:40:16 INFO: Classes: [('HTTP', 34, '5mbit', '10kb'), ('RTP', 46, '10mbit', '10kb'), ('DNS', 8, '1mbit', '5kb'), ('SSH', 16, '2mbit', '5kb')]
15:40:16 INFO: Enable egress shaping: True
15:40:16 INFO: Starting policer on interface s2-eth2
15:40:16 ERROR: Command failed: tc qdisc del dev s3-eth4 root
rc=2 stdout= stderr=Error: Cannot delete qdisc with handle of zero.
15:40:16 INFO: Starting policer on interface s3-eth1
15:40:16 INFO: Classes: [('HTTP', 34, '5mbit', '10kb'), ('RTP', 46, '10mbit', '10kb'), ('DNS', 8, '1mbit', '5kb'), ('SSH', 16, '2mbit', '5kb')]
15:40:16 INFO: Enable egress shaping: True
15:40:16 INFO: Classes: [('HTTP', 34, '5mbit', '10kb'), ('RTP', 46, '10mbit', '10kb'), ('DNS', 8, '1mbit', '5kb'), ('SSH', 16, '2mbit', '5kb')]
15:40:16 INFO: Enable egress shaping: True
15:40:16 INFO: ingress qdisc added on s3-eth2
15:40:16 ERROR: Command failed: tc filter del dev s3-eth1 parent ffff:
rc=2 stdout= stderr=Error: Parent Qdisc doesn't exists.
We have an error talking to the kernel
15:40:16 INFO: Starting policer on interface s2-eth1
15:40:16 INFO: Classes: [('HTTP', 34, '5mbit', '10kb'), ('RTP', 46, '10mbit', '10kb'), ('DNS', 8, '1mbit', '5kb'), ('SSH', 16, '2mbit', '5kb')]
15:40:16 INFO: Enable egress shaping: True
15:40:16 ERROR: Command failed: tc qdisc del dev s3-eth2 root
rc=2 stdout= stderr=Error: Cannot delete qdisc with handle of zero.
15:40:16 ERROR: Command failed: tc qdisc del dev s2-eth3 ingress
rc=2 stdout= stderr=Error: Cannot find specified qdisc on specified device.
15:40:16 INFO: Starting policer on interface s4-eth3
15:40:16 INFO: Classes: [('HTTP', 34, '5mbit', '10kb'), ('RTP', 46, '10mbit', '10kb'), ('DNS', 8, '1mbit', '5kb'), ('SSH', 16, '2mbit', '5kb')]
15:40:16 INFO: Enable egress shaping: True
15:40:16 INFO: Starting policer on interface s1-eth4
15:40:16 ERROR: Command failed: tc filter del dev s1-eth2 parent ffff:
rc=2 stdout= stderr=Error: Parent Qdisc doesn't exists.
We have an error talking to the kernel
15:40:16 INFO: Classes: [('HTTP', 34, '5mbit', '10kb'), ('RTP', 46, '10mbit', '10kb'), ('DNS', 8, '1mbit', '5kb'), ('SSH', 16, '2mbit', '5kb')]
15:40:16 INFO: Enable egress shaping: True
15:40:16 INFO: Installed ingress police (u32) on s1-eth1 for DSCP=8 (tos=0x20) rate=1mbit burst=5kb
15:40:16 ERROR: Command failed: tc filter del dev s4-eth3 parent ffff:
rc=2 stdout= stderr=Error: Parent Qdisc doesn't exists.
We have an error talking to the kernel
15:40:16 ERROR: Command failed: tc qdisc del dev s3-eth1 ingress
rc=2 stdout= stderr=Error: Cannot find specified qdisc on specified device.
15:40:16 ERROR: Command failed: tc filter del dev s2-eth2 parent ffff:
rc=2 stdout= stderr=Error: Parent Qdisc doesn't exists.
We have an error talking to the kernel
15:40:16 INFO: Starting policer on interface s1-eth3
15:40:16 INFO: Classes: [('HTTP', 34, '5mbit', '10kb'), ('RTP', 46, '10mbit', '10kb'), ('DNS', 8, '1mbit', '5kb'), ('SSH', 16, '2mbit', '5kb')]
15:40:16 INFO: Enable egress shaping: True
15:40:16 ERROR: Command failed: tc filter del dev s1-eth4 parent ffff:
rc=2 stdout= stderr=Error: Parent Qdisc doesn't exists.
We have an error talking to the kernel
15:40:16 ERROR: Command failed: tc qdisc del dev s1-eth2 ingress
rc=2 stdout= stderr=Error: Cannot find specified qdisc on specified device.
15:40:16 INFO: egress HTB installed on s3-eth4, class 1:10 rate=5mbit burst=10kb
15:40:16 INFO: ingress qdisc added on s3-eth1
15:40:16 ERROR: Command failed: tc qdisc del dev s1-eth4 ingress
rc=2 stdout= stderr=Error: Cannot find specified qdisc on specified device.
15:40:16 INFO: egress HTB installed on s3-eth3, class 1:10 rate=5mbit burst=10kb
15:40:16 ERROR: Command failed: tc qdisc del dev s4-eth3 ingress
rc=2 stdout= stderr=Error: Cannot find specified qdisc on specified device.
15:40:16 INFO: ingress qdisc added on s1-eth2
15:40:16 ERROR: Command failed: tc filter del dev s1-eth3 parent ffff:
rc=2 stdout= stderr=Error: Parent Qdisc doesn't exists.
We have an error talking to the kernel
15:40:16 INFO: Installed ingress police (u32) on s3-eth4 for DSCP=34 (tos=0x88) rate=5mbit burst=10kb
15:40:16 ERROR: Command failed: tc qdisc del dev s2-eth2 ingress
rc=2 stdout= stderr=Error: Cannot find specified qdisc on specified device.
15:40:16 ERROR: Command failed: tc filter del dev s2-eth1 parent ffff:
rc=2 stdout= stderr=Error: Parent Qdisc doesn't exists.
We have an error talking to the kernel
15:40:16 INFO: Starting policer on interface s4-eth2
15:40:16 ERROR: Command failed: tc qdisc add dev s3-eth2 root handle 1: htb default 10
rc=2 stdout= stderr=Error: Exclusivity flag on, cannot modify.
15:40:16 INFO: Classes: [('HTTP', 34, '5mbit', '10kb'), ('RTP', 46, '10mbit', '10kb'), ('DNS', 8, '1mbit', '5kb'), ('SSH', 16, '2mbit', '5kb')]
15:40:16 INFO: ingress qdisc added on s2-eth2
15:40:16 INFO: ingress qdisc added on s4-eth3
15:40:16 INFO: ingress qdisc added on s2-eth3
15:40:16 INFO: Starting policer on interface s4-eth1
15:40:16 INFO: Installed ingress police (u32) on s3-eth3 for DSCP=34 (tos=0x88) rate=5mbit burst=10kb
15:40:16 INFO: Classes: [('HTTP', 34, '5mbit', '10kb'), ('RTP', 46, '10mbit', '10kb'), ('DNS', 8, '1mbit', '5kb'), ('SSH', 16, '2mbit', '5kb')]
15:40:16 INFO: Enable egress shaping: True
15:40:16 INFO: Enable egress shaping: True
15:40:16 INFO: ingress qdisc added on s1-eth4
15:40:16 INFO: Installed ingress police (u32) on s3-eth3 for DSCP=46 (tos=0xb8) rate=10mbit burst=10kb
15:40:16 ERROR: Unhandled error: Command 'tc qdisc add dev s3-eth2 root handle 1: htb default 10' returned non-zero exit status 2.
Traceback (most recent call last):
  File "/home/pedromatos48/4ano/QSI/QSI-TP3/policer.py", line 129, in main
    install_policers(dev, classes, do_egress_shaping=args.shaping)
  File "/home/pedromatos48/4ano/QSI/QSI-TP3/policer.py", line 93, in install_policers
    setup_egress_shaper(dev)
  File "/home/pedromatos48/4ano/QSI/QSI-TP3/policer.py", line 72, in setup_egress_shaper
    run_cmd(f"tc qdisc add dev {dev} root handle 1: htb default 10")
  File "/home/pedromatos48/4ano/QSI/QSI-TP3/policer.py", line 29, in run_cmd
    proc = subprocess.run(cmd, shell=True, check=True, capture_output=True, text=True)
  File "/usr/lib/python3.10/subprocess.py", line 526, in run
    raise CalledProcessError(retcode, process.args,
subprocess.CalledProcessError: Command 'tc qdisc add dev s3-eth2 root handle 1: htb default 10' returned non-zero exit status 2.
15:40:16 ERROR: Command failed: tc filter del dev s4-eth1 parent ffff:
rc=2 stdout= stderr=Error: Parent Qdisc doesn't exists.
We have an error talking to the kernel
15:40:16 INFO: Installed ingress police (u32) on s3-eth4 for DSCP=46 (tos=0xb8) rate=10mbit burst=10kb
15:40:16 ERROR: Command failed: tc qdisc del dev s1-eth3 ingress
rc=2 stdout= stderr=Error: Cannot find specified qdisc on specified device.
15:40:16 ERROR: Command failed: tc filter del dev s4-eth2 parent ffff:
rc=2 stdout= stderr=Error: Parent Qdisc doesn't exists.
We have an error talking to the kernel
15:40:16 ERROR: Command failed: tc qdisc del dev s2-eth1 ingress
rc=2 stdout= stderr=Error: Cannot find specified qdisc on specified device.
15:40:16 INFO: ingress qdisc added on s2-eth1
15:40:16 INFO: Installed ingress police (u32) on s1-eth1 for DSCP=16 (tos=0x40) rate=2mbit burst=5kb
15:40:16 INFO: Policer installed. Running...
15:40:16 INFO: ingress qdisc added on s1-eth3
15:40:16 INFO: Installed ingress police (u32) on s3-eth3 for DSCP=8 (tos=0x20) rate=1mbit burst=5kb
15:40:16 INFO: egress HTB installed on s1-eth2, class 1:10 rate=5mbit burst=10kb
15:40:16 ERROR: Command failed: tc qdisc del dev s4-eth2 ingress
rc=2 stdout= stderr=Error: Cannot find specified qdisc on specified device.
15:40:16 ERROR: Command failed: tc qdisc del dev s4-eth1 ingress
rc=2 stdout= stderr=Error: Cannot find specified qdisc on specified device.
15:40:16 INFO: egress HTB installed on s3-eth1, class 1:10 rate=5mbit burst=10kb
15:40:16 INFO: Installed ingress police (u32) on s3-eth4 for DSCP=8 (tos=0x20) rate=1mbit burst=5kb
15:40:16 INFO: ingress qdisc added on s4-eth2
15:40:16 INFO: egress HTB installed on s2-eth3, class 1:10 rate=5mbit burst=10kb
15:40:16 INFO: Installed ingress police (u32) on s1-eth2 for DSCP=34 (tos=0x88) rate=5mbit burst=10kb
15:40:16 INFO: cleared tc qdiscs on s3-eth2
15:40:16 INFO: ingress qdisc added on s4-eth1
15:40:16 INFO: Installed ingress police (u32) on s3-eth4 for DSCP=16 (tos=0x40) rate=2mbit burst=5kb
15:40:16 INFO: Policer installed. Running...
15:40:16 INFO: egress HTB installed on s1-eth4, class 1:10 rate=5mbit burst=10kb
15:40:16 INFO: egress HTB installed on s2-eth2, class 1:10 rate=5mbit burst=10kb
15:40:16 INFO: Installed ingress police (u32) on s3-eth1 for DSCP=34 (tos=0x88) rate=5mbit burst=10kb
15:40:16 INFO: Installed ingress police (u32) on s2-eth3 for DSCP=34 (tos=0x88) rate=5mbit burst=10kb
15:40:16 INFO: Installed ingress police (u32) on s1-eth2 for DSCP=46 (tos=0xb8) rate=10mbit burst=10kb
15:40:16 INFO: Installed ingress police (u32) on s3-eth3 for DSCP=16 (tos=0x40) rate=2mbit burst=5kb
15:40:16 INFO: egress HTB installed on s4-eth3, class 1:10 rate=5mbit burst=10kb
15:40:16 INFO: Policer installed. Running...
15:40:16 INFO: egress HTB installed on s2-eth1, class 1:10 rate=5mbit burst=10kb
15:40:16 INFO: Installed ingress police (u32) on s2-eth2 for DSCP=34 (tos=0x88) rate=5mbit burst=10kb
15:40:16 INFO: Installed ingress police (u32) on s4-eth3 for DSCP=34 (tos=0x88) rate=5mbit burst=10kb
15:40:16 INFO: Installed ingress police (u32) on s3-eth1 for DSCP=46 (tos=0xb8) rate=10mbit burst=10kb
15:40:16 INFO: Installed ingress police (u32) on s1-eth2 for DSCP=8 (tos=0x20) rate=1mbit burst=5kb
15:40:16 INFO: Installed ingress police (u32) on s1-eth4 for DSCP=34 (tos=0x88) rate=5mbit burst=10kb
15:40:16 INFO: Installed ingress police (u32) on s2-eth3 for DSCP=46 (tos=0xb8) rate=10mbit burst=10kb
15:40:16 INFO: Installed ingress police (u32) on s2-eth2 for DSCP=46 (tos=0xb8) rate=10mbit burst=10kb
15:40:16 INFO: Installed ingress police (u32) on s1-eth2 for DSCP=16 (tos=0x40) rate=2mbit burst=5kb
15:40:16 INFO: Installed ingress police (u32) on s2-eth1 for DSCP=34 (tos=0x88) rate=5mbit burst=10kb
15:40:16 INFO: Installed ingress police (u32) on s3-eth1 for DSCP=8 (tos=0x20) rate=1mbit burst=5kb
15:40:16 INFO: Policer installed. Running...
15:40:16 INFO: Installed ingress police (u32) on s4-eth3 for DSCP=46 (tos=0xb8) rate=10mbit burst=10kb
15:40:16 INFO: Installed ingress police (u32) on s1-eth4 for DSCP=46 (tos=0xb8) rate=10mbit burst=10kb
15:40:16 INFO: egress HTB installed on s1-eth3, class 1:10 rate=5mbit burst=10kb
15:40:16 INFO: egress HTB installed on s4-eth2, class 1:10 rate=5mbit burst=10kb
15:40:16 INFO: Installed ingress police (u32) on s2-eth3 for DSCP=8 (tos=0x20) rate=1mbit burst=5kb
15:40:16 INFO: Installed ingress police (u32) on s2-eth2 for DSCP=8 (tos=0x20) rate=1mbit burst=5kb
15:40:16 INFO: egress HTB installed on s4-eth1, class 1:10 rate=5mbit burst=10kb
15:40:16 INFO: Installed ingress police (u32) on s1-eth4 for DSCP=8 (tos=0x20) rate=1mbit burst=5kb
15:40:16 INFO: Installed ingress police (u32) on s4-eth3 for DSCP=8 (tos=0x20) rate=1mbit burst=5kb
15:40:16 INFO: Installed ingress police (u32) on s1-eth3 for DSCP=34 (tos=0x88) rate=5mbit burst=10kb
15:40:16 INFO: Installed ingress police (u32) on s4-eth2 for DSCP=34 (tos=0x88) rate=5mbit burst=10kb
15:40:16 INFO: Installed ingress police (u32) on s3-eth1 for DSCP=16 (tos=0x40) rate=2mbit burst=5kb
15:40:16 INFO: Policer installed. Running...
15:40:16 INFO: Installed ingress police (u32) on s4-eth1 for DSCP=34 (tos=0x88) rate=5mbit burst=10kb
15:40:16 INFO: Installed ingress police (u32) on s2-eth3 for DSCP=16 (tos=0x40) rate=2mbit burst=5kb
15:40:16 INFO: Installed ingress police (u32) on s2-eth2 for DSCP=16 (tos=0x40) rate=2mbit burst=5kb
15:40:16 INFO: Policer installed. Running...
15:40:16 INFO: Installed ingress police (u32) on s2-eth1 for DSCP=46 (tos=0xb8) rate=10mbit burst=10kb
15:40:16 INFO: Policer installed. Running...
15:40:16 INFO: Installed ingress police (u32) on s1-eth4 for DSCP=16 (tos=0x40) rate=2mbit burst=5kb
15:40:16 INFO: Policer installed. Running...
15:40:16 INFO: Installed ingress police (u32) on s1-eth3 for DSCP=46 (tos=0xb8) rate=10mbit burst=10kb
15:40:16 INFO: Installed ingress police (u32) on s4-eth2 for DSCP=46 (tos=0xb8) rate=10mbit burst=10kb
15:40:16 INFO: Installed ingress police (u32) on s4-eth1 for DSCP=46 (tos=0xb8) rate=10mbit burst=10kb
15:40:16 INFO: Installed ingress police (u32) on s4-eth3 for DSCP=16 (tos=0x40) rate=2mbit burst=5kb
15:40:16 INFO: Policer installed. Running...
15:40:16 INFO: Installed ingress police (u32) on s2-eth1 for DSCP=8 (tos=0x20) rate=1mbit burst=5kb
15:40:16 INFO: Installed ingress police (u32) on s1-eth3 for DSCP=8 (tos=0x20) rate=1mbit burst=5kb
15:40:16 INFO: Installed ingress police (u32) on s4-eth2 for DSCP=8 (tos=0x20) rate=1mbit burst=5kb
15:40:16 INFO: Installed ingress police (u32) on s4-eth1 for DSCP=8 (tos=0x20) rate=1mbit burst=5kb
15:40:16 INFO: Installed ingress police (u32) on s2-eth1 for DSCP=16 (tos=0x40) rate=2mbit burst=5kb
15:40:16 INFO: Policer installed. Running...
15:40:16 INFO: Installed ingress police (u32) on s1-eth3 for DSCP=16 (tos=0x40) rate=2mbit burst=5kb
15:40:16 INFO: Policer installed. Running...
15:40:16 INFO: Installed ingress police (u32) on s4-eth2 for DSCP=16 (tos=0x40) rate=2mbit burst=5kb
15:40:16 INFO: Policer installed. Running...
15:40:16 INFO: Installed ingress police (u32) on s4-eth1 for DSCP=16 (tos=0x40) rate=2mbit burst=5kb
15:40:16 INFO: Policer installed. Running...
15:41:57 INFO: Received stop signal, cleaning up...
15:41:57 INFO: Received stop signal, cleaning up...
15:41:57 INFO: Received stop signal, cleaning up...
15:41:57 INFO: Received stop signal, cleaning up...
15:41:57 INFO: Received stop signal, cleaning up...
15:41:57 INFO: Received stop signal, cleaning up...
15:41:57 INFO: Received stop signal, cleaning up...
15:41:57 INFO: Received stop signal, cleaning up...
15:41:57 INFO: Received stop signal, cleaning up...
15:41:57 INFO: Received stop signal, cleaning up...
15:41:57 INFO: Received stop signal, cleaning up...
15:41:57 INFO: Received stop signal, cleaning up...
15:41:57 INFO: Received stop signal, cleaning up...
15:41:57 INFO: cleared tc qdiscs on s1-eth3
15:41:57 ERROR: Command failed: tc qdisc del dev s3-eth3 root
rc=2 stdout= stderr=Error: Cannot delete qdisc with handle of zero.
15:41:57 INFO: cleared tc qdiscs on s3-eth3
15:41:57 ERROR: Command failed: tc qdisc del dev s1-eth4 root
rc=2 stdout= stderr=Error: Cannot delete qdisc with handle of zero.
15:41:57 ERROR: Command failed: tc qdisc del dev s4-eth2 root
rc=2 stdout= stderr=Error: Cannot delete qdisc with handle of zero.
15:41:57 INFO: cleared tc qdiscs on s1-eth4
15:41:57 INFO: cleared tc qdiscs on s4-eth2
15:41:57 ERROR: Command failed: tc qdisc del dev s4-eth1 root
rc=2 stdout= stderr=Error: Cannot delete qdisc with handle of zero.
15:41:57 INFO: cleared tc qdiscs on s4-eth1
15:41:57 INFO: cleared tc qdiscs on s2-eth2
15:41:57 ERROR: Command failed: tc qdisc del dev s3-eth1 root
rc=2 stdout= stderr=Error: Cannot delete qdisc with handle of zero.
15:41:57 INFO: cleared tc qdiscs on s3-eth1
15:41:57 ERROR: Command failed: tc qdisc del dev s4-eth3 root
rc=2 stdout= stderr=Error: Cannot delete qdisc with handle of zero.
15:41:57 INFO: cleared tc qdiscs on s4-eth3
15:41:57 INFO: cleared tc qdiscs on s3-eth4
15:41:57 INFO: cleared tc qdiscs on s1-eth2
15:41:57 ERROR: Command failed: tc qdisc del dev s1-eth1 root
rc=2 stdout= stderr=Error: Cannot delete qdisc with handle of zero.
15:41:57 INFO: cleared tc qdiscs on s1-eth1
15:41:57 ERROR: Command failed: tc qdisc del dev s2-eth3 root
rc=2 stdout= stderr=Error: Cannot delete qdisc with handle of zero.
15:41:57 INFO: cleared tc qdiscs on s2-eth3
15:41:57 ERROR: Command failed: tc qdisc del dev s2-eth1 root
rc=2 stdout= stderr=Error: Cannot delete qdisc with handle of zero.
15:41:57 INFO: cleared tc qdiscs on s2-eth1
09:37:18 INFO: Starting policer on interface s1-eth1
09:37:18 INFO: Classes: [('HTTP', 34, '5mbit', '10kb'), ('RTP', 46, '10mbit', '10kb'), ('DNS', 8, '1mbit', '5kb'), ('SSH', 16, '2mbit', '5kb')]
09:37:18 INFO: Enable egress shaping: True
09:37:18 ERROR: Command failed: tc filter del dev s1-eth1 parent ffff:
rc=2 stdout= stderr=Error: Parent Qdisc doesn't exists.
We have an error talking to the kernel
09:37:18 ERROR: Command failed: tc qdisc del dev s1-eth1 ingress
rc=2 stdout= stderr=Error: Cannot find specified qdisc on specified device.
09:37:18 INFO: ingress qdisc added on s1-eth1
09:37:18 INFO: Starting policer on interface s1-eth2
09:37:18 INFO: Starting policer on interface s1-eth4
09:37:18 INFO: Classes: [('HTTP', 34, '5mbit', '10kb'), ('RTP', 46, '10mbit', '10kb'), ('DNS', 8, '1mbit', '5kb'), ('SSH', 16, '2mbit', '5kb')]
09:37:18 INFO: Enable egress shaping: True
09:37:18 INFO: Classes: [('HTTP', 34, '5mbit', '10kb'), ('RTP', 46, '10mbit', '10kb'), ('DNS', 8, '1mbit', '5kb'), ('SSH', 16, '2mbit', '5kb')]
09:37:18 INFO: Enable egress shaping: True
09:37:18 INFO: Starting policer on interface s3-eth1
09:37:18 INFO: Classes: [('HTTP', 34, '5mbit', '10kb'), ('RTP', 46, '10mbit', '10kb'), ('DNS', 8, '1mbit', '5kb'), ('SSH', 16, '2mbit', '5kb')]
09:37:18 INFO: Enable egress shaping: True
09:37:18 INFO: Starting policer on interface s1-eth3
09:37:18 INFO: Classes: [('HTTP', 34, '5mbit', '10kb'), ('RTP', 46, '10mbit', '10kb'), ('DNS', 8, '1mbit', '5kb'), ('SSH', 16, '2mbit', '5kb')]
09:37:18 INFO: Enable egress shaping: True
09:37:18 INFO: Starting policer on interface s2-eth2
09:37:18 INFO: Classes: [('HTTP', 34, '5mbit', '10kb'), ('RTP', 46, '10mbit', '10kb'), ('DNS', 8, '1mbit', '5kb'), ('SSH', 16, '2mbit', '5kb')]
09:37:18 INFO: Enable egress shaping: True
09:37:18 ERROR: Command failed: tc filter del dev s1-eth3 parent ffff:
rc=2 stdout= stderr=Error: Parent Qdisc doesn't exists.
We have an error talking to the kernel
09:37:18 ERROR: Command failed: tc filter del dev s1-eth4 parent ffff:
rc=2 stdout= stderr=Error: Parent Qdisc doesn't exists.
We have an error talking to the kernel
09:37:18 ERROR: Command failed: tc qdisc del dev s1-eth3 ingress
rc=2 stdout= stderr=Error: Cannot find specified qdisc on specified device.
09:37:18 ERROR: Command failed: tc qdisc del dev s1-eth4 ingress
rc=2 stdout= stderr=Error: Cannot find specified qdisc on specified device.
09:37:18 INFO: ingress qdisc added on s1-eth3
09:37:18 ERROR: Command failed: tc filter del dev s1-eth2 parent ffff:
rc=2 stdout= stderr=Error: Parent Qdisc doesn't exists.
We have an error talking to the kernel
09:37:18 INFO: ingress qdisc added on s1-eth4
09:37:18 ERROR: Command failed: tc qdisc del dev s1-eth2 ingress
rc=2 stdout= stderr=Error: Cannot find specified qdisc on specified device.
09:37:18 INFO: Starting policer on interface s4-eth3
09:37:18 INFO: Classes: [('HTTP', 34, '5mbit', '10kb'), ('RTP', 46, '10mbit', '10kb'), ('DNS', 8, '1mbit', '5kb'), ('SSH', 16, '2mbit', '5kb')]
09:37:18 INFO: Enable egress shaping: True
09:37:18 INFO: Starting policer on interface s4-eth1
09:37:18 INFO: Classes: [('HTTP', 34, '5mbit', '10kb'), ('RTP', 46, '10mbit', '10kb'), ('DNS', 8, '1mbit', '5kb'), ('SSH', 16, '2mbit', '5kb')]
09:37:18 INFO: Enable egress shaping: True
09:37:18 ERROR: Command failed: tc filter del dev s4-eth3 parent ffff:
rc=2 stdout= stderr=Error: Parent Qdisc doesn't exists.
We have an error talking to the kernel
09:37:18 INFO: ingress qdisc added on s1-eth2
09:37:18 ERROR: Command failed: tc qdisc del dev s4-eth3 ingress
rc=2 stdout= stderr=Error: Cannot find specified qdisc on specified device.
09:37:18 INFO: Starting policer on interface s2-eth1
09:37:18 INFO: Classes: [('HTTP', 34, '5mbit', '10kb'), ('RTP', 46, '10mbit', '10kb'), ('DNS', 8, '1mbit', '5kb'), ('SSH', 16, '2mbit', '5kb')]
09:37:18 INFO: Enable egress shaping: True
09:37:18 INFO: egress HTB installed on s1-eth4, class 1:10 rate=5mbit burst=10kb
09:37:18 ERROR: Command failed: tc filter del dev s3-eth1 parent ffff:
rc=2 stdout= stderr=Error: Parent Qdisc doesn't exists.
We have an error talking to the kernel
09:37:18 ERROR: Command failed: tc filter del dev s2-eth2 parent ffff:
rc=2 stdout= stderr=Error: Parent Qdisc doesn't exists.
We have an error talking to the kernel
09:37:18 INFO: Starting policer on interface s3-eth3
09:37:18 INFO: ingress qdisc added on s4-eth3
09:37:18 ERROR: Command failed: tc filter del dev s2-eth1 parent ffff:
rc=2 stdout= stderr=Error: Parent Qdisc doesn't exists.
We have an error talking to the kernel
09:37:18 INFO: Classes: [('HTTP', 34, '5mbit', '10kb'), ('RTP', 46, '10mbit', '10kb'), ('DNS', 8, '1mbit', '5kb'), ('SSH', 16, '2mbit', '5kb')]
09:37:18 INFO: Enable egress shaping: True
09:37:19 INFO: Starting policer on interface s2-eth3
09:37:19 INFO: Starting policer on interface s3-eth2
09:37:19 INFO: Classes: [('HTTP', 34, '5mbit', '10kb'), ('RTP', 46, '10mbit', '10kb'), ('DNS', 8, '1mbit', '5kb'), ('SSH', 16, '2mbit', '5kb')]
09:37:19 INFO: Enable egress shaping: True
09:37:19 INFO: Classes: [('HTTP', 34, '5mbit', '10kb'), ('RTP', 46, '10mbit', '10kb'), ('DNS', 8, '1mbit', '5kb'), ('SSH', 16, '2mbit', '5kb')]
09:37:19 INFO: Enable egress shaping: True
09:37:19 ERROR: Command failed: tc qdisc del dev s2-eth2 ingress
rc=2 stdout= stderr=Error: Cannot find specified qdisc on specified device.
09:37:19 ERROR: Command failed: tc qdisc del dev s3-eth1 ingress
rc=2 stdout= stderr=Error: Cannot find specified qdisc on specified device.
09:37:19 ERROR: Command failed: tc qdisc del dev s2-eth1 ingress
rc=2 stdout= stderr=Error: Cannot find specified qdisc on specified device.
09:37:19 INFO: Starting policer on interface s3-eth4
09:37:19 INFO: Classes: [('HTTP', 34, '5mbit', '10kb'), ('RTP', 46, '10mbit', '10kb'), ('DNS', 8, '1mbit', '5kb'), ('SSH', 16, '2mbit', '5kb')]
09:37:19 INFO: Starting policer on interface s4-eth2
09:37:19 INFO: Classes: [('HTTP', 34, '5mbit', '10kb'), ('RTP', 46, '10mbit', '10kb'), ('DNS', 8, '1mbit', '5kb'), ('SSH', 16, '2mbit', '5kb')]
09:37:19 INFO: Enable egress shaping: True
09:37:19 INFO: Enable egress shaping: True
09:37:19 ERROR: Command failed: tc filter del dev s2-eth3 parent ffff:
rc=2 stdout= stderr=Error: Parent Qdisc doesn't exists.
We have an error talking to the kernel
09:37:19 ERROR: Command failed: tc filter del dev s3-eth2 parent ffff:
rc=2 stdout= stderr=Error: Parent Qdisc doesn't exists.
We have an error talking to the kernel
09:37:19 ERROR: Command failed: tc filter del dev s3-eth3 parent ffff:
rc=2 stdout= stderr=Error: Parent Qdisc doesn't exists.
We have an error talking to the kernel
09:37:19 INFO: egress HTB installed on s1-eth1, class 1:10 rate=5mbit burst=10kb
09:37:19 INFO: ingress qdisc added on s3-eth1
09:37:19 INFO: Installed ingress police (u32) on s1-eth1 for DSCP=34 (tos=0x88) rate=5mbit burst=10kb
09:37:19 ERROR: Command failed: tc qdisc del dev s3-eth2 ingress
rc=2 stdout= stderr=Error: Cannot find specified qdisc on specified device.
09:37:19 ERROR: Command failed: tc filter del dev s3-eth4 parent ffff:
rc=2 stdout= stderr=Error: Parent Qdisc doesn't exists.
We have an error talking to the kernel
09:37:19 INFO: ingress qdisc added on s3-eth2
09:37:19 INFO: ingress qdisc added on s2-eth2
09:37:19 INFO: ingress qdisc added on s2-eth1
09:37:19 ERROR: Command failed: tc qdisc del dev s3-eth3 ingress
rc=2 stdout= stderr=Error: Cannot find specified qdisc on specified device.
09:37:19 INFO: Installed ingress police (u32) on s1-eth4 for DSCP=34 (tos=0x88) rate=5mbit burst=10kb
09:37:19 INFO: Installed ingress police (u32) on s1-eth1 for DSCP=46 (tos=0xb8) rate=10mbit burst=10kb
09:37:19 ERROR: Command failed: tc filter del dev s4-eth1 parent ffff:
rc=2 stdout= stderr=Error: Parent Qdisc doesn't exists.
We have an error talking to the kernel
09:37:19 ERROR: Command failed: tc qdisc del dev s3-eth4 ingress
rc=2 stdout= stderr=Error: Cannot find specified qdisc on specified device.
09:37:19 INFO: egress HTB installed on s1-eth2, class 1:10 rate=5mbit burst=10kb
09:37:19 ERROR: Command failed: tc filter del dev s4-eth2 parent ffff:
rc=2 stdout= stderr=Error: Parent Qdisc doesn't exists.
We have an error talking to the kernel
09:37:19 INFO: egress HTB installed on s1-eth3, class 1:10 rate=5mbit burst=10kb
09:37:19 ERROR: Command failed: tc qdisc del dev s2-eth3 ingress
rc=2 stdout= stderr=Error: Cannot find specified qdisc on specified device.
09:37:19 INFO: Installed ingress police (u32) on s1-eth1 for DSCP=8 (tos=0x20) rate=1mbit burst=5kb
09:37:19 INFO: egress HTB installed on s3-eth1, class 1:10 rate=5mbit burst=10kb
09:37:19 INFO: ingress qdisc added on s3-eth3
09:37:19 INFO: Installed ingress police (u32) on s1-eth2 for DSCP=34 (tos=0x88) rate=5mbit burst=10kb
09:37:19 INFO: ingress qdisc added on s3-eth4
09:37:19 INFO: Installed ingress police (u32) on s1-eth3 for DSCP=34 (tos=0x88) rate=5mbit burst=10kb
09:37:19 INFO: Installed ingress police (u32) on s1-eth2 for DSCP=46 (tos=0xb8) rate=10mbit burst=10kb
09:37:19 ERROR: Command failed: tc qdisc del dev s4-eth2 ingress
rc=2 stdout= stderr=Error: Cannot find specified qdisc on specified device.
09:37:19 INFO: Installed ingress police (u32) on s1-eth4 for DSCP=46 (tos=0xb8) rate=10mbit burst=10kb
09:37:19 INFO: egress HTB installed on s2-eth1, class 1:10 rate=5mbit burst=10kb
09:37:19 INFO: ingress qdisc added on s2-eth3
09:37:19 INFO: egress HTB installed on s4-eth3, class 1:10 rate=5mbit burst=10kb
09:37:19 INFO: Installed ingress police (u32) on s1-eth4 for DSCP=8 (tos=0x20) rate=1mbit burst=5kb
09:37:19 INFO: Installed ingress police (u32) on s2-eth1 for DSCP=34 (tos=0x88) rate=5mbit burst=10kb
09:37:19 INFO: Installed ingress police (u32) on s1-eth1 for DSCP=16 (tos=0x40) rate=2mbit burst=5kb
09:37:19 INFO: Policer installed. Running...
09:37:19 ERROR: Command failed: tc qdisc del dev s4-eth1 ingress
rc=2 stdout= stderr=Error: Cannot find specified qdisc on specified device.
09:37:19 INFO: Installed ingress police (u32) on s3-eth1 for DSCP=34 (tos=0x88) rate=5mbit burst=10kb
09:37:19 INFO: Installed ingress police (u32) on s2-eth1 for DSCP=46 (tos=0xb8) rate=10mbit burst=10kb
09:37:19 INFO: ingress qdisc added on s4-eth2
09:37:19 INFO: Installed ingress police (u32) on s1-eth2 for DSCP=8 (tos=0x20) rate=1mbit burst=5kb
09:37:19 INFO: egress HTB installed on s3-eth2, class 1:10 rate=5mbit burst=10kb
09:37:19 INFO: Installed ingress police (u32) on s4-eth3 for DSCP=34 (tos=0x88) rate=5mbit burst=10kb
09:37:19 INFO: Installed ingress police (u32) on s1-eth4 for DSCP=16 (tos=0x40) rate=2mbit burst=5kb
09:37:19 INFO: Policer installed. Running...
09:37:19 INFO: ingress qdisc added on s4-eth1
09:37:19 INFO: Installed ingress police (u32) on s3-eth1 for DSCP=46 (tos=0xb8) rate=10mbit burst=10kb
09:37:19 INFO: Installed ingress police (u32) on s1-eth3 for DSCP=46 (tos=0xb8) rate=10mbit burst=10kb
09:37:19 INFO: Installed ingress police (u32) on s2-eth1 for DSCP=8 (tos=0x20) rate=1mbit burst=5kb
09:37:19 INFO: egress HTB installed on s3-eth3, class 1:10 rate=5mbit burst=10kb
09:37:19 INFO: Installed ingress police (u32) on s4-eth3 for DSCP=46 (tos=0xb8) rate=10mbit burst=10kb
09:37:19 INFO: egress HTB installed on s2-eth2, class 1:10 rate=5mbit burst=10kb
09:37:19 INFO: Installed ingress police (u32) on s1-eth2 for DSCP=16 (tos=0x40) rate=2mbit burst=5kb
09:37:19 INFO: Policer installed. Running...
09:37:19 INFO: Installed ingress police (u32) on s3-eth2 for DSCP=34 (tos=0x88) rate=5mbit burst=10kb
09:37:19 INFO: egress HTB installed on s3-eth4, class 1:10 rate=5mbit burst=10kb
09:37:19 INFO: egress HTB installed on s2-eth3, class 1:10 rate=5mbit burst=10kb
09:37:19 INFO: Installed ingress police (u32) on s2-eth1 for DSCP=16 (tos=0x40) rate=2mbit burst=5kb
09:37:19 INFO: Policer installed. Running...
09:37:19 INFO: Installed ingress police (u32) on s3-eth2 for DSCP=46 (tos=0xb8) rate=10mbit burst=10kb
09:37:19 INFO: Installed ingress police (u32) on s1-eth3 for DSCP=8 (tos=0x20) rate=1mbit burst=5kb
09:37:19 INFO: Installed ingress police (u32) on s2-eth2 for DSCP=34 (tos=0x88) rate=5mbit burst=10kb
09:37:19 INFO: Installed ingress police (u32) on s3-eth3 for DSCP=34 (tos=0x88) rate=5mbit burst=10kb
09:37:19 INFO: Installed ingress police (u32) on s4-eth3 for DSCP=8 (tos=0x20) rate=1mbit burst=5kb
09:37:19 INFO: Installed ingress police (u32) on s3-eth1 for DSCP=8 (tos=0x20) rate=1mbit burst=5kb
09:37:19 INFO: egress HTB installed on s4-eth2, class 1:10 rate=5mbit burst=10kb
09:37:19 INFO: Installed ingress police (u32) on s3-eth4 for DSCP=34 (tos=0x88) rate=5mbit burst=10kb
09:37:19 INFO: Installed ingress police (u32) on s2-eth3 for DSCP=34 (tos=0x88) rate=5mbit burst=10kb
09:37:19 INFO: Installed ingress police (u32) on s1-eth3 for DSCP=16 (tos=0x40) rate=2mbit burst=5kb
09:37:19 INFO: Policer installed. Running...
09:37:19 INFO: Installed ingress police (u32) on s3-eth2 for DSCP=8 (tos=0x20) rate=1mbit burst=5kb
09:37:19 INFO: Installed ingress police (u32) on s2-eth2 for DSCP=46 (tos=0xb8) rate=10mbit burst=10kb
09:37:19 INFO: Installed ingress police (u32) on s3-eth1 for DSCP=16 (tos=0x40) rate=2mbit burst=5kb
09:37:19 INFO: Policer installed. Running...
09:37:19 INFO: Installed ingress police (u32) on s4-eth2 for DSCP=34 (tos=0x88) rate=5mbit burst=10kb
09:37:19 INFO: Installed ingress police (u32) on s3-eth3 for DSCP=46 (tos=0xb8) rate=10mbit burst=10kb
09:37:19 INFO: egress HTB installed on s4-eth1, class 1:10 rate=5mbit burst=10kb
09:37:19 INFO: Installed ingress police (u32) on s2-eth3 for DSCP=46 (tos=0xb8) rate=10mbit burst=10kb
09:37:19 INFO: Installed ingress police (u32) on s2-eth2 for DSCP=8 (tos=0x20) rate=1mbit burst=5kb
09:37:19 INFO: Installed ingress police (u32) on s3-eth4 for DSCP=46 (tos=0xb8) rate=10mbit burst=10kb
09:37:19 INFO: Installed ingress police (u32) on s4-eth3 for DSCP=16 (tos=0x40) rate=2mbit burst=5kb
09:37:19 INFO: Policer installed. Running...
09:37:19 INFO: Installed ingress police (u32) on s3-eth2 for DSCP=16 (tos=0x40) rate=2mbit burst=5kb
09:37:19 INFO: Policer installed. Running...
09:37:19 INFO: Installed ingress police (u32) on s3-eth3 for DSCP=8 (tos=0x20) rate=1mbit burst=5kb
09:37:19 INFO: Installed ingress police (u32) on s4-eth2 for DSCP=46 (tos=0xb8) rate=10mbit burst=10kb
09:37:19 INFO: Installed ingress police (u32) on s2-eth3 for DSCP=8 (tos=0x20) rate=1mbit burst=5kb
09:37:19 INFO: Installed ingress police (u32) on s3-eth4 for DSCP=8 (tos=0x20) rate=1mbit burst=5kb
09:37:19 INFO: Installed ingress police (u32) on s4-eth1 for DSCP=34 (tos=0x88) rate=5mbit burst=10kb
09:37:19 INFO: Installed ingress police (u32) on s2-eth2 for DSCP=16 (tos=0x40) rate=2mbit burst=5kb
09:37:19 INFO: Policer installed. Running...
09:37:19 INFO: Installed ingress police (u32) on s3-eth3 for DSCP=16 (tos=0x40) rate=2mbit burst=5kb
09:37:19 INFO: Policer installed. Running...
09:37:19 INFO: Installed ingress police (u32) on s4-eth1 for DSCP=46 (tos=0xb8) rate=10mbit burst=10kb
09:37:19 INFO: Installed ingress police (u32) on s3-eth4 for DSCP=16 (tos=0x40) rate=2mbit burst=5kb
09:37:19 INFO: Installed ingress police (u32) on s4-eth2 for DSCP=8 (tos=0x20) rate=1mbit burst=5kb
09:37:19 INFO: Policer installed. Running...
09:37:19 INFO: Installed ingress police (u32) on s2-eth3 for DSCP=16 (tos=0x40) rate=2mbit burst=5kb
09:37:19 INFO: Policer installed. Running...
09:37:19 INFO: Installed ingress police (u32) on s4-eth1 for DSCP=8 (tos=0x20) rate=1mbit burst=5kb
09:37:19 INFO: Installed ingress police (u32) on s4-eth2 for DSCP=16 (tos=0x40) rate=2mbit burst=5kb
09:37:19 INFO: Policer installed. Running...
09:37:19 INFO: Installed ingress police (u32) on s4-eth1 for DSCP=16 (tos=0x40) rate=2mbit burst=5kb
09:37:19 INFO: Policer installed. Running...
09:41:28 INFO: Starting policer on interface s3-eth3
09:41:28 INFO: Classes: [('HTTP', 34, '5mbit', '10kb'), ('RTP', 46, '10mbit', '10kb'), ('DNS', 8, '1mbit', '5kb'), ('SSH', 16, '2mbit', '5kb')]
09:41:28 INFO: Enable egress shaping: True
09:41:28 INFO: Starting policer on interface s1-eth4
09:41:28 INFO: Classes: [('HTTP', 34, '5mbit', '10kb'), ('RTP', 46, '10mbit', '10kb'), ('DNS', 8, '1mbit', '5kb'), ('SSH', 16, '2mbit', '5kb')]
09:41:28 INFO: Enable egress shaping: True
09:41:28 INFO: Starting policer on interface s1-eth2
09:41:28 INFO: Classes: [('HTTP', 34, '5mbit', '10kb'), ('RTP', 46, '10mbit', '10kb'), ('DNS', 8, '1mbit', '5kb'), ('SSH', 16, '2mbit', '5kb')]
09:41:28 INFO: Enable egress shaping: True
09:41:28 INFO: ingress qdisc added on s3-eth3
09:41:28 INFO: Starting policer on interface s1-eth3
09:41:28 INFO: Classes: [('HTTP', 34, '5mbit', '10kb'), ('RTP', 46, '10mbit', '10kb'), ('DNS', 8, '1mbit', '5kb'), ('SSH', 16, '2mbit', '5kb')]
09:41:28 INFO: Enable egress shaping: True
09:41:28 INFO: Starting policer on interface s2-eth3
09:41:28 INFO: Classes: [('HTTP', 34, '5mbit', '10kb'), ('RTP', 46, '10mbit', '10kb'), ('DNS', 8, '1mbit', '5kb'), ('SSH', 16, '2mbit', '5kb')]
09:41:28 INFO: Enable egress shaping: True
09:41:28 INFO: Starting policer on interface s4-eth3
09:41:28 INFO: Classes: [('HTTP', 34, '5mbit', '10kb'), ('RTP', 46, '10mbit', '10kb'), ('DNS', 8, '1mbit', '5kb'), ('SSH', 16, '2mbit', '5kb')]
09:41:28 INFO: Enable egress shaping: True
09:41:28 INFO: Starting policer on interface s1-eth1
09:41:28 INFO: Classes: [('HTTP', 34, '5mbit', '10kb'), ('RTP', 46, '10mbit', '10kb'), ('DNS', 8, '1mbit', '5kb'), ('SSH', 16, '2mbit', '5kb')]
09:41:28 INFO: Enable egress shaping: True
09:41:28 INFO: ingress qdisc added on s1-eth4
09:41:28 INFO: Starting policer on interface s3-eth2
09:41:28 INFO: Classes: [('HTTP', 34, '5mbit', '10kb'), ('RTP', 46, '10mbit', '10kb'), ('DNS', 8, '1mbit', '5kb'), ('SSH', 16, '2mbit', '5kb')]
09:41:28 INFO: Enable egress shaping: True
09:41:28 INFO: Starting policer on interface s4-eth1
09:41:28 INFO: Classes: [('HTTP', 34, '5mbit', '10kb'), ('RTP', 46, '10mbit', '10kb'), ('DNS', 8, '1mbit', '5kb'), ('SSH', 16, '2mbit', '5kb')]
09:41:28 INFO: Enable egress shaping: True
09:41:28 INFO: Starting policer on interface s2-eth2
09:41:28 INFO: Starting policer on interface s2-eth1
09:41:28 INFO: Classes: [('HTTP', 34, '5mbit', '10kb'), ('RTP', 46, '10mbit', '10kb'), ('DNS', 8, '1mbit', '5kb'), ('SSH', 16, '2mbit', '5kb')]
09:41:28 INFO: Enable egress shaping: True
09:41:28 INFO: Classes: [('HTTP', 34, '5mbit', '10kb'), ('RTP', 46, '10mbit', '10kb'), ('DNS', 8, '1mbit', '5kb'), ('SSH', 16, '2mbit', '5kb')]
09:41:28 INFO: Enable egress shaping: True
09:41:28 INFO: Starting policer on interface s4-eth2
09:41:28 INFO: Classes: [('HTTP', 34, '5mbit', '10kb'), ('RTP', 46, '10mbit', '10kb'), ('DNS', 8, '1mbit', '5kb'), ('SSH', 16, '2mbit', '5kb')]
09:41:28 INFO: Enable egress shaping: True
09:41:28 INFO: Starting policer on interface s3-eth1
09:41:28 INFO: Classes: [('HTTP', 34, '5mbit', '10kb'), ('RTP', 46, '10mbit', '10kb'), ('DNS', 8, '1mbit', '5kb'), ('SSH', 16, '2mbit', '5kb')]
09:41:28 INFO: Enable egress shaping: True
09:41:28 INFO: Starting policer on interface s3-eth4
09:41:28 INFO: Classes: [('HTTP', 34, '5mbit', '10kb'), ('RTP', 46, '10mbit', '10kb'), ('DNS', 8, '1mbit', '5kb'), ('SSH', 16, '2mbit', '5kb')]
09:41:28 INFO: Enable egress shaping: True
09:41:28 ERROR: Command failed: tc qdisc add dev s3-eth3 root handle 1: htb default 10
rc=2 stdout= stderr=Error: Exclusivity flag on, cannot modify.
09:41:28 ERROR: Unhandled error: Command 'tc qdisc add dev s3-eth3 root handle 1: htb default 10' returned non-zero exit status 2.
Traceback (most recent call last):
  File "/home/pedromatos48/4ano/QSI/QSI-TP3/policer.py", line 129, in main
    install_policers(dev, classes, do_egress_shaping=args.shaping)
  File "/home/pedromatos48/4ano/QSI/QSI-TP3/policer.py", line 93, in install_policers
    setup_egress_shaper(dev)
  File "/home/pedromatos48/4ano/QSI/QSI-TP3/policer.py", line 72, in setup_egress_shaper
    run_cmd(f"tc qdisc add dev {dev} root handle 1: htb default 10")
  File "/home/pedromatos48/4ano/QSI/QSI-TP3/policer.py", line 29, in run_cmd
    proc = subprocess.run(cmd, shell=True, check=True, capture_output=True, text=True)
  File "/usr/lib/python3.10/subprocess.py", line 526, in run
    raise CalledProcessError(retcode, process.args,
subprocess.CalledProcessError: Command 'tc qdisc add dev s3-eth3 root handle 1: htb default 10' returned non-zero exit status 2.
09:41:28 INFO: ingress qdisc added on s2-eth3
09:41:28 INFO: ingress qdisc added on s2-eth1
09:41:28 ERROR: Command failed: tc class add dev s1-eth4 parent 1: classid 1:10 htb rate 5mbit burst 10kb
rc=2 stdout= stderr=RTNETLINK answers: Operation not supported
09:41:28 ERROR: Unhandled error: Command 'tc class add dev s1-eth4 parent 1: classid 1:10 htb rate 5mbit burst 10kb' returned non-zero exit status 2.
Traceback (most recent call last):
  File "/home/pedromatos48/4ano/QSI/QSI-TP3/policer.py", line 129, in main
    install_policers(dev, classes, do_egress_shaping=args.shaping)
  File "/home/pedromatos48/4ano/QSI/QSI-TP3/policer.py", line 93, in install_policers
    setup_egress_shaper(dev)
  File "/home/pedromatos48/4ano/QSI/QSI-TP3/policer.py", line 73, in setup_egress_shaper
    run_cmd(f"tc class add dev {dev} parent 1: classid 1:10 htb rate {default_rate} burst {default_burst}")
  File "/home/pedromatos48/4ano/QSI/QSI-TP3/policer.py", line 29, in run_cmd
    proc = subprocess.run(cmd, shell=True, check=True, capture_output=True, text=True)
  File "/usr/lib/python3.10/subprocess.py", line 526, in run
    raise CalledProcessError(retcode, process.args,
subprocess.CalledProcessError: Command 'tc class add dev s1-eth4 parent 1: classid 1:10 htb rate 5mbit burst 10kb' returned non-zero exit status 2.
09:41:28 INFO: ingress qdisc added on s4-eth3
09:41:28 INFO: ingress qdisc added on s1-eth3
09:41:28 INFO: ingress qdisc added on s3-eth2
09:41:28 INFO: ingress qdisc added on s1-eth2
09:41:28 INFO: ingress qdisc added on s3-eth4
09:41:28 INFO: ingress qdisc added on s3-eth1
09:41:28 INFO: ingress qdisc added on s4-eth1
09:41:28 INFO: cleared tc qdiscs on s3-eth3
09:41:28 INFO: cleared tc qdiscs on s1-eth4
09:41:28 INFO: ingress qdisc added on s1-eth1
09:41:28 INFO: ingress qdisc added on s2-eth2
09:41:28 INFO: egress HTB installed on s2-eth3, class 1:10 rate=5mbit burst=10kb
09:41:28 INFO: egress HTB installed on s2-eth1, class 1:10 rate=5mbit burst=10kb
09:41:28 INFO: egress HTB installed on s4-eth3, class 1:10 rate=5mbit burst=10kb
09:41:28 INFO: Installed ingress police (u32) on s4-eth3 for DSCP=34 (tos=0x88) rate=5mbit burst=10kb
09:41:28 INFO: Installed ingress police (u32) on s2-eth1 for DSCP=34 (tos=0x88) rate=5mbit burst=10kb
09:41:28 INFO: Installed ingress police (u32) on s4-eth3 for DSCP=46 (tos=0xb8) rate=10mbit burst=10kb
09:41:28 INFO: egress HTB installed on s3-eth4, class 1:10 rate=5mbit burst=10kb
09:41:28 INFO: egress HTB installed on s2-eth2, class 1:10 rate=5mbit burst=10kb
09:41:28 INFO: ingress qdisc added on s4-eth2
09:41:28 INFO: Installed ingress police (u32) on s2-eth3 for DSCP=34 (tos=0x88) rate=5mbit burst=10kb
09:41:28 INFO: Installed ingress police (u32) on s4-eth3 for DSCP=8 (tos=0x20) rate=1mbit burst=5kb
09:41:28 INFO: Installed ingress police (u32) on s2-eth1 for DSCP=46 (tos=0xb8) rate=10mbit burst=10kb
09:41:28 INFO: egress HTB installed on s1-eth2, class 1:10 rate=5mbit burst=10kb
09:41:28 INFO: egress HTB installed on s1-eth3, class 1:10 rate=5mbit burst=10kb
09:41:28 INFO: egress HTB installed on s3-eth1, class 1:10 rate=5mbit burst=10kb
09:41:28 INFO: Installed ingress police (u32) on s3-eth4 for DSCP=34 (tos=0x88) rate=5mbit burst=10kb
09:41:28 INFO: Installed ingress police (u32) on s4-eth3 for DSCP=16 (tos=0x40) rate=2mbit burst=5kb
09:41:28 INFO: egress HTB installed on s4-eth1, class 1:10 rate=5mbit burst=10kb
09:41:28 INFO: Policer installed. Running...
09:41:28 INFO: Installed ingress police (u32) on s2-eth3 for DSCP=46 (tos=0xb8) rate=10mbit burst=10kb
09:41:28 INFO: egress HTB installed on s3-eth2, class 1:10 rate=5mbit burst=10kb
09:41:28 INFO: Installed ingress police (u32) on s2-eth2 for DSCP=34 (tos=0x88) rate=5mbit burst=10kb
09:41:28 INFO: Installed ingress police (u32) on s1-eth2 for DSCP=34 (tos=0x88) rate=5mbit burst=10kb
09:41:28 INFO: Installed ingress police (u32) on s2-eth1 for DSCP=8 (tos=0x20) rate=1mbit burst=5kb
09:41:28 INFO: Installed ingress police (u32) on s4-eth1 for DSCP=34 (tos=0x88) rate=5mbit burst=10kb
09:41:28 INFO: Installed ingress police (u32) on s1-eth3 for DSCP=34 (tos=0x88) rate=5mbit burst=10kb
09:41:28 INFO: Installed ingress police (u32) on s3-eth4 for DSCP=46 (tos=0xb8) rate=10mbit burst=10kb
09:41:28 INFO: Installed ingress police (u32) on s2-eth3 for DSCP=8 (tos=0x20) rate=1mbit burst=5kb
09:41:28 INFO: Installed ingress police (u32) on s3-eth2 for DSCP=34 (tos=0x88) rate=5mbit burst=10kb
09:41:28 INFO: Installed ingress police (u32) on s2-eth2 for DSCP=46 (tos=0xb8) rate=10mbit burst=10kb
09:41:28 INFO: Installed ingress police (u32) on s3-eth1 for DSCP=34 (tos=0x88) rate=5mbit burst=10kb
09:41:28 INFO: Installed ingress police (u32) on s1-eth2 for DSCP=46 (tos=0xb8) rate=10mbit burst=10kb
09:41:28 INFO: Installed ingress police (u32) on s2-eth1 for DSCP=16 (tos=0x40) rate=2mbit burst=5kb
09:41:28 INFO: Installed ingress police (u32) on s2-eth3 for DSCP=16 (tos=0x40) rate=2mbit burst=5kb
09:41:28 INFO: Policer installed. Running...
09:41:28 INFO: Policer installed. Running...
09:41:28 INFO: egress HTB installed on s1-eth1, class 1:10 rate=5mbit burst=10kb
09:41:28 INFO: Installed ingress police (u32) on s2-eth2 for DSCP=8 (tos=0x20) rate=1mbit burst=5kb
09:41:28 INFO: Installed ingress police (u32) on s3-eth2 for DSCP=46 (tos=0xb8) rate=10mbit burst=10kb
09:41:28 INFO: Installed ingress police (u32) on s3-eth4 for DSCP=8 (tos=0x20) rate=1mbit burst=5kb
09:41:28 INFO: Installed ingress police (u32) on s1-eth3 for DSCP=46 (tos=0xb8) rate=10mbit burst=10kb
09:41:28 INFO: Installed ingress police (u32) on s3-eth1 for DSCP=46 (tos=0xb8) rate=10mbit burst=10kb
09:41:28 INFO: egress HTB installed on s4-eth2, class 1:10 rate=5mbit burst=10kb
09:41:28 INFO: Installed ingress police (u32) on s1-eth2 for DSCP=8 (tos=0x20) rate=1mbit burst=5kb
09:41:28 INFO: Installed ingress police (u32) on s1-eth1 for DSCP=34 (tos=0x88) rate=5mbit burst=10kb
09:41:28 INFO: Installed ingress police (u32) on s3-eth4 for DSCP=16 (tos=0x40) rate=2mbit burst=5kb
09:41:28 INFO: Installed ingress police (u32) on s3-eth1 for DSCP=8 (tos=0x20) rate=1mbit burst=5kb
09:41:28 INFO: Policer installed. Running...
09:41:28 INFO: Installed ingress police (u32) on s4-eth1 for DSCP=46 (tos=0xb8) rate=10mbit burst=10kb
09:41:28 INFO: Installed ingress police (u32) on s1-eth3 for DSCP=8 (tos=0x20) rate=1mbit burst=5kb
09:41:28 INFO: Installed ingress police (u32) on s3-eth2 for DSCP=8 (tos=0x20) rate=1mbit burst=5kb
09:41:28 INFO: Installed ingress police (u32) on s2-eth2 for DSCP=16 (tos=0x40) rate=2mbit burst=5kb
09:41:28 INFO: Policer installed. Running...
09:41:28 INFO: Installed ingress police (u32) on s1-eth2 for DSCP=16 (tos=0x40) rate=2mbit burst=5kb
09:41:28 INFO: Policer installed. Running...
09:41:28 INFO: Installed ingress police (u32) on s4-eth2 for DSCP=34 (tos=0x88) rate=5mbit burst=10kb
09:41:28 INFO: Installed ingress police (u32) on s3-eth1 for DSCP=16 (tos=0x40) rate=2mbit burst=5kb
09:41:28 INFO: Policer installed. Running...
09:41:28 INFO: Installed ingress police (u32) on s1-eth1 for DSCP=46 (tos=0xb8) rate=10mbit burst=10kb
09:41:28 INFO: Installed ingress police (u32) on s4-eth1 for DSCP=8 (tos=0x20) rate=1mbit burst=5kb
09:41:28 INFO: Installed ingress police (u32) on s3-eth2 for DSCP=16 (tos=0x40) rate=2mbit burst=5kb
09:41:28 INFO: Policer installed. Running...
09:41:28 INFO: Installed ingress police (u32) on s1-eth3 for DSCP=16 (tos=0x40) rate=2mbit burst=5kb
09:41:28 INFO: Policer installed. Running...
09:41:28 INFO: Installed ingress police (u32) on s4-eth2 for DSCP=46 (tos=0xb8) rate=10mbit burst=10kb
09:41:28 INFO: Installed ingress police (u32) on s1-eth1 for DSCP=8 (tos=0x20) rate=1mbit burst=5kb
09:41:28 INFO: Installed ingress police (u32) on s4-eth1 for DSCP=16 (tos=0x40) rate=2mbit burst=5kb
09:41:28 INFO: Policer installed. Running...
09:41:28 INFO: Installed ingress police (u32) on s4-eth2 for DSCP=8 (tos=0x20) rate=1mbit burst=5kb
09:41:28 INFO: Installed ingress police (u32) on s1-eth1 for DSCP=16 (tos=0x40) rate=2mbit burst=5kb
09:41:28 INFO: Policer installed. Running...
09:41:28 INFO: Installed ingress police (u32) on s4-eth2 for DSCP=16 (tos=0x40) rate=2mbit burst=5kb
09:41:28 INFO: Policer installed. Running...
09:47:58 INFO: Received stop signal, cleaning up...
09:47:58 INFO: Received stop signal, cleaning up...
09:47:58 INFO: Received stop signal, cleaning up...
09:47:58 INFO: Received stop signal, cleaning up...
09:47:58 INFO: Received stop signal, cleaning up...
09:47:58 INFO: Received stop signal, cleaning up...
09:47:58 INFO: Received stop signal, cleaning up...
09:47:58 INFO: Received stop signal, cleaning up...
09:47:58 INFO: Received stop signal, cleaning up...
09:47:58 INFO: Received stop signal, cleaning up...
09:47:58 INFO: Received stop signal, cleaning up...
09:47:58 INFO: Received stop signal, cleaning up...
09:47:58 ERROR: Command failed: tc qdisc del dev s2-eth3 root
rc=2 stdout= stderr=Error: Cannot delete qdisc with handle of zero.
09:47:58 INFO: cleared tc qdiscs on s2-eth3
09:47:58 ERROR: Command failed: tc qdisc del dev s2-eth1 root
rc=2 stdout= stderr=Error: Cannot delete qdisc with handle of zero.
09:47:58 INFO: cleared tc qdiscs on s2-eth1
09:47:58 INFO: cleared tc qdiscs on s3-eth2
09:47:58 INFO: cleared tc qdiscs on s3-eth4
09:47:58 ERROR: Command failed: tc qdisc del dev s1-eth3 root
rc=2 stdout= stderr=Error: Cannot delete qdisc with handle of zero.
09:47:58 INFO: cleared tc qdiscs on s1-eth3
09:47:58 ERROR: Command failed: tc qdisc del dev s4-eth1 root
rc=2 stdout= stderr=Error: Cannot delete qdisc with handle of zero.
09:47:58 INFO: cleared tc qdiscs on s4-eth1
09:47:58 ERROR: Command failed: tc qdisc del dev s3-eth1 root
rc=2 stdout= stderr=Error: Cannot delete qdisc with handle of zero.
09:47:58 INFO: cleared tc qdiscs on s3-eth1
09:47:58 ERROR: Command failed: tc qdisc del dev s1-eth2 root
rc=2 stdout= stderr=Error: Cannot delete qdisc with handle of zero.
09:47:58 INFO: cleared tc qdiscs on s1-eth2
09:47:58 ERROR: Command failed: tc qdisc del dev s4-eth2 root
rc=2 stdout= stderr=Error: Cannot delete qdisc with handle of zero.
09:47:58 INFO: cleared tc qdiscs on s4-eth2
09:47:58 ERROR: Command failed: tc qdisc del dev s1-eth1 root
rc=2 stdout= stderr=Error: Cannot delete qdisc with handle of zero.
09:47:58 INFO: cleared tc qdiscs on s1-eth1
09:47:58 ERROR: Command failed: tc qdisc del dev s2-eth2 root
rc=2 stdout= stderr=Error: Cannot delete qdisc with handle of zero.
09:47:58 INFO: cleared tc qdiscs on s2-eth2
09:47:58 ERROR: Command failed: tc qdisc del dev s4-eth3 root
rc=2 stdout= stderr=Error: Cannot delete qdisc with handle of zero.
09:47:58 INFO: cleared tc qdiscs on s4-eth3
09:48:46 INFO: Received stop signal, cleaning up...
09:48:46 INFO: Received stop signal, cleaning up...
09:48:46 INFO: Received stop signal, cleaning up...
09:48:46 INFO: Received stop signal, cleaning up...
09:48:46 INFO: Received stop signal, cleaning up...
09:48:46 INFO: Received stop signal, cleaning up...
09:48:46 INFO: Received stop signal, cleaning up...
09:48:46 INFO: Received stop signal, cleaning up...
09:48:46 INFO: Received stop signal, cleaning up...
09:48:46 INFO: Received stop signal, cleaning up...
09:48:46 INFO: Received stop signal, cleaning up...
09:48:46 INFO: Received stop signal, cleaning up...
09:48:46 INFO: Received stop signal, cleaning up...
09:48:46 INFO: Received stop signal, cleaning up...
09:48:46 ERROR: Command failed: tc qdisc del dev s1-eth1 ingress
rc=2 stdout= stderr=Error: Invalid handle.
09:48:46 ERROR: Command failed: tc qdisc del dev s3-eth3 ingress
rc=2 stdout= stderr=Error: Invalid handle.
09:48:46 ERROR: Command failed: tc qdisc del dev s3-eth1 ingress
rc=2 stdout= stderr=Error: Invalid handle.
09:48:46 ERROR: Command failed: tc qdisc del dev s2-eth1 ingress
rc=2 stdout= stderr=Error: Invalid handle.
09:48:46 ERROR: Command failed: tc qdisc del dev s1-eth2 ingress
rc=2 stdout= stderr=Error: Invalid handle.
09:48:46 ERROR: Command failed: tc qdisc del dev s2-eth3 ingress
rc=2 stdout= stderr=Error: Invalid handle.
09:48:46 ERROR: Command failed: tc qdisc del dev s1-eth4 ingress
rc=2 stdout= stderr=Error: Invalid handle.
09:48:46 ERROR: Command failed: tc qdisc del dev s4-eth3 ingress
rc=2 stdout= stderr=Error: Invalid handle.
09:48:46 ERROR: Command failed: tc qdisc del dev s3-eth2 ingress
rc=2 stdout= stderr=Error: Invalid handle.
09:48:46 ERROR: Command failed: tc qdisc del dev s2-eth2 ingress
rc=2 stdout= stderr=Error: Invalid handle.
09:48:46 ERROR: Command failed: tc qdisc del dev s1-eth3 ingress
rc=2 stdout= stderr=Error: Invalid handle.
09:48:46 ERROR: Command failed: tc qdisc del dev s3-eth4 ingress
rc=2 stdout= stderr=Error: Invalid handle.
09:48:46 ERROR: Command failed: tc qdisc del dev s2-eth3 root
rc=2 stdout= stderr=Error: Cannot delete qdisc with handle of zero.
09:48:46 INFO: cleared tc qdiscs on s2-eth3
09:48:46 ERROR: Command failed: tc qdisc del dev s4-eth2 ingress
rc=2 stdout= stderr=Error: Invalid handle.
09:48:46 ERROR: Command failed: tc qdisc del dev s3-eth3 root
rc=2 stdout= stderr=Error: Cannot delete qdisc with handle of zero.
09:48:46 ERROR: Command failed: tc qdisc del dev s3-eth2 root
rc=2 stdout= stderr=Error: Cannot delete qdisc with handle of zero.
09:48:46 INFO: cleared tc qdiscs on s3-eth3
09:48:46 ERROR: Command failed: tc qdisc del dev s4-eth1 ingress
rc=2 stdout= stderr=Error: Invalid handle.
09:48:46 ERROR: Command failed: tc qdisc del dev s4-eth3 root
rc=2 stdout= stderr=Error: Cannot delete qdisc with handle of zero.
09:48:46 INFO: cleared tc qdiscs on s4-eth3
09:48:46 ERROR: Command failed: tc qdisc del dev s2-eth2 root
rc=2 stdout= stderr=Error: Cannot delete qdisc with handle of zero.
09:48:46 INFO: cleared tc qdiscs on s2-eth2
09:48:46 ERROR: Command failed: tc qdisc del dev s1-eth1 root
rc=2 stdout= stderr=Error: Cannot delete qdisc with handle of zero.
09:48:46 INFO: cleared tc qdiscs on s1-eth1
09:48:46 ERROR: Command failed: tc qdisc del dev s4-eth1 root
rc=2 stdout= stderr=Error: Cannot delete qdisc with handle of zero.
09:48:46 INFO: cleared tc qdiscs on s4-eth1
09:48:46 ERROR: Command failed: tc qdisc del dev s3-eth1 root
rc=2 stdout= stderr=Error: Cannot delete qdisc with handle of zero.
09:48:46 INFO: cleared tc qdiscs on s3-eth1
09:48:46 ERROR: Command failed: tc qdisc del dev s2-eth1 root
rc=2 stdout= stderr=Error: Cannot delete qdisc with handle of zero.
09:48:46 INFO: cleared tc qdiscs on s3-eth2
09:48:46 INFO: cleared tc qdiscs on s2-eth1
09:48:46 ERROR: Command failed: tc qdisc del dev s1-eth3 root
rc=1 stdout= stderr=Cannot find device "s1-eth3"
09:48:46 INFO: cleared tc qdiscs on s1-eth3
09:48:46 ERROR: Command failed: tc qdisc del dev s1-eth2 root
rc=1 stdout= stderr=Cannot find device "s1-eth2"
09:48:46 INFO: cleared tc qdiscs on s1-eth2
09:48:46 ERROR: Command failed: tc qdisc del dev s4-eth2 root
rc=1 stdout= stderr=Cannot find device "s4-eth2"
09:48:46 INFO: cleared tc qdiscs on s4-eth2
09:48:46 ERROR: Command failed: tc qdisc del dev s3-eth4 root
rc=1 stdout= stderr=Cannot find device "s3-eth4"
09:48:46 INFO: cleared tc qdiscs on s3-eth4
09:48:46 ERROR: Command failed: tc qdisc del dev s1-eth4 root
rc=1 stdout= stderr=Cannot find device "s1-eth4"
09:48:46 INFO: cleared tc qdiscs on s1-eth4
09:49:13 INFO: Starting policer on interface s1-eth2
09:49:13 INFO: Classes: [('HTTP', 34, '5mbit', '10kb'), ('RTP', 46, '10mbit', '10kb'), ('DNS', 8, '1mbit', '5kb'), ('SSH', 16, '2mbit', '5kb')]
09:49:13 INFO: Enable egress shaping: True
09:49:13 ERROR: Command failed: tc filter del dev s1-eth2 parent ffff:
rc=2 stdout= stderr=Error: Parent Qdisc doesn't exists.
We have an error talking to the kernel
09:49:14 INFO: Starting policer on interface s1-eth1
09:49:14 INFO: Classes: [('HTTP', 34, '5mbit', '10kb'), ('RTP', 46, '10mbit', '10kb'), ('DNS', 8, '1mbit', '5kb'), ('SSH', 16, '2mbit', '5kb')]
09:49:14 INFO: Enable egress shaping: True
09:49:14 ERROR: Command failed: tc qdisc del dev s1-eth2 ingress
rc=2 stdout= stderr=Error: Cannot find specified qdisc on specified device.
09:49:14 INFO: Starting policer on interface s1-eth4
09:49:14 INFO: Classes: [('HTTP', 34, '5mbit', '10kb'), ('RTP', 46, '10mbit', '10kb'), ('DNS', 8, '1mbit', '5kb'), ('SSH', 16, '2mbit', '5kb')]
09:49:14 INFO: Enable egress shaping: True
09:49:14 INFO: ingress qdisc added on s1-eth2
09:49:14 ERROR: Command failed: tc filter del dev s1-eth1 parent ffff:
rc=2 stdout= stderr=Error: Parent Qdisc doesn't exists.
We have an error talking to the kernel
09:49:14 ERROR: Command failed: tc qdisc del dev s1-eth2 root
rc=2 stdout= stderr=Error: Cannot delete qdisc with handle of zero.
09:49:14 ERROR: Command failed: tc qdisc del dev s1-eth1 ingress
rc=2 stdout= stderr=Error: Cannot find specified qdisc on specified device.
09:49:14 INFO: Starting policer on interface s2-eth2
09:49:14 ERROR: Command failed: tc qdisc add dev s1-eth2 root handle 1: htb default 10
rc=2 stdout= stderr=Error: Exclusivity flag on, cannot modify.
09:49:14 ERROR: Unhandled error: Command 'tc qdisc add dev s1-eth2 root handle 1: htb default 10' returned non-zero exit status 2.
Traceback (most recent call last):
  File "/home/pedromatos48/4ano/QSI/QSI-TP3/policer.py", line 129, in main
    install_policers(dev, classes, do_egress_shaping=args.shaping)
  File "/home/pedromatos48/4ano/QSI/QSI-TP3/policer.py", line 93, in install_policers
    setup_egress_shaper(dev)
  File "/home/pedromatos48/4ano/QSI/QSI-TP3/policer.py", line 72, in setup_egress_shaper
    run_cmd(f"tc qdisc add dev {dev} root handle 1: htb default 10")
  File "/home/pedromatos48/4ano/QSI/QSI-TP3/policer.py", line 29, in run_cmd
    proc = subprocess.run(cmd, shell=True, check=True, capture_output=True, text=True)
  File "/usr/lib/python3.10/subprocess.py", line 526, in run
    raise CalledProcessError(retcode, process.args,
subprocess.CalledProcessError: Command 'tc qdisc add dev s1-eth2 root handle 1: htb default 10' returned non-zero exit status 2.
09:49:14 INFO: Classes: [('HTTP', 34, '5mbit', '10kb'), ('RTP', 46, '10mbit', '10kb'), ('DNS', 8, '1mbit', '5kb'), ('SSH', 16, '2mbit', '5kb')]
09:49:14 ERROR: Command failed: tc filter del dev s1-eth4 parent ffff:
rc=2 stdout= stderr=Error: Parent Qdisc doesn't exists.
We have an error talking to the kernel
09:49:14 INFO: ingress qdisc added on s1-eth1
09:49:14 INFO: Enable egress shaping: True
09:49:14 INFO: Starting policer on interface s4-eth3
09:49:14 INFO: Starting policer on interface s3-eth1
09:49:14 INFO: Classes: [('HTTP', 34, '5mbit', '10kb'), ('RTP', 46, '10mbit', '10kb'), ('DNS', 8, '1mbit', '5kb'), ('SSH', 16, '2mbit', '5kb')]
09:49:14 INFO: Enable egress shaping: True
09:49:14 ERROR: Command failed: tc qdisc del dev s1-eth4 ingress
rc=2 stdout= stderr=Error: Cannot find specified qdisc on specified device.
09:49:14 INFO: Classes: [('HTTP', 34, '5mbit', '10kb'), ('RTP', 46, '10mbit', '10kb'), ('DNS', 8, '1mbit', '5kb'), ('SSH', 16, '2mbit', '5kb')]
09:49:14 INFO: Enable egress shaping: True
09:49:14 INFO: Starting policer on interface s3-eth4
09:49:14 INFO: Classes: [('HTTP', 34, '5mbit', '10kb'), ('RTP', 46, '10mbit', '10kb'), ('DNS', 8, '1mbit', '5kb'), ('SSH', 16, '2mbit', '5kb')]
09:49:14 INFO: Enable egress shaping: True
09:49:14 ERROR: Command failed: tc filter del dev s2-eth2 parent ffff:
rc=2 stdout= stderr=Error: Parent Qdisc doesn't exists.
We have an error talking to the kernel
09:49:14 INFO: Starting policer on interface s2-eth1
09:49:14 INFO: Classes: [('HTTP', 34, '5mbit', '10kb'), ('RTP', 46, '10mbit', '10kb'), ('DNS', 8, '1mbit', '5kb'), ('SSH', 16, '2mbit', '5kb')]
09:49:14 INFO: Enable egress shaping: True
09:49:14 INFO: Starting policer on interface s2-eth3
09:49:14 INFO: Classes: [('HTTP', 34, '5mbit', '10kb'), ('RTP', 46, '10mbit', '10kb'), ('DNS', 8, '1mbit', '5kb'), ('SSH', 16, '2mbit', '5kb')]
09:49:14 INFO: Enable egress shaping: True
09:49:14 ERROR: Command failed: tc qdisc del dev s2-eth2 ingress
rc=2 stdout= stderr=Error: Cannot find specified qdisc on specified device.
09:49:14 INFO: Starting policer on interface s4-eth1
09:49:14 INFO: Classes: [('HTTP', 34, '5mbit', '10kb'), ('RTP', 46, '10mbit', '10kb'), ('DNS', 8, '1mbit', '5kb'), ('SSH', 16, '2mbit', '5kb')]
09:49:14 INFO: Enable egress shaping: True
09:49:14 INFO: Starting policer on interface s1-eth3
09:49:14 INFO: Classes: [('HTTP', 34, '5mbit', '10kb'), ('RTP', 46, '10mbit', '10kb'), ('DNS', 8, '1mbit', '5kb'), ('SSH', 16, '2mbit', '5kb')]
09:49:14 INFO: Enable egress shaping: True
09:49:14 ERROR: Command failed: tc filter del dev s4-eth3 parent ffff:
rc=2 stdout= stderr=Error: Parent Qdisc doesn't exists.
We have an error talking to the kernel
09:49:14 INFO: egress HTB installed on s1-eth1, class 1:10 rate=5mbit burst=10kb
09:49:14 INFO: Starting policer on interface s3-eth3
09:49:14 INFO: Classes: [('HTTP', 34, '5mbit', '10kb'), ('RTP', 46, '10mbit', '10kb'), ('DNS', 8, '1mbit', '5kb'), ('SSH', 16, '2mbit', '5kb')]
09:49:14 INFO: Enable egress shaping: True
09:49:14 INFO: cleared tc qdiscs on s1-eth2
09:49:14 ERROR: Command failed: tc filter del dev s3-eth4 parent ffff:
rc=2 stdout= stderr=Error: Parent Qdisc doesn't exists.
We have an error talking to the kernel
09:49:14 INFO: Starting policer on interface s4-eth2
09:49:14 INFO: Classes: [('HTTP', 34, '5mbit', '10kb'), ('RTP', 46, '10mbit', '10kb'), ('DNS', 8, '1mbit', '5kb'), ('SSH', 16, '2mbit', '5kb')]
09:49:14 INFO: ingress qdisc added on s1-eth4
09:49:14 INFO: Enable egress shaping: True
09:49:14 ERROR: Command failed: tc filter del dev s3-eth1 parent ffff:
rc=2 stdout= stderr=Error: Parent Qdisc doesn't exists.
We have an error talking to the kernel
09:49:14 ERROR: Command failed: tc filter del dev s2-eth1 parent ffff:
rc=2 stdout= stderr=Error: Parent Qdisc doesn't exists.
We have an error talking to the kernel
09:49:14 ERROR: Command failed: tc filter del dev s3-eth3 parent ffff:
rc=2 stdout= stderr=Error: Parent Qdisc doesn't exists.
We have an error talking to the kernel
09:49:14 INFO: Installed ingress police (u32) on s1-eth1 for DSCP=34 (tos=0x88) rate=5mbit burst=10kb
09:49:14 ERROR: Command failed: tc filter del dev s2-eth3 parent ffff:
rc=2 stdout= stderr=Error: Parent Qdisc doesn't exists.
We have an error talking to the kernel
09:49:14 ERROR: Command failed: tc qdisc del dev s3-eth1 ingress
rc=2 stdout= stderr=Error: Cannot find specified qdisc on specified device.
09:49:14 ERROR: Command failed: tc filter del dev s4-eth2 parent ffff:
rc=2 stdout= stderr=Error: Parent Qdisc doesn't exists.
We have an error talking to the kernel
09:49:14 ERROR: Command failed: tc filter del dev s4-eth1 parent ffff:
rc=2 stdout= stderr=Error: Parent Qdisc doesn't exists.
We have an error talking to the kernel
09:49:14 ERROR: Command failed: tc qdisc del dev s3-eth4 ingress
rc=2 stdout= stderr=Error: Cannot find specified qdisc on specified device.
09:49:14 INFO: Installed ingress police (u32) on s1-eth1 for DSCP=46 (tos=0xb8) rate=10mbit burst=10kb
09:49:14 INFO: ingress qdisc added on s2-eth2
09:49:14 ERROR: Command failed: tc qdisc del dev s4-eth1 ingress
rc=2 stdout= stderr=Error: Cannot find specified qdisc on specified device.
09:49:14 INFO: Starting policer on interface s3-eth2
09:49:14 INFO: Classes: [('HTTP', 34, '5mbit', '10kb'), ('RTP', 46, '10mbit', '10kb'), ('DNS', 8, '1mbit', '5kb'), ('SSH', 16, '2mbit', '5kb')]
09:49:14 INFO: Enable egress shaping: True
09:49:14 INFO: ingress qdisc added on s3-eth4
09:49:14 INFO: Installed ingress police (u32) on s1-eth1 for DSCP=8 (tos=0x20) rate=1mbit burst=5kb
09:49:14 INFO: ingress qdisc added on s4-eth1
09:49:14 ERROR: Command failed: tc qdisc del dev s2-eth1 ingress
rc=2 stdout= stderr=Error: Cannot find specified qdisc on specified device.
09:49:14 ERROR: Command failed: tc filter del dev s3-eth2 parent ffff:
rc=2 stdout= stderr=Error: Parent Qdisc doesn't exists.
We have an error talking to the kernel
09:49:14 ERROR: Command failed: tc filter del dev s1-eth3 parent ffff:
rc=2 stdout= stderr=Error: Parent Qdisc doesn't exists.
We have an error talking to the kernel
09:49:14 ERROR: Command failed: tc qdisc del dev s4-eth3 ingress
rc=2 stdout= stderr=Error: Cannot find specified qdisc on specified device.
09:49:14 ERROR: Command failed: tc qdisc del dev s2-eth3 ingress
rc=2 stdout= stderr=Error: Cannot find specified qdisc on specified device.
09:49:14 ERROR: Command failed: tc qdisc del dev s4-eth2 ingress
rc=2 stdout= stderr=Error: Cannot find specified qdisc on specified device.
09:49:14 ERROR: Command failed: tc qdisc del dev s3-eth3 ingress
rc=2 stdout= stderr=Error: Cannot find specified qdisc on specified device.
09:49:14 INFO: ingress qdisc added on s4-eth2
09:49:14 INFO: ingress qdisc added on s3-eth1
09:49:14 INFO: ingress qdisc added on s3-eth3
09:49:14 INFO: ingress qdisc added on s2-eth1
09:49:14 ERROR: Command failed: tc qdisc del dev s1-eth3 ingress
rc=2 stdout= stderr=Error: Cannot find specified qdisc on specified device.
09:49:14 ERROR: Command failed: tc qdisc del dev s3-eth2 ingress
rc=2 stdout= stderr=Error: Cannot find specified qdisc on specified device.
09:49:14 INFO: egress HTB installed on s1-eth4, class 1:10 rate=5mbit burst=10kb
09:49:14 INFO: egress HTB installed on s2-eth2, class 1:10 rate=5mbit burst=10kb
09:49:14 INFO: ingress qdisc added on s2-eth3
09:49:14 INFO: Installed ingress police (u32) on s1-eth1 for DSCP=16 (tos=0x40) rate=2mbit burst=5kb
09:49:14 INFO: Policer installed. Running...
09:49:14 INFO: ingress qdisc added on s4-eth3
09:49:14 INFO: ingress qdisc added on s1-eth3
09:49:14 INFO: Installed ingress police (u32) on s1-eth4 for DSCP=34 (tos=0x88) rate=5mbit burst=10kb
09:49:14 INFO: ingress qdisc added on s3-eth2
09:49:14 INFO: egress HTB installed on s3-eth4, class 1:10 rate=5mbit burst=10kb
09:49:14 INFO: Installed ingress police (u32) on s2-eth2 for DSCP=34 (tos=0x88) rate=5mbit burst=10kb
09:49:14 INFO: Installed ingress police (u32) on s1-eth4 for DSCP=46 (tos=0xb8) rate=10mbit burst=10kb
09:49:14 INFO: Installed ingress police (u32) on s3-eth4 for DSCP=34 (tos=0x88) rate=5mbit burst=10kb
09:49:14 INFO: Installed ingress police (u32) on s2-eth2 for DSCP=46 (tos=0xb8) rate=10mbit burst=10kb
09:49:14 INFO: egress HTB installed on s4-eth2, class 1:10 rate=5mbit burst=10kb
09:49:14 INFO: egress HTB installed on s3-eth3, class 1:10 rate=5mbit burst=10kb
09:49:14 INFO: egress HTB installed on s3-eth1, class 1:10 rate=5mbit burst=10kb
09:49:14 INFO: egress HTB installed on s4-eth1, class 1:10 rate=5mbit burst=10kb
09:49:14 INFO: egress HTB installed on s2-eth1, class 1:10 rate=5mbit burst=10kb
09:49:14 INFO: egress HTB installed on s1-eth3, class 1:10 rate=5mbit burst=10kb
09:49:14 INFO: Installed ingress police (u32) on s3-eth4 for DSCP=46 (tos=0xb8) rate=10mbit burst=10kb
09:49:14 INFO: Installed ingress police (u32) on s3-eth3 for DSCP=34 (tos=0x88) rate=5mbit burst=10kb
09:49:14 INFO: Installed ingress police (u32) on s4-eth2 for DSCP=34 (tos=0x88) rate=5mbit burst=10kb
09:49:14 INFO: Installed ingress police (u32) on s2-eth2 for DSCP=8 (tos=0x20) rate=1mbit burst=5kb
09:49:14 INFO: Installed ingress police (u32) on s1-eth4 for DSCP=8 (tos=0x20) rate=1mbit burst=5kb
09:49:14 INFO: egress HTB installed on s2-eth3, class 1:10 rate=5mbit burst=10kb
09:49:14 INFO: Installed ingress police (u32) on s3-eth1 for DSCP=34 (tos=0x88) rate=5mbit burst=10kb
09:49:14 INFO: Installed ingress police (u32) on s4-eth1 for DSCP=34 (tos=0x88) rate=5mbit burst=10kb
09:49:14 INFO: Installed ingress police (u32) on s2-eth1 for DSCP=34 (tos=0x88) rate=5mbit burst=10kb
09:49:14 INFO: Installed ingress police (u32) on s3-eth3 for DSCP=46 (tos=0xb8) rate=10mbit burst=10kb
09:49:14 INFO: Installed ingress police (u32) on s1-eth3 for DSCP=34 (tos=0x88) rate=5mbit burst=10kb
09:49:14 INFO: Installed ingress police (u32) on s1-eth4 for DSCP=16 (tos=0x40) rate=2mbit burst=5kb
09:49:14 INFO: Installed ingress police (u32) on s3-eth1 for DSCP=46 (tos=0xb8) rate=10mbit burst=10kb
09:49:14 INFO: egress HTB installed on s3-eth2, class 1:10 rate=5mbit burst=10kb
09:49:14 INFO: Installed ingress police (u32) on s2-eth1 for DSCP=46 (tos=0xb8) rate=10mbit burst=10kb
09:49:14 INFO: Installed ingress police (u32) on s4-eth2 for DSCP=46 (tos=0xb8) rate=10mbit burst=10kb
09:49:14 INFO: Policer installed. Running...
09:49:14 INFO: Installed ingress police (u32) on s1-eth3 for DSCP=46 (tos=0xb8) rate=10mbit burst=10kb
09:49:14 INFO: Installed ingress police (u32) on s4-eth1 for DSCP=46 (tos=0xb8) rate=10mbit burst=10kb
09:49:14 INFO: egress HTB installed on s4-eth3, class 1:10 rate=5mbit burst=10kb
09:49:14 INFO: Installed ingress police (u32) on s2-eth2 for DSCP=16 (tos=0x40) rate=2mbit burst=5kb
09:49:14 INFO: Policer installed. Running...
09:49:14 INFO: Installed ingress police (u32) on s3-eth4 for DSCP=8 (tos=0x20) rate=1mbit burst=5kb
09:49:14 INFO: Installed ingress police (u32) on s2-eth3 for DSCP=34 (tos=0x88) rate=5mbit burst=10kb
09:49:14 INFO: Installed ingress police (u32) on s1-eth3 for DSCP=8 (tos=0x20) rate=1mbit burst=5kb
09:49:14 INFO: Installed ingress police (u32) on s4-eth3 for DSCP=34 (tos=0x88) rate=5mbit burst=10kb
09:49:14 INFO: Installed ingress police (u32) on s4-eth2 for DSCP=8 (tos=0x20) rate=1mbit burst=5kb
09:49:14 INFO: Installed ingress police (u32) on s2-eth1 for DSCP=8 (tos=0x20) rate=1mbit burst=5kb
09:49:14 INFO: Installed ingress police (u32) on s3-eth3 for DSCP=8 (tos=0x20) rate=1mbit burst=5kb
09:49:14 INFO: Installed ingress police (u32) on s3-eth2 for DSCP=34 (tos=0x88) rate=5mbit burst=10kb
09:49:14 INFO: Installed ingress police (u32) on s3-eth1 for DSCP=8 (tos=0x20) rate=1mbit burst=5kb
09:49:14 INFO: Installed ingress police (u32) on s3-eth4 for DSCP=16 (tos=0x40) rate=2mbit burst=5kb
09:49:14 INFO: Policer installed. Running...
09:49:14 INFO: Installed ingress police (u32) on s4-eth1 for DSCP=8 (tos=0x20) rate=1mbit burst=5kb
09:49:14 INFO: Installed ingress police (u32) on s1-eth3 for DSCP=16 (tos=0x40) rate=2mbit burst=5kb
09:49:14 INFO: Installed ingress police (u32) on s3-eth1 for DSCP=16 (tos=0x40) rate=2mbit burst=5kb
09:49:14 INFO: Installed ingress police (u32) on s4-eth2 for DSCP=16 (tos=0x40) rate=2mbit burst=5kb
09:49:14 INFO: Installed ingress police (u32) on s4-eth3 for DSCP=46 (tos=0xb8) rate=10mbit burst=10kb
09:49:14 INFO: Policer installed. Running...
09:49:14 INFO: Policer installed. Running...
09:49:14 INFO: Installed ingress police (u32) on s3-eth2 for DSCP=46 (tos=0xb8) rate=10mbit burst=10kb
09:49:14 INFO: Installed ingress police (u32) on s2-eth1 for DSCP=16 (tos=0x40) rate=2mbit burst=5kb
09:49:14 INFO: Policer installed. Running...
09:49:14 INFO: Installed ingress police (u32) on s3-eth3 for DSCP=16 (tos=0x40) rate=2mbit burst=5kb
09:49:14 INFO: Policer installed. Running...
09:49:14 INFO: Policer installed. Running...
09:49:14 INFO: Installed ingress police (u32) on s2-eth3 for DSCP=46 (tos=0xb8) rate=10mbit burst=10kb
09:49:14 INFO: Installed ingress police (u32) on s4-eth1 for DSCP=16 (tos=0x40) rate=2mbit burst=5kb
09:49:14 INFO: Policer installed. Running...
09:49:14 INFO: Installed ingress police (u32) on s4-eth3 for DSCP=8 (tos=0x20) rate=1mbit burst=5kb
09:49:14 INFO: Installed ingress police (u32) on s3-eth2 for DSCP=8 (tos=0x20) rate=1mbit burst=5kb
09:49:14 INFO: Installed ingress police (u32) on s2-eth3 for DSCP=8 (tos=0x20) rate=1mbit burst=5kb
09:49:14 INFO: Installed ingress police (u32) on s3-eth2 for DSCP=16 (tos=0x40) rate=2mbit burst=5kb
09:49:14 INFO: Installed ingress police (u32) on s4-eth3 for DSCP=16 (tos=0x40) rate=2mbit burst=5kb
09:49:14 INFO: Policer installed. Running...
09:49:14 INFO: Policer installed. Running...
09:49:14 INFO: Installed ingress police (u32) on s2-eth3 for DSCP=16 (tos=0x40) rate=2mbit burst=5kb
09:49:14 INFO: Policer installed. Running...
09:51:16 INFO: Starting policer on interface s1-eth4
09:51:16 INFO: Classes: [('HTTP', 34, '5mbit', '10kb'), ('RTP', 46, '10mbit', '10kb'), ('DNS', 8, '1mbit', '5kb'), ('SSH', 16, '2mbit', '5kb')]
09:51:16 INFO: Enable egress shaping: True
09:51:17 INFO: ingress qdisc added on s1-eth4
09:51:17 INFO: Starting policer on interface s1-eth3
09:51:17 INFO: Classes: [('HTTP', 34, '5mbit', '10kb'), ('RTP', 46, '10mbit', '10kb'), ('DNS', 8, '1mbit', '5kb'), ('SSH', 16, '2mbit', '5kb')]
09:51:17 INFO: Enable egress shaping: True
09:51:17 INFO: Starting policer on interface s1-eth2
09:51:17 INFO: Classes: [('HTTP', 34, '5mbit', '10kb'), ('RTP', 46, '10mbit', '10kb'), ('DNS', 8, '1mbit', '5kb'), ('SSH', 16, '2mbit', '5kb')]
09:51:17 INFO: Starting policer on interface s3-eth1
09:51:17 INFO: Classes: [('HTTP', 34, '5mbit', '10kb'), ('RTP', 46, '10mbit', '10kb'), ('DNS', 8, '1mbit', '5kb'), ('SSH', 16, '2mbit', '5kb')]
09:51:17 INFO: Enable egress shaping: True
09:51:17 INFO: Enable egress shaping: True
09:51:17 INFO: Starting policer on interface s4-eth3
09:51:17 INFO: Classes: [('HTTP', 34, '5mbit', '10kb'), ('RTP', 46, '10mbit', '10kb'), ('DNS', 8, '1mbit', '5kb'), ('SSH', 16, '2mbit', '5kb')]
09:51:17 INFO: Enable egress shaping: True
09:51:17 INFO: Starting policer on interface s3-eth2
09:51:17 INFO: Classes: [('HTTP', 34, '5mbit', '10kb'), ('RTP', 46, '10mbit', '10kb'), ('DNS', 8, '1mbit', '5kb'), ('SSH', 16, '2mbit', '5kb')]
09:51:17 INFO: Starting policer on interface s3-eth3
09:51:17 INFO: Enable egress shaping: True
09:51:17 INFO: Classes: [('HTTP', 34, '5mbit', '10kb'), ('RTP', 46, '10mbit', '10kb'), ('DNS', 8, '1mbit', '5kb'), ('SSH', 16, '2mbit', '5kb')]
09:51:17 INFO: Enable egress shaping: True
09:51:17 INFO: Starting policer on interface s1-eth1
09:51:17 INFO: Classes: [('HTTP', 34, '5mbit', '10kb'), ('RTP', 46, '10mbit', '10kb'), ('DNS', 8, '1mbit', '5kb'), ('SSH', 16, '2mbit', '5kb')]
09:51:17 INFO: Enable egress shaping: True
09:51:17 INFO: Starting policer on interface s2-eth3
09:51:17 INFO: Classes: [('HTTP', 34, '5mbit', '10kb'), ('RTP', 46, '10mbit', '10kb'), ('DNS', 8, '1mbit', '5kb'), ('SSH', 16, '2mbit', '5kb')]
09:51:17 INFO: Enable egress shaping: True
09:51:17 INFO: Starting policer on interface s2-eth1
09:51:17 INFO: Classes: [('HTTP', 34, '5mbit', '10kb'), ('RTP', 46, '10mbit', '10kb'), ('DNS', 8, '1mbit', '5kb'), ('SSH', 16, '2mbit', '5kb')]
09:51:17 INFO: Enable egress shaping: True
09:51:17 INFO: ingress qdisc added on s1-eth1
09:51:17 INFO: Starting policer on interface s4-eth2
09:51:17 INFO: Classes: [('HTTP', 34, '5mbit', '10kb'), ('RTP', 46, '10mbit', '10kb'), ('DNS', 8, '1mbit', '5kb'), ('SSH', 16, '2mbit', '5kb')]
09:51:17 INFO: Enable egress shaping: True
09:51:17 INFO: Starting policer on interface s3-eth4
09:51:17 INFO: Classes: [('HTTP', 34, '5mbit', '10kb'), ('RTP', 46, '10mbit', '10kb'), ('DNS', 8, '1mbit', '5kb'), ('SSH', 16, '2mbit', '5kb')]
09:51:17 INFO: Enable egress shaping: True
09:51:17 INFO: egress HTB installed on s1-eth4, class 1:10 rate=5mbit burst=10kb
09:51:17 ERROR: Command failed: tc filter del dev s1-eth2 parent ffff:
rc=2 stdout= stderr=Error: Parent Qdisc doesn't exists.
We have an error talking to the kernel
09:51:17 INFO: Installed ingress police (u32) on s1-eth4 for DSCP=34 (tos=0x88) rate=5mbit burst=10kb
09:51:17 INFO: Starting policer on interface s4-eth1
09:51:17 INFO: Classes: [('HTTP', 34, '5mbit', '10kb'), ('RTP', 46, '10mbit', '10kb'), ('DNS', 8, '1mbit', '5kb'), ('SSH', 16, '2mbit', '5kb')]
09:51:17 INFO: Enable egress shaping: True
09:51:17 INFO: Starting policer on interface s2-eth2
09:51:17 INFO: Classes: [('HTTP', 34, '5mbit', '10kb'), ('RTP', 46, '10mbit', '10kb'), ('DNS', 8, '1mbit', '5kb'), ('SSH', 16, '2mbit', '5kb')]
09:51:17 INFO: Enable egress shaping: True
09:51:17 INFO: Installed ingress police (u32) on s1-eth4 for DSCP=46 (tos=0xb8) rate=10mbit burst=10kb
09:51:17 INFO: ingress qdisc added on s3-eth1
09:51:17 INFO: Installed ingress police (u32) on s1-eth4 for DSCP=8 (tos=0x20) rate=1mbit burst=5kb
09:51:17 INFO: ingress qdisc added on s4-eth2
09:51:17 INFO: Installed ingress police (u32) on s1-eth4 for DSCP=16 (tos=0x40) rate=2mbit burst=5kb
09:51:17 INFO: Policer installed. Running...
09:51:17 ERROR: Command failed: tc qdisc del dev s4-eth2 root
rc=2 stdout= stderr=Error: Cannot delete qdisc with handle of zero.
09:51:17 INFO: ingress qdisc added on s2-eth1
09:51:17 ERROR: Command failed: tc qdisc del dev s1-eth2 ingress
rc=2 stdout= stderr=Error: Invalid handle.
09:51:17 INFO: ingress qdisc added on s3-eth2
09:51:17 INFO: ingress qdisc added on s1-eth3
09:51:17 INFO: ingress qdisc added on s3-eth4
09:51:17 INFO: ingress qdisc added on s2-eth2
09:51:17 ERROR: Command failed: tc qdisc add dev s4-eth2 root handle 1: htb default 10
rc=2 stdout= stderr=Error: Exclusivity flag on, cannot modify.
09:51:17 ERROR: Unhandled error: Command 'tc qdisc add dev s4-eth2 root handle 1: htb default 10' returned non-zero exit status 2.
Traceback (most recent call last):
  File "/home/pedromatos48/4ano/QSI/QSI-TP3/policer.py", line 129, in main
    install_policers(dev, classes, do_egress_shaping=args.shaping)
  File "/home/pedromatos48/4ano/QSI/QSI-TP3/policer.py", line 93, in install_policers
    setup_egress_shaper(dev)
  File "/home/pedromatos48/4ano/QSI/QSI-TP3/policer.py", line 72, in setup_egress_shaper
    run_cmd(f"tc qdisc add dev {dev} root handle 1: htb default 10")
  File "/home/pedromatos48/4ano/QSI/QSI-TP3/policer.py", line 29, in run_cmd
    proc = subprocess.run(cmd, shell=True, check=True, capture_output=True, text=True)
  File "/usr/lib/python3.10/subprocess.py", line 526, in run
    raise CalledProcessError(retcode, process.args,
subprocess.CalledProcessError: Command 'tc qdisc add dev s4-eth2 root handle 1: htb default 10' returned non-zero exit status 2.
09:51:17 INFO: egress HTB installed on s3-eth1, class 1:10 rate=5mbit burst=10kb
09:51:17 INFO: ingress qdisc added on s1-eth2
09:51:17 INFO: ingress qdisc added on s2-eth3
09:51:17 INFO: ingress qdisc added on s3-eth3
09:51:17 INFO: egress HTB installed on s2-eth1, class 1:10 rate=5mbit burst=10kb
09:51:17 INFO: ingress qdisc added on s4-eth3
09:51:17 INFO: Installed ingress police (u32) on s3-eth1 for DSCP=34 (tos=0x88) rate=5mbit burst=10kb
09:51:17 INFO: egress HTB installed on s1-eth1, class 1:10 rate=5mbit burst=10kb
09:51:17 INFO: Installed ingress police (u32) on s2-eth1 for DSCP=34 (tos=0x88) rate=5mbit burst=10kb
09:51:17 INFO: Installed ingress police (u32) on s3-eth1 for DSCP=46 (tos=0xb8) rate=10mbit burst=10kb
09:51:17 INFO: cleared tc qdiscs on s4-eth2
09:51:17 INFO: ingress qdisc added on s4-eth1
09:51:17 INFO: egress HTB installed on s3-eth4, class 1:10 rate=5mbit burst=10kb
09:51:17 INFO: Installed ingress police (u32) on s1-eth1 for DSCP=34 (tos=0x88) rate=5mbit burst=10kb
09:51:17 INFO: Installed ingress police (u32) on s2-eth1 for DSCP=46 (tos=0xb8) rate=10mbit burst=10kb
09:51:17 INFO: egress HTB installed on s1-eth2, class 1:10 rate=5mbit burst=10kb
09:51:17 INFO: Installed ingress police (u32) on s1-eth2 for DSCP=34 (tos=0x88) rate=5mbit burst=10kb
09:51:17 INFO: egress HTB installed on s1-eth3, class 1:10 rate=5mbit burst=10kb
09:51:17 INFO: egress HTB installed on s3-eth2, class 1:10 rate=5mbit burst=10kb
09:51:17 INFO: Installed ingress police (u32) on s3-eth1 for DSCP=8 (tos=0x20) rate=1mbit burst=5kb
09:51:17 INFO: Installed ingress police (u32) on s2-eth1 for DSCP=8 (tos=0x20) rate=1mbit burst=5kb
09:51:17 INFO: egress HTB installed on s4-eth3, class 1:10 rate=5mbit burst=10kb
09:51:17 INFO: Installed ingress police (u32) on s1-eth2 for DSCP=46 (tos=0xb8) rate=10mbit burst=10kb
09:51:17 INFO: egress HTB installed on s3-eth3, class 1:10 rate=5mbit burst=10kb
09:51:17 INFO: Installed ingress police (u32) on s3-eth4 for DSCP=34 (tos=0x88) rate=5mbit burst=10kb
09:51:17 INFO: egress HTB installed on s2-eth3, class 1:10 rate=5mbit burst=10kb
09:51:17 INFO: Installed ingress police (u32) on s3-eth1 for DSCP=16 (tos=0x40) rate=2mbit burst=5kb
09:51:17 INFO: Policer installed. Running...
09:51:17 INFO: Installed ingress police (u32) on s1-eth3 for DSCP=34 (tos=0x88) rate=5mbit burst=10kb
09:51:17 INFO: Installed ingress police (u32) on s2-eth1 for DSCP=16 (tos=0x40) rate=2mbit burst=5kb
09:51:17 INFO: egress HTB installed on s2-eth2, class 1:10 rate=5mbit burst=10kb
09:51:17 INFO: Policer installed. Running...
09:51:17 INFO: Installed ingress police (u32) on s4-eth3 for DSCP=34 (tos=0x88) rate=5mbit burst=10kb
09:51:17 INFO: Installed ingress police (u32) on s1-eth1 for DSCP=46 (tos=0xb8) rate=10mbit burst=10kb
09:51:17 INFO: Installed ingress police (u32) on s3-eth2 for DSCP=34 (tos=0x88) rate=5mbit burst=10kb
09:51:17 INFO: Installed ingress police (u32) on s3-eth3 for DSCP=34 (tos=0x88) rate=5mbit burst=10kb
09:51:17 INFO: Installed ingress police (u32) on s3-eth4 for DSCP=46 (tos=0xb8) rate=10mbit burst=10kb
09:51:17 INFO: Installed ingress police (u32) on s2-eth3 for DSCP=34 (tos=0x88) rate=5mbit burst=10kb
09:51:17 INFO: Installed ingress police (u32) on s1-eth1 for DSCP=8 (tos=0x20) rate=1mbit burst=5kb
09:51:17 INFO: Installed ingress police (u32) on s1-eth3 for DSCP=46 (tos=0xb8) rate=10mbit burst=10kb
09:51:17 INFO: egress HTB installed on s4-eth1, class 1:10 rate=5mbit burst=10kb
09:51:17 INFO: Installed ingress police (u32) on s1-eth2 for DSCP=8 (tos=0x20) rate=1mbit burst=5kb
09:51:17 INFO: Installed ingress police (u32) on s2-eth2 for DSCP=34 (tos=0x88) rate=5mbit burst=10kb
09:51:17 INFO: Installed ingress police (u32) on s4-eth3 for DSCP=46 (tos=0xb8) rate=10mbit burst=10kb
09:51:17 INFO: Installed ingress police (u32) on s3-eth4 for DSCP=8 (tos=0x20) rate=1mbit burst=5kb
09:51:17 INFO: Installed ingress police (u32) on s3-eth2 for DSCP=46 (tos=0xb8) rate=10mbit burst=10kb
09:51:17 INFO: Installed ingress police (u32) on s4-eth1 for DSCP=34 (tos=0x88) rate=5mbit burst=10kb
09:51:17 INFO: Installed ingress police (u32) on s1-eth2 for DSCP=16 (tos=0x40) rate=2mbit burst=5kb
09:51:17 INFO: Policer installed. Running...
09:51:17 INFO: Installed ingress police (u32) on s2-eth2 for DSCP=46 (tos=0xb8) rate=10mbit burst=10kb
09:51:17 INFO: Installed ingress police (u32) on s3-eth3 for DSCP=46 (tos=0xb8) rate=10mbit burst=10kb
09:51:17 INFO: Installed ingress police (u32) on s1-eth3 for DSCP=8 (tos=0x20) rate=1mbit burst=5kb
09:51:17 INFO: Installed ingress police (u32) on s1-eth1 for DSCP=16 (tos=0x40) rate=2mbit burst=5kb
09:51:17 INFO: Policer installed. Running...
09:51:17 INFO: Installed ingress police (u32) on s2-eth3 for DSCP=46 (tos=0xb8) rate=10mbit burst=10kb
09:51:17 INFO: Installed ingress police (u32) on s4-eth3 for DSCP=8 (tos=0x20) rate=1mbit burst=5kb
09:51:17 INFO: Installed ingress police (u32) on s3-eth4 for DSCP=16 (tos=0x40) rate=2mbit burst=5kb
09:51:17 INFO: Policer installed. Running...
09:51:17 INFO: Installed ingress police (u32) on s3-eth3 for DSCP=8 (tos=0x20) rate=1mbit burst=5kb
09:51:17 INFO: Installed ingress police (u32) on s3-eth2 for DSCP=8 (tos=0x20) rate=1mbit burst=5kb
09:51:17 INFO: Installed ingress police (u32) on s4-eth1 for DSCP=46 (tos=0xb8) rate=10mbit burst=10kb
09:51:17 INFO: Installed ingress police (u32) on s2-eth2 for DSCP=8 (tos=0x20) rate=1mbit burst=5kb
09:51:17 INFO: Installed ingress police (u32) on s1-eth3 for DSCP=16 (tos=0x40) rate=2mbit burst=5kb
09:51:17 INFO: Installed ingress police (u32) on s2-eth3 for DSCP=8 (tos=0x20) rate=1mbit burst=5kb
09:51:17 INFO: Policer installed. Running...
09:51:17 INFO: Installed ingress police (u32) on s3-eth2 for DSCP=16 (tos=0x40) rate=2mbit burst=5kb
09:51:17 INFO: Installed ingress police (u32) on s4-eth3 for DSCP=16 (tos=0x40) rate=2mbit burst=5kb
09:51:17 INFO: Policer installed. Running...
09:51:17 INFO: Policer installed. Running...
09:51:17 INFO: Installed ingress police (u32) on s3-eth3 for DSCP=16 (tos=0x40) rate=2mbit burst=5kb
09:51:17 INFO: Policer installed. Running...
09:51:17 INFO: Installed ingress police (u32) on s4-eth1 for DSCP=8 (tos=0x20) rate=1mbit burst=5kb
09:51:17 INFO: Installed ingress police (u32) on s2-eth3 for DSCP=16 (tos=0x40) rate=2mbit burst=5kb
09:51:17 INFO: Policer installed. Running...
09:51:17 INFO: Installed ingress police (u32) on s2-eth2 for DSCP=16 (tos=0x40) rate=2mbit burst=5kb
09:51:17 INFO: Policer installed. Running...
09:51:17 INFO: Installed ingress police (u32) on s4-eth1 for DSCP=16 (tos=0x40) rate=2mbit burst=5kb
09:51:17 INFO: Policer installed. Running...
09:51:28 INFO: Received stop signal, cleaning up...
09:51:28 INFO: Received stop signal, cleaning up...
09:51:28 INFO: Received stop signal, cleaning up...
09:51:28 INFO: Received stop signal, cleaning up...
09:51:28 INFO: Received stop signal, cleaning up...
09:51:28 INFO: Received stop signal, cleaning up...
09:51:28 INFO: Received stop signal, cleaning up...
09:51:28 INFO: Received stop signal, cleaning up...
09:51:28 INFO: Received stop signal, cleaning up...
09:51:28 INFO: Received stop signal, cleaning up...
09:51:28 INFO: Received stop signal, cleaning up...
09:51:28 INFO: Received stop signal, cleaning up...
09:51:28 INFO: Received stop signal, cleaning up...
09:51:28 ERROR: Command failed: tc qdisc del dev s1-eth2 root
rc=2 stdout= stderr=Error: Cannot delete qdisc with handle of zero.
09:51:28 INFO: cleared tc qdiscs on s1-eth2
09:51:28 ERROR: Command failed: tc qdisc del dev s2-eth2 root
rc=2 stdout= stderr=Error: Cannot delete qdisc with handle of zero.
09:51:28 INFO: cleared tc qdiscs on s2-eth2
09:51:28 ERROR: Command failed: tc qdisc del dev s1-eth3 root
rc=2 stdout= stderr=Error: Cannot delete qdisc with handle of zero.
09:51:28 INFO: cleared tc qdiscs on s1-eth3
09:51:28 ERROR: Command failed: tc qdisc del dev s3-eth2 root
rc=2 stdout= stderr=Error: Cannot delete qdisc with handle of zero.
09:51:28 INFO: cleared tc qdiscs on s3-eth2
09:51:28 ERROR: Command failed: tc qdisc del dev s4-eth3 root
rc=2 stdout= stderr=Error: Cannot delete qdisc with handle of zero.
09:51:28 INFO: cleared tc qdiscs on s4-eth3
09:51:28 ERROR: Command failed: tc qdisc del dev s3-eth1 root
rc=2 stdout= stderr=Error: Cannot delete qdisc with handle of zero.
09:51:28 INFO: cleared tc qdiscs on s3-eth1
09:51:28 INFO: cleared tc qdiscs on s4-eth1
09:51:28 ERROR: Command failed: tc qdisc del dev s1-eth4 root
rc=2 stdout= stderr=Error: Cannot delete qdisc with handle of zero.
09:51:28 INFO: cleared tc qdiscs on s1-eth4
09:51:28 ERROR: Command failed: tc qdisc del dev s2-eth1 root
rc=2 stdout= stderr=Error: Cannot delete qdisc with handle of zero.
09:51:28 INFO: cleared tc qdiscs on s2-eth1
09:51:28 ERROR: Command failed: tc qdisc del dev s3-eth4 root
rc=2 stdout= stderr=Error: Cannot delete qdisc with handle of zero.
09:51:28 ERROR: Command failed: tc qdisc del dev s1-eth1 root
rc=2 stdout= stderr=Error: Cannot delete qdisc with handle of zero.
09:51:28 INFO: cleared tc qdiscs on s1-eth1
09:51:28 INFO: cleared tc qdiscs on s3-eth4
09:51:28 ERROR: Command failed: tc qdisc del dev s2-eth3 root
rc=2 stdout= stderr=Error: Cannot delete qdisc with handle of zero.
09:51:28 INFO: cleared tc qdiscs on s2-eth3
09:51:28 ERROR: Command failed: tc qdisc del dev s3-eth3 root
rc=2 stdout= stderr=Error: Cannot delete qdisc with handle of zero.
09:51:28 INFO: cleared tc qdiscs on s3-eth3
09:51:43 INFO: Starting policer on interface s1-eth4
09:51:43 INFO: Classes: [('HTTP', 34, '5mbit', '10kb'), ('RTP', 46, '10mbit', '10kb'), ('DNS', 8, '1mbit', '5kb'), ('SSH', 16, '2mbit', '5kb')]
09:51:43 INFO: Enable egress shaping: True
09:51:43 INFO: Starting policer on interface s4-eth2
09:51:43 INFO: Classes: [('HTTP', 34, '5mbit', '10kb'), ('RTP', 46, '10mbit', '10kb'), ('DNS', 8, '1mbit', '5kb'), ('SSH', 16, '2mbit', '5kb')]
09:51:43 INFO: Enable egress shaping: True
09:51:43 ERROR: Command failed: tc filter del dev s1-eth4 parent ffff:
rc=2 stdout= stderr=Error: Parent Qdisc doesn't exists.
We have an error talking to the kernel
09:51:43 ERROR: Command failed: tc filter del dev s4-eth2 parent ffff:
rc=2 stdout= stderr=Error: Parent Qdisc doesn't exists.
We have an error talking to the kernel
09:51:43 ERROR: Command failed: tc qdisc del dev s1-eth4 ingress
rc=2 stdout= stderr=Error: Invalid handle.
09:51:43 INFO: Starting policer on interface s1-eth3
09:51:43 INFO: Classes: [('HTTP', 34, '5mbit', '10kb'), ('RTP', 46, '10mbit', '10kb'), ('DNS', 8, '1mbit', '5kb'), ('SSH', 16, '2mbit', '5kb')]
09:51:43 INFO: Enable egress shaping: True
09:51:43 INFO: ingress qdisc added on s1-eth4
09:51:43 ERROR: Command failed: tc filter del dev s1-eth3 parent ffff:
rc=2 stdout= stderr=Error: Parent Qdisc doesn't exists.
We have an error talking to the kernel
09:51:43 INFO: Starting policer on interface s3-eth3
09:51:43 INFO: Classes: [('HTTP', 34, '5mbit', '10kb'), ('RTP', 46, '10mbit', '10kb'), ('DNS', 8, '1mbit', '5kb'), ('SSH', 16, '2mbit', '5kb')]
09:51:43 INFO: Enable egress shaping: True
09:51:43 INFO: Starting policer on interface s2-eth1
09:51:43 INFO: Classes: [('HTTP', 34, '5mbit', '10kb'), ('RTP', 46, '10mbit', '10kb'), ('DNS', 8, '1mbit', '5kb'), ('SSH', 16, '2mbit', '5kb')]
09:51:43 INFO: Enable egress shaping: True
09:51:43 INFO: Starting policer on interface s3-eth2
09:51:43 INFO: Starting policer on interface s4-eth1
09:51:43 INFO: Classes: [('HTTP', 34, '5mbit', '10kb'), ('RTP', 46, '10mbit', '10kb'), ('DNS', 8, '1mbit', '5kb'), ('SSH', 16, '2mbit', '5kb')]
09:51:43 INFO: Enable egress shaping: True
09:51:43 ERROR: Command failed: tc qdisc del dev s4-eth2 ingress
rc=2 stdout= stderr=Error: Invalid handle.
09:51:43 ERROR: Command failed: tc qdisc del dev s1-eth3 ingress
rc=2 stdout= stderr=Error: Invalid handle.
09:51:43 INFO: Classes: [('HTTP', 34, '5mbit', '10kb'), ('RTP', 46, '10mbit', '10kb'), ('DNS', 8, '1mbit', '5kb'), ('SSH', 16, '2mbit', '5kb')]
09:51:43 INFO: Enable egress shaping: True
09:51:43 ERROR: Command failed: tc filter del dev s4-eth1 parent ffff:
rc=2 stdout= stderr=Error: Parent Qdisc doesn't exists.
We have an error talking to the kernel
09:51:43 ERROR: Command failed: tc filter del dev s2-eth1 parent ffff:
rc=2 stdout= stderr=Error: Parent Qdisc doesn't exists.
We have an error talking to the kernel
09:51:43 ERROR: Command failed: tc filter del dev s3-eth3 parent ffff:
rc=2 stdout= stderr=Error: Parent Qdisc doesn't exists.
We have an error talking to the kernel
09:51:43 INFO: Starting policer on interface s1-eth1
09:51:43 INFO: Starting policer on interface s2-eth3
09:51:43 INFO: Classes: [('HTTP', 34, '5mbit', '10kb'), ('RTP', 46, '10mbit', '10kb'), ('DNS', 8, '1mbit', '5kb'), ('SSH', 16, '2mbit', '5kb')]
09:51:43 INFO: Enable egress shaping: True
09:51:43 INFO: Classes: [('HTTP', 34, '5mbit', '10kb'), ('RTP', 46, '10mbit', '10kb'), ('DNS', 8, '1mbit', '5kb'), ('SSH', 16, '2mbit', '5kb')]
09:51:43 INFO: Enable egress shaping: True
09:51:43 ERROR: Command failed: tc qdisc del dev s3-eth3 ingress
rc=2 stdout= stderr=Error: Invalid handle.
09:51:43 INFO: egress HTB installed on s1-eth4, class 1:10 rate=5mbit burst=10kb
09:51:43 INFO: Starting policer on interface s2-eth2
09:51:43 INFO: Classes: [('HTTP', 34, '5mbit', '10kb'), ('RTP', 46, '10mbit', '10kb'), ('DNS', 8, '1mbit', '5kb'), ('SSH', 16, '2mbit', '5kb')]
09:51:43 INFO: Enable egress shaping: True
09:51:43 ERROR: Command failed: tc qdisc del dev s4-eth1 ingress
rc=2 stdout= stderr=Error: Invalid handle.
09:51:43 INFO: ingress qdisc added on s3-eth3
09:51:43 INFO: Starting policer on interface s1-eth2
09:51:43 INFO: Classes: [('HTTP', 34, '5mbit', '10kb'), ('RTP', 46, '10mbit', '10kb'), ('DNS', 8, '1mbit', '5kb'), ('SSH', 16, '2mbit', '5kb')]
09:51:43 INFO: Enable egress shaping: True
09:51:43 ERROR: Command failed: tc filter del dev s2-eth3 parent ffff:
rc=2 stdout= stderr=Error: Parent Qdisc doesn't exists.
We have an error talking to the kernel
09:51:43 INFO: ingress qdisc added on s4-eth2
09:51:43 INFO: ingress qdisc added on s1-eth3
09:51:43 ERROR: Command failed: tc filter del dev s2-eth2 parent ffff:
rc=2 stdout= stderr=Error: Parent Qdisc doesn't exists.
We have an error talking to the kernel
09:51:43 ERROR: Command failed: tc filter del dev s3-eth2 parent ffff:
rc=2 stdout= stderr=Error: Parent Qdisc doesn't exists.
We have an error talking to the kernel
09:51:43 INFO: ingress qdisc added on s4-eth1
09:51:43 INFO: Starting policer on interface s4-eth3
09:51:43 ERROR: Command failed: tc qdisc del dev s2-eth1 ingress
rc=2 stdout= stderr=Error: Invalid handle.
09:51:43 ERROR: Command failed: tc qdisc del dev s2-eth3 ingress
rc=2 stdout= stderr=Error: Invalid handle.
09:51:43 INFO: Classes: [('HTTP', 34, '5mbit', '10kb'), ('RTP', 46, '10mbit', '10kb'), ('DNS', 8, '1mbit', '5kb'), ('SSH', 16, '2mbit', '5kb')]
09:51:43 INFO: Enable egress shaping: True
09:51:43 ERROR: Command failed: tc qdisc del dev s2-eth2 ingress
rc=2 stdout= stderr=Error: Invalid handle.
09:51:43 ERROR: Command failed: tc filter del dev s1-eth2 parent ffff:
rc=2 stdout= stderr=Error: Parent Qdisc doesn't exists.
We have an error talking to the kernel
09:51:43 INFO: ingress qdisc added on s2-eth1
09:51:43 ERROR: Command failed: tc qdisc del dev s4-eth2 root
rc=2 stdout= stderr=Error: Cannot delete qdisc with handle of zero.
09:51:43 ERROR: Command failed: tc filter del dev s1-eth1 parent ffff:
rc=2 stdout= stderr=Error: Parent Qdisc doesn't exists.
We have an error talking to the kernel
09:51:43 INFO: Installed ingress police (u32) on s1-eth4 for DSCP=34 (tos=0x88) rate=5mbit burst=10kb
09:51:43 ERROR: Command failed: tc qdisc del dev s3-eth2 ingress
rc=2 stdout= stderr=Error: Invalid handle.
09:51:43 INFO: Starting policer on interface s3-eth4
09:51:43 INFO: Classes: [('HTTP', 34, '5mbit', '10kb'), ('RTP', 46, '10mbit', '10kb'), ('DNS', 8, '1mbit', '5kb'), ('SSH', 16, '2mbit', '5kb')]
09:51:43 INFO: Enable egress shaping: True
09:51:43 INFO: Starting policer on interface s3-eth1
09:51:43 INFO: Classes: [('HTTP', 34, '5mbit', '10kb'), ('RTP', 46, '10mbit', '10kb'), ('DNS', 8, '1mbit', '5kb'), ('SSH', 16, '2mbit', '5kb')]
09:51:43 INFO: Enable egress shaping: True
09:51:43 ERROR: Command failed: tc filter del dev s4-eth3 parent ffff:
rc=2 stdout= stderr=Error: Parent Qdisc doesn't exists.
We have an error talking to the kernel
09:51:43 INFO: ingress qdisc added on s2-eth3
09:51:43 INFO: Installed ingress police (u32) on s1-eth4 for DSCP=46 (tos=0xb8) rate=10mbit burst=10kb
09:51:43 ERROR: Command failed: tc filter del dev s3-eth1 parent ffff:
rc=2 stdout= stderr=Error: Parent Qdisc doesn't exists.
We have an error talking to the kernel
09:51:43 INFO: ingress qdisc added on s2-eth2
09:51:43 ERROR: Command failed: tc qdisc del dev s3-eth1 ingress
rc=2 stdout= stderr=Error: Invalid handle.
09:51:43 INFO: egress HTB installed on s2-eth1, class 1:10 rate=5mbit burst=10kb
09:51:43 ERROR: Command failed: tc qdisc del dev s1-eth1 ingress
rc=2 stdout= stderr=Error: Invalid handle.
09:51:43 INFO: ingress qdisc added on s3-eth2
09:51:43 ERROR: Command failed: tc qdisc add dev s4-eth2 root handle 1: htb default 10
rc=2 stdout= stderr=Error: Exclusivity flag on, cannot modify.
09:51:43 ERROR: Unhandled error: Command 'tc qdisc add dev s4-eth2 root handle 1: htb default 10' returned non-zero exit status 2.
Traceback (most recent call last):
  File "/home/pedromatos48/4ano/QSI/QSI-TP3/policer.py", line 129, in main
    install_policers(dev, classes, do_egress_shaping=args.shaping)
  File "/home/pedromatos48/4ano/QSI/QSI-TP3/policer.py", line 93, in install_policers
    setup_egress_shaper(dev)
  File "/home/pedromatos48/4ano/QSI/QSI-TP3/policer.py", line 72, in setup_egress_shaper
    run_cmd(f"tc qdisc add dev {dev} root handle 1: htb default 10")
  File "/home/pedromatos48/4ano/QSI/QSI-TP3/policer.py", line 29, in run_cmd
    proc = subprocess.run(cmd, shell=True, check=True, capture_output=True, text=True)
  File "/usr/lib/python3.10/subprocess.py", line 526, in run
    raise CalledProcessError(retcode, process.args,
subprocess.CalledProcessError: Command 'tc qdisc add dev s4-eth2 root handle 1: htb default 10' returned non-zero exit status 2.
09:51:43 ERROR: Command failed: tc filter del dev s3-eth4 parent ffff:
rc=2 stdout= stderr=Error: Parent Qdisc doesn't exists.
We have an error talking to the kernel
09:51:43 ERROR: Command failed: tc qdisc del dev s4-eth3 ingress
rc=2 stdout= stderr=Error: Invalid handle.
09:51:43 INFO: Installed ingress police (u32) on s1-eth4 for DSCP=8 (tos=0x20) rate=1mbit burst=5kb
09:51:43 ERROR: Command failed: tc qdisc del dev s2-eth3 root
rc=2 stdout= stderr=Error: Cannot delete qdisc with handle of zero.
09:51:43 INFO: egress HTB installed on s3-eth3, class 1:10 rate=5mbit burst=10kb
09:51:43 ERROR: Command failed: tc qdisc del dev s1-eth2 ingress
rc=2 stdout= stderr=Error: Invalid handle.
09:51:43 INFO: Installed ingress police (u32) on s1-eth4 for DSCP=16 (tos=0x40) rate=2mbit burst=5kb
09:51:43 INFO: Policer installed. Running...
09:51:43 INFO: egress HTB installed on s1-eth3, class 1:10 rate=5mbit burst=10kb
09:51:43 INFO: Installed ingress police (u32) on s3-eth3 for DSCP=34 (tos=0x88) rate=5mbit burst=10kb
09:51:43 INFO: ingress qdisc added on s1-eth2
09:51:43 ERROR: Command failed: tc qdisc del dev s3-eth4 ingress
rc=2 stdout= stderr=Error: Invalid handle.
09:51:43 INFO: ingress qdisc added on s1-eth1
09:51:43 INFO: egress HTB installed on s2-eth3, class 1:10 rate=5mbit burst=10kb
09:51:43 INFO: Installed ingress police (u32) on s1-eth3 for DSCP=34 (tos=0x88) rate=5mbit burst=10kb
09:51:43 INFO: Installed ingress police (u32) on s2-eth1 for DSCP=34 (tos=0x88) rate=5mbit burst=10kb
09:51:43 INFO: egress HTB installed on s4-eth1, class 1:10 rate=5mbit burst=10kb
09:51:43 INFO: ingress qdisc added on s3-eth4
09:51:43 INFO: ingress qdisc added on s4-eth3
09:51:43 INFO: ingress qdisc added on s3-eth1
09:51:43 INFO: Installed ingress police (u32) on s3-eth3 for DSCP=46 (tos=0xb8) rate=10mbit burst=10kb
09:51:43 INFO: Installed ingress police (u32) on s1-eth3 for DSCP=46 (tos=0xb8) rate=10mbit burst=10kb
09:51:43 INFO: Installed ingress police (u32) on s3-eth3 for DSCP=8 (tos=0x20) rate=1mbit burst=5kb
09:51:43 INFO: Installed ingress police (u32) on s2-eth3 for DSCP=34 (tos=0x88) rate=5mbit burst=10kb
09:51:43 INFO: Installed ingress police (u32) on s4-eth1 for DSCP=34 (tos=0x88) rate=5mbit burst=10kb
09:51:43 INFO: cleared tc qdiscs on s4-eth2
09:51:43 INFO: Installed ingress police (u32) on s3-eth3 for DSCP=16 (tos=0x40) rate=2mbit burst=5kb
09:51:43 INFO: egress HTB installed on s4-eth3, class 1:10 rate=5mbit burst=10kb
09:51:43 INFO: Installed ingress police (u32) on s2-eth1 for DSCP=46 (tos=0xb8) rate=10mbit burst=10kb
09:51:43 INFO: egress HTB installed on s1-eth2, class 1:10 rate=5mbit burst=10kb
09:51:43 INFO: egress HTB installed on s3-eth2, class 1:10 rate=5mbit burst=10kb
09:51:43 INFO: Policer installed. Running...
09:51:43 INFO: Installed ingress police (u32) on s1-eth3 for DSCP=8 (tos=0x20) rate=1mbit burst=5kb
09:51:43 INFO: Installed ingress police (u32) on s2-eth3 for DSCP=46 (tos=0xb8) rate=10mbit burst=10kb
09:51:43 INFO: Installed ingress police (u32) on s4-eth1 for DSCP=46 (tos=0xb8) rate=10mbit burst=10kb
09:51:43 INFO: Installed ingress police (u32) on s4-eth3 for DSCP=34 (tos=0x88) rate=5mbit burst=10kb
09:51:43 INFO: egress HTB installed on s2-eth2, class 1:10 rate=5mbit burst=10kb
09:51:43 INFO: egress HTB installed on s3-eth4, class 1:10 rate=5mbit burst=10kb
09:51:43 INFO: egress HTB installed on s1-eth1, class 1:10 rate=5mbit burst=10kb
09:51:43 INFO: Installed ingress police (u32) on s1-eth2 for DSCP=34 (tos=0x88) rate=5mbit burst=10kb
09:51:43 INFO: egress HTB installed on s3-eth1, class 1:10 rate=5mbit burst=10kb
09:51:43 INFO: Installed ingress police (u32) on s3-eth2 for DSCP=34 (tos=0x88) rate=5mbit burst=10kb
09:51:43 INFO: Installed ingress police (u32) on s1-eth3 for DSCP=16 (tos=0x40) rate=2mbit burst=5kb
09:51:43 INFO: Policer installed. Running...
09:51:43 INFO: Installed ingress police (u32) on s2-eth3 for DSCP=8 (tos=0x20) rate=1mbit burst=5kb
09:51:43 INFO: Installed ingress police (u32) on s4-eth1 for DSCP=8 (tos=0x20) rate=1mbit burst=5kb
09:51:43 INFO: Installed ingress police (u32) on s2-eth1 for DSCP=8 (tos=0x20) rate=1mbit burst=5kb
09:51:43 INFO: Installed ingress police (u32) on s2-eth3 for DSCP=16 (tos=0x40) rate=2mbit burst=5kb
09:51:43 INFO: Policer installed. Running...
09:51:43 INFO: Installed ingress police (u32) on s2-eth2 for DSCP=34 (tos=0x88) rate=5mbit burst=10kb
09:51:43 INFO: Installed ingress police (u32) on s4-eth1 for DSCP=16 (tos=0x40) rate=2mbit burst=5kb
09:51:43 INFO: Policer installed. Running...
09:51:43 INFO: Installed ingress police (u32) on s3-eth4 for DSCP=34 (tos=0x88) rate=5mbit burst=10kb
09:51:43 INFO: Installed ingress police (u32) on s3-eth1 for DSCP=34 (tos=0x88) rate=5mbit burst=10kb
09:51:43 INFO: Installed ingress police (u32) on s1-eth2 for DSCP=46 (tos=0xb8) rate=10mbit burst=10kb
09:51:43 INFO: Installed ingress police (u32) on s4-eth3 for DSCP=46 (tos=0xb8) rate=10mbit burst=10kb
09:51:43 INFO: Installed ingress police (u32) on s3-eth2 for DSCP=46 (tos=0xb8) rate=10mbit burst=10kb
09:51:43 INFO: Installed ingress police (u32) on s1-eth1 for DSCP=34 (tos=0x88) rate=5mbit burst=10kb
09:51:43 INFO: Installed ingress police (u32) on s2-eth2 for DSCP=46 (tos=0xb8) rate=10mbit burst=10kb
09:51:43 INFO: Installed ingress police (u32) on s2-eth1 for DSCP=16 (tos=0x40) rate=2mbit burst=5kb
09:51:43 INFO: Policer installed. Running...
09:51:43 INFO: Installed ingress police (u32) on s3-eth4 for DSCP=46 (tos=0xb8) rate=10mbit burst=10kb
09:51:43 INFO: Installed ingress police (u32) on s4-eth3 for DSCP=8 (tos=0x20) rate=1mbit burst=5kb
09:51:43 INFO: Installed ingress police (u32) on s1-eth2 for DSCP=8 (tos=0x20) rate=1mbit burst=5kb
09:51:43 INFO: Installed ingress police (u32) on s2-eth2 for DSCP=8 (tos=0x20) rate=1mbit burst=5kb
09:51:43 INFO: Installed ingress police (u32) on s4-eth3 for DSCP=16 (tos=0x40) rate=2mbit burst=5kb
09:51:43 INFO: Policer installed. Running...
09:51:43 INFO: Installed ingress police (u32) on s3-eth2 for DSCP=8 (tos=0x20) rate=1mbit burst=5kb
09:51:43 INFO: Installed ingress police (u32) on s3-eth4 for DSCP=8 (tos=0x20) rate=1mbit burst=5kb
09:51:43 INFO: Installed ingress police (u32) on s3-eth1 for DSCP=46 (tos=0xb8) rate=10mbit burst=10kb
09:51:43 INFO: Installed ingress police (u32) on s1-eth1 for DSCP=46 (tos=0xb8) rate=10mbit burst=10kb
09:51:43 INFO: Installed ingress police (u32) on s2-eth2 for DSCP=16 (tos=0x40) rate=2mbit burst=5kb
09:51:43 INFO: Policer installed. Running...
09:51:43 INFO: Installed ingress police (u32) on s1-eth2 for DSCP=16 (tos=0x40) rate=2mbit burst=5kb
09:51:43 INFO: Policer installed. Running...
09:51:43 INFO: Installed ingress police (u32) on s3-eth2 for DSCP=16 (tos=0x40) rate=2mbit burst=5kb
09:51:43 INFO: Installed ingress police (u32) on s3-eth4 for DSCP=16 (tos=0x40) rate=2mbit burst=5kb
09:51:43 INFO: Policer installed. Running...
09:51:43 INFO: Policer installed. Running...
09:51:43 INFO: Installed ingress police (u32) on s1-eth1 for DSCP=8 (tos=0x20) rate=1mbit burst=5kb
09:51:43 INFO: Installed ingress police (u32) on s3-eth1 for DSCP=8 (tos=0x20) rate=1mbit burst=5kb
09:51:43 INFO: Installed ingress police (u32) on s1-eth1 for DSCP=16 (tos=0x40) rate=2mbit burst=5kb
09:51:43 INFO: Policer installed. Running...
09:51:43 INFO: Installed ingress police (u32) on s3-eth1 for DSCP=16 (tos=0x40) rate=2mbit burst=5kb
09:51:43 INFO: Policer installed. Running...
09:52:08 INFO: Received stop signal, cleaning up...
09:52:08 INFO: Received stop signal, cleaning up...
09:52:08 INFO: Received stop signal, cleaning up...
09:52:08 INFO: Received stop signal, cleaning up...
09:52:08 INFO: Received stop signal, cleaning up...
09:52:08 INFO: Received stop signal, cleaning up...
09:52:08 INFO: Received stop signal, cleaning up...
09:52:08 INFO: Received stop signal, cleaning up...
09:52:08 INFO: Received stop signal, cleaning up...
09:52:08 INFO: Received stop signal, cleaning up...
09:52:08 INFO: Received stop signal, cleaning up...
09:52:08 INFO: Received stop signal, cleaning up...
09:52:08 INFO: Received stop signal, cleaning up...
09:52:08 INFO: cleared tc qdiscs on s2-eth3
09:52:08 ERROR: Command failed: tc qdisc del dev s1-eth3 root
rc=2 stdout= stderr=Error: Cannot delete qdisc with handle of zero.
09:52:08 INFO: cleared tc qdiscs on s1-eth3
09:52:08 ERROR: Command failed: tc qdisc del dev s3-eth2 root
rc=2 stdout= stderr=Error: Cannot delete qdisc with handle of zero.
09:52:08 INFO: cleared tc qdiscs on s3-eth2
09:52:08 INFO: cleared tc qdiscs on s4-eth1
09:52:08 INFO: cleared tc qdiscs on s3-eth3
09:52:08 ERROR: Command failed: tc qdisc del dev s1-eth1 root
rc=2 stdout= stderr=Error: Cannot delete qdisc with handle of zero.
09:52:08 INFO: cleared tc qdiscs on s1-eth1
09:52:08 ERROR: Command failed: tc qdisc del dev s4-eth3 root
rc=2 stdout= stderr=Error: Cannot delete qdisc with handle of zero.
09:52:08 INFO: cleared tc qdiscs on s3-eth1
09:52:08 INFO: cleared tc qdiscs on s4-eth3
09:52:08 ERROR: Command failed: tc qdisc del dev s1-eth4 root
rc=2 stdout= stderr=Error: Cannot delete qdisc with handle of zero.
09:52:08 ERROR: Command failed: tc qdisc del dev s1-eth2 root
rc=2 stdout= stderr=Error: Cannot delete qdisc with handle of zero.
09:52:08 INFO: cleared tc qdiscs on s1-eth4
09:52:08 INFO: cleared tc qdiscs on s1-eth2
09:52:08 ERROR: Command failed: tc qdisc del dev s2-eth1 root
rc=2 stdout= stderr=Error: Cannot delete qdisc with handle of zero.
09:52:08 INFO: cleared tc qdiscs on s2-eth1
09:52:08 ERROR: Command failed: tc qdisc del dev s2-eth2 root
rc=2 stdout= stderr=Error: Cannot delete qdisc with handle of zero.
09:52:08 INFO: cleared tc qdiscs on s2-eth2
09:52:08 ERROR: Command failed: tc qdisc del dev s3-eth4 root
rc=2 stdout= stderr=Error: Cannot delete qdisc with handle of zero.
09:52:08 INFO: cleared tc qdiscs on s3-eth4
09:52:08 INFO: Received stop signal, cleaning up...
09:52:08 INFO: Received stop signal, cleaning up...
09:52:08 INFO: Received stop signal, cleaning up...
09:52:08 INFO: Received stop signal, cleaning up...
09:52:08 INFO: Received stop signal, cleaning up...
09:52:08 INFO: Received stop signal, cleaning up...
09:52:08 INFO: Received stop signal, cleaning up...
09:52:08 INFO: Received stop signal, cleaning up...
09:52:08 INFO: Received stop signal, cleaning up...
09:52:08 INFO: Received stop signal, cleaning up...
09:52:08 INFO: Received stop signal, cleaning up...
09:52:08 INFO: Received stop signal, cleaning up...
09:52:08 INFO: Received stop signal, cleaning up...
09:52:08 ERROR: Command failed: tc qdisc del dev s3-eth4 ingress
rc=2 stdout= stderr=Error: Invalid handle.
09:52:08 ERROR: Command failed: tc qdisc del dev s1-eth3 ingress
rc=2 stdout= stderr=Error: Invalid handle.
09:52:08 ERROR: Command failed: tc qdisc del dev s3-eth2 ingress
rc=2 stdout= stderr=Error: Invalid handle.
09:52:08 ERROR: Command failed: tc qdisc del dev s2-eth2 ingress
rc=2 stdout= stderr=Error: Invalid handle.
09:52:08 ERROR: Command failed: tc qdisc del dev s1-eth1 ingress
rc=2 stdout= stderr=Error: Invalid handle.
09:52:08 ERROR: Command failed: tc qdisc del dev s4-eth1 ingress
rc=2 stdout= stderr=Error: Invalid handle.
09:52:08 ERROR: Command failed: tc qdisc del dev s3-eth3 ingress
rc=2 stdout= stderr=Error: Invalid handle.
09:52:08 ERROR: Command failed: tc qdisc del dev s2-eth3 ingress
rc=2 stdout= stderr=Error: Invalid handle.
09:52:08 ERROR: Command failed: tc qdisc del dev s4-eth2 ingress
rc=2 stdout= stderr=Error: Invalid handle.
09:52:08 ERROR: Command failed: tc qdisc del dev s3-eth4 root
rc=2 stdout= stderr=Error: Cannot delete qdisc with handle of zero.
09:52:08 INFO: cleared tc qdiscs on s3-eth4
09:52:08 ERROR: Command failed: tc qdisc del dev s3-eth1 ingress
rc=2 stdout= stderr=Error: Invalid handle.
09:52:08 ERROR: Command failed: tc qdisc del dev s2-eth1 ingress
rc=2 stdout= stderr=Error: Invalid handle.
09:52:08 ERROR: Command failed: tc qdisc del dev s4-eth3 ingress
rc=2 stdout= stderr=Error: Invalid handle.
09:52:08 ERROR: Command failed: tc qdisc del dev s1-eth1 root
rc=2 stdout= stderr=Error: Cannot delete qdisc with handle of zero.
09:52:08 INFO: cleared tc qdiscs on s1-eth1
09:52:08 ERROR: Command failed: tc qdisc del dev s1-eth3 root
rc=2 stdout= stderr=Error: Cannot delete qdisc with handle of zero.
09:52:08 INFO: cleared tc qdiscs on s1-eth3
09:52:08 ERROR: Command failed: tc qdisc del dev s2-eth2 root
rc=2 stdout= stderr=Error: Cannot delete qdisc with handle of zero.
09:52:08 INFO: cleared tc qdiscs on s2-eth2
09:52:08 ERROR: Command failed: tc qdisc del dev s2-eth3 root
rc=2 stdout= stderr=Error: Cannot delete qdisc with handle of zero.
09:52:08 INFO: cleared tc qdiscs on s2-eth3
09:52:08 ERROR: Command failed: tc qdisc del dev s4-eth3 root
rc=2 stdout= stderr=Error: Cannot delete qdisc with handle of zero.
09:52:08 ERROR: Command failed: tc qdisc del dev s3-eth2 root
rc=2 stdout= stderr=Error: Cannot delete qdisc with handle of zero.
09:52:08 INFO: cleared tc qdiscs on s4-eth3
09:52:08 ERROR: Command failed: tc qdisc del dev s1-eth4 ingress
rc=2 stdout= stderr=Error: Invalid handle.
09:52:08 ERROR: Command failed: tc qdisc del dev s2-eth1 root
rc=2 stdout= stderr=Error: Cannot delete qdisc with handle of zero.
09:52:08 INFO: cleared tc qdiscs on s2-eth1
09:52:08 ERROR: Command failed: tc qdisc del dev s4-eth1 root
rc=2 stdout= stderr=Error: Cannot delete qdisc with handle of zero.
09:52:08 INFO: cleared tc qdiscs on s4-eth1
09:52:08 ERROR: Command failed: tc qdisc del dev s4-eth2 root
rc=2 stdout= stderr=Error: Cannot delete qdisc with handle of zero.
09:52:08 INFO: cleared tc qdiscs on s4-eth2
09:52:08 INFO: cleared tc qdiscs on s3-eth2
09:52:08 ERROR: Command failed: tc qdisc del dev s1-eth4 root
rc=2 stdout= stderr=Error: Cannot delete qdisc with handle of zero.
09:52:08 INFO: cleared tc qdiscs on s1-eth4
09:52:08 ERROR: Command failed: tc qdisc del dev s3-eth3 root
rc=2 stdout= stderr=Error: Cannot delete qdisc with handle of zero.
09:52:08 INFO: cleared tc qdiscs on s3-eth3
09:52:08 ERROR: Command failed: tc qdisc del dev s3-eth1 root
rc=2 stdout= stderr=Error: Cannot delete qdisc with handle of zero.
09:52:08 INFO: cleared tc qdiscs on s3-eth1
09:52:44 INFO: Starting policer on interface s1-eth3
09:52:44 INFO: Classes: [('HTTP', 34, '5mbit', '10kb'), ('RTP', 46, '10mbit', '10kb'), ('DNS', 8, '1mbit', '5kb'), ('SSH', 16, '2mbit', '5kb')]
09:52:44 INFO: Enable egress shaping: True
09:52:44 ERROR: Command failed: tc filter del dev s1-eth3 parent ffff:
rc=2 stdout= stderr=Error: Parent Qdisc doesn't exists.
We have an error talking to the kernel
09:52:44 ERROR: Command failed: tc qdisc del dev s1-eth3 ingress
rc=2 stdout= stderr=Error: Cannot find specified qdisc on specified device.
09:52:44 INFO: ingress qdisc added on s1-eth3
09:52:44 INFO: Starting policer on interface s4-eth2
09:52:44 INFO: Classes: [('HTTP', 34, '5mbit', '10kb'), ('RTP', 46, '10mbit', '10kb'), ('DNS', 8, '1mbit', '5kb'), ('SSH', 16, '2mbit', '5kb')]
09:52:44 INFO: Enable egress shaping: True
09:52:44 INFO: Starting policer on interface s2-eth1
09:52:44 INFO: Classes: [('HTTP', 34, '5mbit', '10kb'), ('RTP', 46, '10mbit', '10kb'), ('DNS', 8, '1mbit', '5kb'), ('SSH', 16, '2mbit', '5kb')]
09:52:44 INFO: Enable egress shaping: True
09:52:44 INFO: Starting policer on interface s2-eth3
09:52:44 INFO: Classes: [('HTTP', 34, '5mbit', '10kb'), ('RTP', 46, '10mbit', '10kb'), ('DNS', 8, '1mbit', '5kb'), ('SSH', 16, '2mbit', '5kb')]
09:52:44 INFO: Enable egress shaping: True
09:52:44 ERROR: Command failed: tc filter del dev s2-eth3 parent ffff:
rc=2 stdout= stderr=Error: Parent Qdisc doesn't exists.
We have an error talking to the kernel
09:52:44 ERROR: Command failed: tc filter del dev s4-eth2 parent ffff:
rc=2 stdout= stderr=Error: Parent Qdisc doesn't exists.
We have an error talking to the kernel
09:52:44 ERROR: Command failed: tc filter del dev s2-eth1 parent ffff:
rc=2 stdout= stderr=Error: Parent Qdisc doesn't exists.
We have an error talking to the kernel
09:52:45 ERROR: Command failed: tc qdisc del dev s4-eth2 ingress
rc=2 stdout= stderr=Error: Cannot find specified qdisc on specified device.
09:52:45 INFO: egress HTB installed on s1-eth3, class 1:10 rate=5mbit burst=10kb
09:52:45 ERROR: Command failed: tc qdisc del dev s2-eth1 ingress
rc=2 stdout= stderr=Error: Cannot find specified qdisc on specified device.
09:52:45 ERROR: Command failed: tc qdisc del dev s2-eth3 ingress
rc=2 stdout= stderr=Error: Cannot find specified qdisc on specified device.
09:52:45 INFO: ingress qdisc added on s4-eth2
09:52:45 INFO: Installed ingress police (u32) on s1-eth3 for DSCP=34 (tos=0x88) rate=5mbit burst=10kb
09:52:45 ERROR: Command failed: tc qdisc del dev s4-eth2 root
rc=2 stdout= stderr=Error: Cannot delete qdisc with handle of zero.
09:52:45 INFO: ingress qdisc added on s2-eth1
09:52:45 INFO: ingress qdisc added on s2-eth3
09:52:45 INFO: Installed ingress police (u32) on s1-eth3 for DSCP=46 (tos=0xb8) rate=10mbit burst=10kb
09:52:45 INFO: Starting policer on interface s3-eth1
09:52:45 INFO: Starting policer on interface s1-eth2
09:52:45 INFO: Classes: [('HTTP', 34, '5mbit', '10kb'), ('RTP', 46, '10mbit', '10kb'), ('DNS', 8, '1mbit', '5kb'), ('SSH', 16, '2mbit', '5kb')]
09:52:45 INFO: Classes: [('HTTP', 34, '5mbit', '10kb'), ('RTP', 46, '10mbit', '10kb'), ('DNS', 8, '1mbit', '5kb'), ('SSH', 16, '2mbit', '5kb')]
09:52:45 INFO: Enable egress shaping: True
09:52:45 INFO: Enable egress shaping: True
09:52:45 ERROR: Command failed: tc qdisc del dev s2-eth3 root
rc=2 stdout= stderr=Error: Cannot delete qdisc with handle of zero.
09:52:45 INFO: Starting policer on interface s1-eth4
09:52:45 INFO: Classes: [('HTTP', 34, '5mbit', '10kb'), ('RTP', 46, '10mbit', '10kb'), ('DNS', 8, '1mbit', '5kb'), ('SSH', 16, '2mbit', '5kb')]
09:52:45 INFO: Enable egress shaping: True
09:52:45 ERROR: Command failed: tc filter del dev s1-eth2 parent ffff:
rc=2 stdout= stderr=Error: Parent Qdisc doesn't exists.
We have an error talking to the kernel
09:52:45 INFO: Installed ingress police (u32) on s1-eth3 for DSCP=8 (tos=0x20) rate=1mbit burst=5kb
09:52:45 INFO: egress HTB installed on s4-eth2, class 1:10 rate=5mbit burst=10kb
09:52:45 INFO: egress HTB installed on s2-eth1, class 1:10 rate=5mbit burst=10kb
09:52:45 INFO: Installed ingress police (u32) on s1-eth3 for DSCP=16 (tos=0x40) rate=2mbit burst=5kb
09:52:45 INFO: Policer installed. Running...
09:52:45 ERROR: Command failed: tc qdisc del dev s1-eth2 ingress
rc=2 stdout= stderr=Error: Cannot find specified qdisc on specified device.
09:52:45 INFO: Installed ingress police (u32) on s4-eth2 for DSCP=34 (tos=0x88) rate=5mbit burst=10kb
09:52:45 INFO: Installed ingress police (u32) on s2-eth1 for DSCP=34 (tos=0x88) rate=5mbit burst=10kb
09:52:45 INFO: Starting policer on interface s3-eth3
09:52:45 INFO: Classes: [('HTTP', 34, '5mbit', '10kb'), ('RTP', 46, '10mbit', '10kb'), ('DNS', 8, '1mbit', '5kb'), ('SSH', 16, '2mbit', '5kb')]
09:52:45 INFO: Enable egress shaping: True
09:52:45 ERROR: Command failed: tc filter del dev s3-eth1 parent ffff:
rc=2 stdout= stderr=Error: Parent Qdisc doesn't exists.
We have an error talking to the kernel
09:52:45 ERROR: Command failed: tc qdisc add dev s2-eth3 root handle 1: htb default 10
rc=2 stdout= stderr=Error: Exclusivity flag on, cannot modify.
09:52:45 ERROR: Unhandled error: Command 'tc qdisc add dev s2-eth3 root handle 1: htb default 10' returned non-zero exit status 2.
Traceback (most recent call last):
  File "/home/pedromatos48/4ano/QSI/QSI-TP3/policer.py", line 129, in main
    install_policers(dev, classes, do_egress_shaping=args.shaping)
  File "/home/pedromatos48/4ano/QSI/QSI-TP3/policer.py", line 93, in install_policers
    setup_egress_shaper(dev)
  File "/home/pedromatos48/4ano/QSI/QSI-TP3/policer.py", line 72, in setup_egress_shaper
    run_cmd(f"tc qdisc add dev {dev} root handle 1: htb default 10")
  File "/home/pedromatos48/4ano/QSI/QSI-TP3/policer.py", line 29, in run_cmd
    proc = subprocess.run(cmd, shell=True, check=True, capture_output=True, text=True)
  File "/usr/lib/python3.10/subprocess.py", line 526, in run
    raise CalledProcessError(retcode, process.args,
subprocess.CalledProcessError: Command 'tc qdisc add dev s2-eth3 root handle 1: htb default 10' returned non-zero exit status 2.
09:52:45 INFO: Starting policer on interface s2-eth2
09:52:45 INFO: Classes: [('HTTP', 34, '5mbit', '10kb'), ('RTP', 46, '10mbit', '10kb'), ('DNS', 8, '1mbit', '5kb'), ('SSH', 16, '2mbit', '5kb')]
09:52:45 INFO: Enable egress shaping: True
09:52:45 ERROR: Command failed: tc filter del dev s1-eth4 parent ffff:
rc=2 stdout= stderr=Error: Parent Qdisc doesn't exists.
We have an error talking to the kernel
09:52:45 INFO: Starting policer on interface s4-eth1
09:52:45 INFO: Starting policer on interface s3-eth2
09:52:45 INFO: Classes: [('HTTP', 34, '5mbit', '10kb'), ('RTP', 46, '10mbit', '10kb'), ('DNS', 8, '1mbit', '5kb'), ('SSH', 16, '2mbit', '5kb')]
09:52:45 ERROR: Command failed: tc filter del dev s3-eth3 parent ffff:
rc=2 stdout= stderr=Error: Parent Qdisc doesn't exists.
We have an error talking to the kernel
09:52:45 INFO: Enable egress shaping: True
09:52:45 INFO: Starting policer on interface s3-eth4
09:52:45 INFO: Classes: [('HTTP', 34, '5mbit', '10kb'), ('RTP', 46, '10mbit', '10kb'), ('DNS', 8, '1mbit', '5kb'), ('SSH', 16, '2mbit', '5kb')]
09:52:45 INFO: Enable egress shaping: True
09:52:45 INFO: Installed ingress police (u32) on s4-eth2 for DSCP=46 (tos=0xb8) rate=10mbit burst=10kb
09:52:45 INFO: Classes: [('HTTP', 34, '5mbit', '10kb'), ('RTP', 46, '10mbit', '10kb'), ('DNS', 8, '1mbit', '5kb'), ('SSH', 16, '2mbit', '5kb')]
09:52:45 INFO: Enable egress shaping: True
09:52:45 INFO: Installed ingress police (u32) on s2-eth1 for DSCP=46 (tos=0xb8) rate=10mbit burst=10kb
09:52:45 INFO: Starting policer on interface s1-eth1
09:52:45 INFO: Classes: [('HTTP', 34, '5mbit', '10kb'), ('RTP', 46, '10mbit', '10kb'), ('DNS', 8, '1mbit', '5kb'), ('SSH', 16, '2mbit', '5kb')]
09:52:45 INFO: Enable egress shaping: True
09:52:45 INFO: ingress qdisc added on s1-eth2
09:52:45 ERROR: Command failed: tc qdisc del dev s1-eth4 ingress
rc=2 stdout= stderr=Error: Cannot find specified qdisc on specified device.
09:52:45 ERROR: Command failed: tc qdisc del dev s3-eth3 ingress
rc=2 stdout= stderr=Error: Cannot find specified qdisc on specified device.
09:52:45 INFO: Installed ingress police (u32) on s2-eth1 for DSCP=8 (tos=0x20) rate=1mbit burst=5kb
09:52:45 ERROR: Command failed: tc filter del dev s2-eth2 parent ffff:
rc=2 stdout= stderr=Error: Parent Qdisc doesn't exists.
We have an error talking to the kernel
09:52:45 ERROR: Command failed: tc filter del dev s4-eth1 parent ffff:
rc=2 stdout= stderr=Error: Parent Qdisc doesn't exists.
We have an error talking to the kernel
09:52:45 ERROR: Command failed: tc filter del dev s3-eth4 parent ffff:
rc=2 stdout= stderr=Error: Parent Qdisc doesn't exists.
We have an error talking to the kernel
09:52:45 ERROR: Command failed: tc qdisc del dev s3-eth1 ingress
rc=2 stdout= stderr=Error: Cannot find specified qdisc on specified device.
09:52:45 INFO: Installed ingress police (u32) on s2-eth1 for DSCP=16 (tos=0x40) rate=2mbit burst=5kb
09:52:45 INFO: Policer installed. Running...
09:52:45 ERROR: Command failed: tc filter del dev s1-eth1 parent ffff:
rc=2 stdout= stderr=Error: Parent Qdisc doesn't exists.
We have an error talking to the kernel
09:52:45 INFO: ingress qdisc added on s3-eth3
09:52:45 ERROR: Command failed: tc qdisc del dev s4-eth1 ingress
rc=2 stdout= stderr=Error: Cannot find specified qdisc on specified device.
09:52:45 ERROR: Command failed: tc qdisc del dev s1-eth1 ingress
rc=2 stdout= stderr=Error: Cannot find specified qdisc on specified device.
09:52:45 INFO: Starting policer on interface s4-eth3
09:52:45 INFO: Classes: [('HTTP', 34, '5mbit', '10kb'), ('RTP', 46, '10mbit', '10kb'), ('DNS', 8, '1mbit', '5kb'), ('SSH', 16, '2mbit', '5kb')]
09:52:45 INFO: Enable egress shaping: True
09:52:45 ERROR: Command failed: tc filter del dev s3-eth2 parent ffff:
rc=2 stdout= stderr=Error: Parent Qdisc doesn't exists.
We have an error talking to the kernel
09:52:45 INFO: ingress qdisc added on s1-eth4
09:52:45 ERROR: Command failed: tc qdisc del dev s3-eth4 ingress
rc=2 stdout= stderr=Error: Cannot find specified qdisc on specified device.
09:52:45 ERROR: Command failed: tc filter del dev s4-eth3 parent ffff:
rc=2 stdout= stderr=Error: Parent Qdisc doesn't exists.
We have an error talking to the kernel
09:52:45 INFO: ingress qdisc added on s1-eth1
09:52:45 INFO: Installed ingress police (u32) on s4-eth2 for DSCP=8 (tos=0x20) rate=1mbit burst=5kb
09:52:45 ERROR: Command failed: tc qdisc del dev s3-eth2 ingress
rc=2 stdout= stderr=Error: Cannot find specified qdisc on specified device.
09:52:45 ERROR: Command failed: tc qdisc del dev s2-eth2 ingress
rc=2 stdout= stderr=Error: Cannot find specified qdisc on specified device.
09:52:45 INFO: ingress qdisc added on s4-eth1
09:52:45 INFO: Installed ingress police (u32) on s4-eth2 for DSCP=16 (tos=0x40) rate=2mbit burst=5kb
09:52:45 INFO: ingress qdisc added on s3-eth4
09:52:45 INFO: Policer installed. Running...
09:52:45 INFO: ingress qdisc added on s3-eth1
09:52:45 ERROR: Command failed: tc qdisc del dev s4-eth3 ingress
rc=2 stdout= stderr=Error: Cannot find specified qdisc on specified device.
09:52:45 INFO: ingress qdisc added on s3-eth2
09:52:45 INFO: ingress qdisc added on s2-eth2
09:52:45 INFO: ingress qdisc added on s4-eth3
09:52:45 INFO: egress HTB installed on s3-eth3, class 1:10 rate=5mbit burst=10kb
09:52:45 INFO: egress HTB installed on s1-eth4, class 1:10 rate=5mbit burst=10kb
09:52:45 INFO: cleared tc qdiscs on s2-eth3
09:52:45 INFO: Installed ingress police (u32) on s3-eth3 for DSCP=34 (tos=0x88) rate=5mbit burst=10kb
09:52:45 INFO: egress HTB installed on s1-eth1, class 1:10 rate=5mbit burst=10kb
09:52:45 INFO: egress HTB installed on s1-eth2, class 1:10 rate=5mbit burst=10kb
09:52:45 INFO: egress HTB installed on s3-eth2, class 1:10 rate=5mbit burst=10kb
09:52:45 INFO: Installed ingress police (u32) on s1-eth4 for DSCP=34 (tos=0x88) rate=5mbit burst=10kb
09:52:45 INFO: egress HTB installed on s4-eth1, class 1:10 rate=5mbit burst=10kb
09:52:45 INFO: egress HTB installed on s3-eth4, class 1:10 rate=5mbit burst=10kb
09:52:45 INFO: egress HTB installed on s3-eth1, class 1:10 rate=5mbit burst=10kb
09:52:45 INFO: egress HTB installed on s2-eth2, class 1:10 rate=5mbit burst=10kb
09:52:45 INFO: Installed ingress police (u32) on s3-eth2 for DSCP=34 (tos=0x88) rate=5mbit burst=10kb
09:52:45 INFO: Installed ingress police (u32) on s1-eth1 for DSCP=34 (tos=0x88) rate=5mbit burst=10kb
09:52:45 INFO: Installed ingress police (u32) on s1-eth2 for DSCP=34 (tos=0x88) rate=5mbit burst=10kb
09:52:45 INFO: Installed ingress police (u32) on s3-eth4 for DSCP=34 (tos=0x88) rate=5mbit burst=10kb
09:52:45 INFO: Installed ingress police (u32) on s4-eth1 for DSCP=34 (tos=0x88) rate=5mbit burst=10kb
09:52:45 INFO: Installed ingress police (u32) on s3-eth3 for DSCP=46 (tos=0xb8) rate=10mbit burst=10kb
09:52:45 INFO: Installed ingress police (u32) on s3-eth1 for DSCP=34 (tos=0x88) rate=5mbit burst=10kb
09:52:45 INFO: Installed ingress police (u32) on s4-eth1 for DSCP=46 (tos=0xb8) rate=10mbit burst=10kb
09:52:45 INFO: egress HTB installed on s4-eth3, class 1:10 rate=5mbit burst=10kb
09:52:45 INFO: Installed ingress police (u32) on s2-eth2 for DSCP=34 (tos=0x88) rate=5mbit burst=10kb
09:52:45 INFO: Installed ingress police (u32) on s1-eth4 for DSCP=46 (tos=0xb8) rate=10mbit burst=10kb
09:52:45 INFO: Installed ingress police (u32) on s1-eth1 for DSCP=46 (tos=0xb8) rate=10mbit burst=10kb
09:52:45 INFO: Installed ingress police (u32) on s3-eth3 for DSCP=8 (tos=0x20) rate=1mbit burst=5kb
09:52:45 INFO: Installed ingress police (u32) on s3-eth4 for DSCP=46 (tos=0xb8) rate=10mbit burst=10kb
09:52:45 INFO: Installed ingress police (u32) on s3-eth1 for DSCP=46 (tos=0xb8) rate=10mbit burst=10kb
09:52:45 INFO: Installed ingress police (u32) on s3-eth2 for DSCP=46 (tos=0xb8) rate=10mbit burst=10kb
09:52:45 INFO: Installed ingress police (u32) on s1-eth4 for DSCP=8 (tos=0x20) rate=1mbit burst=5kb
09:52:45 INFO: Installed ingress police (u32) on s3-eth3 for DSCP=16 (tos=0x40) rate=2mbit burst=5kb
09:52:45 INFO: Installed ingress police (u32) on s3-eth4 for DSCP=8 (tos=0x20) rate=1mbit burst=5kb
09:52:45 INFO: Policer installed. Running...
09:52:45 INFO: Installed ingress police (u32) on s1-eth2 for DSCP=46 (tos=0xb8) rate=10mbit burst=10kb
09:52:45 INFO: Installed ingress police (u32) on s2-eth2 for DSCP=46 (tos=0xb8) rate=10mbit burst=10kb
09:52:45 INFO: Installed ingress police (u32) on s1-eth1 for DSCP=8 (tos=0x20) rate=1mbit burst=5kb
09:52:45 INFO: Installed ingress police (u32) on s4-eth3 for DSCP=34 (tos=0x88) rate=5mbit burst=10kb
09:52:45 INFO: Installed ingress police (u32) on s3-eth1 for DSCP=8 (tos=0x20) rate=1mbit burst=5kb
09:52:45 INFO: Installed ingress police (u32) on s3-eth2 for DSCP=8 (tos=0x20) rate=1mbit burst=5kb
09:52:45 INFO: Installed ingress police (u32) on s2-eth2 for DSCP=8 (tos=0x20) rate=1mbit burst=5kb
09:52:45 INFO: Installed ingress police (u32) on s1-eth1 for DSCP=16 (tos=0x40) rate=2mbit burst=5kb
09:52:45 INFO: Installed ingress police (u32) on s1-eth4 for DSCP=16 (tos=0x40) rate=2mbit burst=5kb
09:52:45 INFO: Installed ingress police (u32) on s4-eth1 for DSCP=8 (tos=0x20) rate=1mbit burst=5kb
09:52:45 INFO: Policer installed. Running...
09:52:45 INFO: Installed ingress police (u32) on s3-eth4 for DSCP=16 (tos=0x40) rate=2mbit burst=5kb
09:52:45 INFO: Policer installed. Running...
09:52:45 INFO: Policer installed. Running...
09:52:45 INFO: Installed ingress police (u32) on s4-eth3 for DSCP=46 (tos=0xb8) rate=10mbit burst=10kb
09:52:45 INFO: Installed ingress police (u32) on s3-eth1 for DSCP=16 (tos=0x40) rate=2mbit burst=5kb
09:52:45 INFO: Policer installed. Running...
09:52:45 INFO: Installed ingress police (u32) on s1-eth2 for DSCP=8 (tos=0x20) rate=1mbit burst=5kb
09:52:45 INFO: Installed ingress police (u32) on s3-eth2 for DSCP=16 (tos=0x40) rate=2mbit burst=5kb
09:52:45 INFO: Policer installed. Running...
09:52:45 INFO: Installed ingress police (u32) on s2-eth2 for DSCP=16 (tos=0x40) rate=2mbit burst=5kb
09:52:45 INFO: Installed ingress police (u32) on s4-eth1 for DSCP=16 (tos=0x40) rate=2mbit burst=5kb
09:52:45 INFO: Policer installed. Running...
09:52:45 INFO: Policer installed. Running...
09:52:45 INFO: Installed ingress police (u32) on s4-eth3 for DSCP=8 (tos=0x20) rate=1mbit burst=5kb
09:52:45 INFO: Installed ingress police (u32) on s1-eth2 for DSCP=16 (tos=0x40) rate=2mbit burst=5kb
09:52:45 INFO: Policer installed. Running...
09:52:45 INFO: Installed ingress police (u32) on s4-eth3 for DSCP=16 (tos=0x40) rate=2mbit burst=5kb
09:52:45 INFO: Policer installed. Running...
09:53:48 INFO: Received stop signal, cleaning up...
09:53:48 INFO: Received stop signal, cleaning up...
09:53:48 INFO: Received stop signal, cleaning up...
09:53:48 INFO: Received stop signal, cleaning up...
09:53:48 INFO: Received stop signal, cleaning up...
09:53:48 INFO: Received stop signal, cleaning up...
09:53:48 INFO: Received stop signal, cleaning up...
09:53:48 INFO: Received stop signal, cleaning up...
09:53:48 INFO: Received stop signal, cleaning up...
09:53:48 INFO: Received stop signal, cleaning up...
09:53:48 INFO: Received stop signal, cleaning up...
09:53:48 INFO: Received stop signal, cleaning up...
09:53:48 INFO: Received stop signal, cleaning up...
09:53:48 INFO: cleared tc qdiscs on s1-eth4
09:53:48 ERROR: Command failed: tc qdisc del dev s3-eth1 root
rc=2 stdout= stderr=Error: Cannot delete qdisc with handle of zero.
09:53:48 INFO: cleared tc qdiscs on s3-eth1
09:53:48 ERROR: Command failed: tc qdisc del dev s1-eth1 root
rc=2 stdout= stderr=Error: Cannot delete qdisc with handle of zero.
09:53:48 INFO: cleared tc qdiscs on s1-eth1
09:53:48 INFO: cleared tc qdiscs on s4-eth2
09:53:48 ERROR: Command failed: tc qdisc del dev s3-eth3 root
rc=2 stdout= stderr=Error: Cannot delete qdisc with handle of zero.
09:53:48 INFO: cleared tc qdiscs on s3-eth3
09:53:48 ERROR: Command failed: tc qdisc del dev s4-eth3 root
rc=2 stdout= stderr=Error: Cannot delete qdisc with handle of zero.
09:53:48 INFO: cleared tc qdiscs on s4-eth3
09:53:48 ERROR: Command failed: tc qdisc del dev s4-eth1 root
rc=2 stdout= stderr=Error: Cannot delete qdisc with handle of zero.
09:53:48 INFO: cleared tc qdiscs on s4-eth1
09:53:48 ERROR: Command failed: tc qdisc del dev s1-eth3 root
rc=2 stdout= stderr=Error: Cannot delete qdisc with handle of zero.
09:53:48 INFO: cleared tc qdiscs on s1-eth3
09:53:48 ERROR: Command failed: tc qdisc del dev s2-eth1 root
rc=2 stdout= stderr=Error: Cannot delete qdisc with handle of zero.
09:53:48 INFO: cleared tc qdiscs on s2-eth1
09:53:48 ERROR: Command failed: tc qdisc del dev s3-eth2 root
rc=2 stdout= stderr=Error: Cannot delete qdisc with handle of zero.
09:53:48 INFO: cleared tc qdiscs on s3-eth2
09:53:48 ERROR: Command failed: tc qdisc del dev s1-eth2 root
rc=2 stdout= stderr=Error: Cannot delete qdisc with handle of zero.
09:53:48 INFO: cleared tc qdiscs on s1-eth2
09:53:48 ERROR: Command failed: tc qdisc del dev s3-eth4 root
rc=2 stdout= stderr=Error: Cannot delete qdisc with handle of zero.
09:53:48 INFO: cleared tc qdiscs on s3-eth4
09:53:48 ERROR: Command failed: tc qdisc del dev s2-eth2 root
rc=1 stdout= stderr=Cannot find device "s2-eth2"
09:53:48 INFO: cleared tc qdiscs on s2-eth2
09:53:50 INFO: Starting policer on interface s3-eth2
09:53:50 INFO: Classes: [('HTTP', 34, '5mbit', '10kb'), ('RTP', 46, '10mbit', '10kb'), ('DNS', 8, '1mbit', '5kb'), ('SSH', 16, '2mbit', '5kb')]
09:53:50 INFO: Enable egress shaping: True
09:53:50 ERROR: Command failed: tc filter del dev s3-eth2 parent ffff:
rc=2 stdout= stderr=Error: Parent Qdisc doesn't exists.
We have an error talking to the kernel
09:53:50 ERROR: Command failed: tc qdisc del dev s3-eth2 ingress
rc=2 stdout= stderr=Error: Cannot find specified qdisc on specified device.
09:53:50 INFO: Starting policer on interface s1-eth4
09:53:50 INFO: Starting policer on interface s1-eth3
09:53:50 INFO: Classes: [('HTTP', 34, '5mbit', '10kb'), ('RTP', 46, '10mbit', '10kb'), ('DNS', 8, '1mbit', '5kb'), ('SSH', 16, '2mbit', '5kb')]
09:53:50 INFO: Enable egress shaping: True
09:53:50 INFO: Classes: [('HTTP', 34, '5mbit', '10kb'), ('RTP', 46, '10mbit', '10kb'), ('DNS', 8, '1mbit', '5kb'), ('SSH', 16, '2mbit', '5kb')]
09:53:50 INFO: Enable egress shaping: True
09:53:50 INFO: ingress qdisc added on s3-eth2
09:53:50 INFO: Starting policer on interface s1-eth1
09:53:50 INFO: Classes: [('HTTP', 34, '5mbit', '10kb'), ('RTP', 46, '10mbit', '10kb'), ('DNS', 8, '1mbit', '5kb'), ('SSH', 16, '2mbit', '5kb')]
09:53:50 INFO: Enable egress shaping: True
09:53:50 ERROR: Command failed: tc qdisc del dev s3-eth2 root
rc=2 stdout= stderr=Error: Cannot delete qdisc with handle of zero.
09:53:50 ERROR: Command failed: tc filter del dev s1-eth4 parent ffff:
rc=2 stdout= stderr=Error: Parent Qdisc doesn't exists.
We have an error talking to the kernel
09:53:50 ERROR: Command failed: tc filter del dev s1-eth3 parent ffff:
rc=2 stdout= stderr=Error: Parent Qdisc doesn't exists.
We have an error talking to the kernel
09:53:50 ERROR: Command failed: tc filter del dev s1-eth1 parent ffff:
rc=2 stdout= stderr=Error: Parent Qdisc doesn't exists.
We have an error talking to the kernel
09:53:50 ERROR: Command failed: tc qdisc del dev s1-eth1 ingress
rc=2 stdout= stderr=Error: Cannot find specified qdisc on specified device.
09:53:50 INFO: Starting policer on interface s4-eth1
09:53:50 INFO: Classes: [('HTTP', 34, '5mbit', '10kb'), ('RTP', 46, '10mbit', '10kb'), ('DNS', 8, '1mbit', '5kb'), ('SSH', 16, '2mbit', '5kb')]
09:53:50 INFO: Enable egress shaping: True
09:53:50 ERROR: Command failed: tc qdisc del dev s1-eth3 ingress
rc=2 stdout= stderr=Error: Cannot find specified qdisc on specified device.
09:53:50 INFO: ingress qdisc added on s1-eth1
09:53:50 INFO: Starting policer on interface s4-eth3
09:53:50 INFO: Classes: [('HTTP', 34, '5mbit', '10kb'), ('RTP', 46, '10mbit', '10kb'), ('DNS', 8, '1mbit', '5kb'), ('SSH', 16, '2mbit', '5kb')]
09:53:50 INFO: Enable egress shaping: True
09:53:50 INFO: Starting policer on interface s2-eth1
09:53:50 INFO: Classes: [('HTTP', 34, '5mbit', '10kb'), ('RTP', 46, '10mbit', '10kb'), ('DNS', 8, '1mbit', '5kb'), ('SSH', 16, '2mbit', '5kb')]
09:53:50 ERROR: Command failed: tc qdisc del dev s1-eth4 ingress
rc=2 stdout= stderr=Error: Cannot find specified qdisc on specified device.
09:53:50 INFO: Enable egress shaping: True
09:53:50 ERROR: Command failed: tc filter del dev s4-eth3 parent ffff:
rc=2 stdout= stderr=Error: Parent Qdisc doesn't exists.
We have an error talking to the kernel
09:53:50 INFO: ingress qdisc added on s1-eth3
09:53:50 INFO: egress HTB installed on s3-eth2, class 1:10 rate=5mbit burst=10kb
09:53:50 INFO: Starting policer on interface s2-eth2
09:53:50 INFO: Classes: [('HTTP', 34, '5mbit', '10kb'), ('RTP', 46, '10mbit', '10kb'), ('DNS', 8, '1mbit', '5kb'), ('SSH', 16, '2mbit', '5kb')]
09:53:50 INFO: Enable egress shaping: True
09:53:50 INFO: Starting policer on interface s3-eth1
09:53:50 INFO: Classes: [('HTTP', 34, '5mbit', '10kb'), ('RTP', 46, '10mbit', '10kb'), ('DNS', 8, '1mbit', '5kb'), ('SSH', 16, '2mbit', '5kb')]
09:53:50 INFO: Enable egress shaping: True
09:53:50 INFO: ingress qdisc added on s1-eth4
09:53:50 ERROR: Command failed: tc filter del dev s4-eth1 parent ffff:
rc=2 stdout= stderr=Error: Parent Qdisc doesn't exists.
We have an error talking to the kernel
09:53:50 INFO: Starting policer on interface s3-eth3
09:53:50 INFO: Classes: [('HTTP', 34, '5mbit', '10kb'), ('RTP', 46, '10mbit', '10kb'), ('DNS', 8, '1mbit', '5kb'), ('SSH', 16, '2mbit', '5kb')]
09:53:50 INFO: Enable egress shaping: True
09:53:50 ERROR: Command failed: tc filter del dev s2-eth2 parent ffff:
rc=2 stdout= stderr=Error: Parent Qdisc doesn't exists.
We have an error talking to the kernel
09:53:50 ERROR: Command failed: tc qdisc del dev s1-eth4 root
rc=2 stdout= stderr=Error: Cannot delete qdisc with handle of zero.
09:53:50 ERROR: Command failed: tc filter del dev s2-eth1 parent ffff:
rc=2 stdout= stderr=Error: Parent Qdisc doesn't exists.
We have an error talking to the kernel
09:53:50 ERROR: Command failed: tc qdisc del dev s4-eth1 ingress
rc=2 stdout= stderr=Error: Cannot find specified qdisc on specified device.
09:53:50 ERROR: Command failed: tc filter del dev s3-eth1 parent ffff:
rc=2 stdout= stderr=Error: Parent Qdisc doesn't exists.
We have an error talking to the kernel
09:53:50 ERROR: Command failed: tc qdisc del dev s2-eth2 ingress
rc=2 stdout= stderr=Error: Cannot find specified qdisc on specified device.
09:53:50 INFO: ingress qdisc added on s4-eth1
09:53:50 ERROR: Command failed: tc qdisc del dev s4-eth3 ingress
rc=2 stdout= stderr=Error: Cannot find specified qdisc on specified device.
09:53:50 ERROR: Command failed: tc qdisc del dev s3-eth1 ingress
rc=2 stdout= stderr=Error: Cannot find specified qdisc on specified device.
09:53:50 ERROR: Command failed: tc filter del dev s3-eth3 parent ffff:
rc=2 stdout= stderr=Error: Parent Qdisc doesn't exists.
We have an error talking to the kernel
09:53:50 INFO: Starting policer on interface s4-eth2
09:53:50 INFO: Classes: [('HTTP', 34, '5mbit', '10kb'), ('RTP', 46, '10mbit', '10kb'), ('DNS', 8, '1mbit', '5kb'), ('SSH', 16, '2mbit', '5kb')]
09:53:50 INFO: Enable egress shaping: True
09:53:50 INFO: ingress qdisc added on s2-eth2
09:53:50 INFO: Installed ingress police (u32) on s3-eth2 for DSCP=34 (tos=0x88) rate=5mbit burst=10kb
09:53:50 INFO: Installed ingress police (u32) on s3-eth2 for DSCP=46 (tos=0xb8) rate=10mbit burst=10kb
09:53:50 INFO: Starting policer on interface s2-eth3
09:53:50 INFO: Classes: [('HTTP', 34, '5mbit', '10kb'), ('RTP', 46, '10mbit', '10kb'), ('DNS', 8, '1mbit', '5kb'), ('SSH', 16, '2mbit', '5kb')]
09:53:50 INFO: Starting policer on interface s3-eth4
09:53:50 INFO: Classes: [('HTTP', 34, '5mbit', '10kb'), ('RTP', 46, '10mbit', '10kb'), ('DNS', 8, '1mbit', '5kb'), ('SSH', 16, '2mbit', '5kb')]
09:53:50 INFO: Enable egress shaping: True
09:53:50 INFO: Enable egress shaping: True
09:53:50 INFO: Starting policer on interface s1-eth2
09:53:50 ERROR: Command failed: tc class add dev s1-eth4 parent 1: classid 1:10 htb rate 5mbit burst 10kb
rc=2 stdout= stderr=RTNETLINK answers: No such file or directory
09:53:50 INFO: Classes: [('HTTP', 34, '5mbit', '10kb'), ('RTP', 46, '10mbit', '10kb'), ('DNS', 8, '1mbit', '5kb'), ('SSH', 16, '2mbit', '5kb')]
09:53:50 ERROR: Unhandled error: Command 'tc class add dev s1-eth4 parent 1: classid 1:10 htb rate 5mbit burst 10kb' returned non-zero exit status 2.
Traceback (most recent call last):
  File "/home/pedromatos48/4ano/QSI/QSI-TP3/policer.py", line 129, in main
    install_policers(dev, classes, do_egress_shaping=args.shaping)
  File "/home/pedromatos48/4ano/QSI/QSI-TP3/policer.py", line 93, in install_policers
    setup_egress_shaper(dev)
  File "/home/pedromatos48/4ano/QSI/QSI-TP3/policer.py", line 73, in setup_egress_shaper
    run_cmd(f"tc class add dev {dev} parent 1: classid 1:10 htb rate {default_rate} burst {default_burst}")
  File "/home/pedromatos48/4ano/QSI/QSI-TP3/policer.py", line 29, in run_cmd
    proc = subprocess.run(cmd, shell=True, check=True, capture_output=True, text=True)
  File "/usr/lib/python3.10/subprocess.py", line 526, in run
    raise CalledProcessError(retcode, process.args,
subprocess.CalledProcessError: Command 'tc class add dev s1-eth4 parent 1: classid 1:10 htb rate 5mbit burst 10kb' returned non-zero exit status 2.
09:53:50 ERROR: Command failed: tc filter del dev s2-eth3 parent ffff:
rc=2 stdout= stderr=Error: Parent Qdisc doesn't exists.
We have an error talking to the kernel
09:53:50 INFO: Enable egress shaping: True
09:53:50 INFO: Installed ingress police (u32) on s3-eth2 for DSCP=8 (tos=0x20) rate=1mbit burst=5kb
09:53:50 ERROR: Command failed: tc filter del dev s3-eth4 parent ffff:
rc=2 stdout= stderr=Error: Parent Qdisc doesn't exists.
We have an error talking to the kernel
09:53:50 INFO: Installed ingress police (u32) on s3-eth2 for DSCP=16 (tos=0x40) rate=2mbit burst=5kb
09:53:50 INFO: Policer installed. Running...
09:53:50 INFO: egress HTB installed on s1-eth1, class 1:10 rate=5mbit burst=10kb
09:53:50 ERROR: Command failed: tc qdisc del dev s2-eth3 ingress
rc=2 stdout= stderr=Error: Cannot find specified qdisc on specified device.
09:53:50 ERROR: Command failed: tc filter del dev s1-eth2 parent ffff:
rc=2 stdout= stderr=Error: Parent Qdisc doesn't exists.
We have an error talking to the kernel
09:53:50 ERROR: Command failed: tc qdisc del dev s2-eth1 ingress
rc=2 stdout= stderr=Error: Cannot find specified qdisc on specified device.
09:53:50 INFO: ingress qdisc added on s4-eth3
09:53:50 INFO: ingress qdisc added on s2-eth3
09:53:50 INFO: egress HTB installed on s1-eth3, class 1:10 rate=5mbit burst=10kb
09:53:50 INFO: Installed ingress police (u32) on s1-eth1 for DSCP=34 (tos=0x88) rate=5mbit burst=10kb
09:53:50 ERROR: Command failed: tc filter del dev s4-eth2 parent ffff:
rc=2 stdout= stderr=Error: Parent Qdisc doesn't exists.
We have an error talking to the kernel
09:53:50 ERROR: Command failed: tc qdisc del dev s4-eth3 root
rc=2 stdout= stderr=Error: Cannot delete qdisc with handle of zero.
09:53:50 ERROR: Command failed: tc qdisc del dev s3-eth3 ingress
rc=2 stdout= stderr=Error: Cannot find specified qdisc on specified device.
09:53:50 ERROR: Command failed: tc qdisc del dev s1-eth2 ingress
rc=2 stdout= stderr=Error: Cannot find specified qdisc on specified device.
09:53:50 INFO: ingress qdisc added on s3-eth1
09:53:50 ERROR: Command failed: tc qdisc add dev s4-eth3 root handle 1: htb default 10
rc=2 stdout= stderr=Error: Exclusivity flag on, cannot modify.
09:53:50 INFO: Installed ingress police (u32) on s1-eth1 for DSCP=46 (tos=0xb8) rate=10mbit burst=10kb
09:53:50 ERROR: Command failed: tc qdisc del dev s3-eth4 ingress
rc=2 stdout= stderr=Error: Cannot find specified qdisc on specified device.
09:53:50 INFO: Installed ingress police (u32) on s1-eth3 for DSCP=34 (tos=0x88) rate=5mbit burst=10kb
09:53:50 INFO: cleared tc qdiscs on s1-eth4
09:53:50 ERROR: Command failed: tc qdisc del dev s4-eth2 ingress
rc=2 stdout= stderr=Error: Cannot find specified qdisc on specified device.
09:53:50 INFO: ingress qdisc added on s2-eth1
09:53:50 ERROR: Command failed: tc qdisc del dev s4-eth1 root
rc=2 stdout= stderr=Error: Cannot delete qdisc with handle of zero.
09:53:50 ERROR: Unhandled error: Command 'tc qdisc add dev s4-eth3 root handle 1: htb default 10' returned non-zero exit status 2.
Traceback (most recent call last):
  File "/home/pedromatos48/4ano/QSI/QSI-TP3/policer.py", line 129, in main
    install_policers(dev, classes, do_egress_shaping=args.shaping)
  File "/home/pedromatos48/4ano/QSI/QSI-TP3/policer.py", line 93, in install_policers
    setup_egress_shaper(dev)
  File "/home/pedromatos48/4ano/QSI/QSI-TP3/policer.py", line 72, in setup_egress_shaper
    run_cmd(f"tc qdisc add dev {dev} root handle 1: htb default 10")
  File "/home/pedromatos48/4ano/QSI/QSI-TP3/policer.py", line 29, in run_cmd
    proc = subprocess.run(cmd, shell=True, check=True, capture_output=True, text=True)
  File "/usr/lib/python3.10/subprocess.py", line 526, in run
    raise CalledProcessError(retcode, process.args,
subprocess.CalledProcessError: Command 'tc qdisc add dev s4-eth3 root handle 1: htb default 10' returned non-zero exit status 2.
09:53:50 INFO: Installed ingress police (u32) on s1-eth1 for DSCP=8 (tos=0x20) rate=1mbit burst=5kb
09:53:50 INFO: ingress qdisc added on s3-eth3
09:53:50 INFO: ingress qdisc added on s3-eth4
09:53:50 INFO: ingress qdisc added on s4-eth2
09:53:50 INFO: Installed ingress police (u32) on s1-eth3 for DSCP=46 (tos=0xb8) rate=10mbit burst=10kb
09:53:50 INFO: ingress qdisc added on s1-eth2
09:53:50 INFO: Installed ingress police (u32) on s1-eth3 for DSCP=8 (tos=0x20) rate=1mbit burst=5kb
09:53:50 INFO: Installed ingress police (u32) on s1-eth1 for DSCP=16 (tos=0x40) rate=2mbit burst=5kb
09:53:50 INFO: Policer installed. Running...
09:53:50 INFO: egress HTB installed on s4-eth1, class 1:10 rate=5mbit burst=10kb
09:53:50 INFO: cleared tc qdiscs on s4-eth3
09:53:50 INFO: egress HTB installed on s3-eth3, class 1:10 rate=5mbit burst=10kb
09:53:50 INFO: egress HTB installed on s2-eth2, class 1:10 rate=5mbit burst=10kb
09:53:50 INFO: egress HTB installed on s2-eth1, class 1:10 rate=5mbit burst=10kb
09:53:50 INFO: egress HTB installed on s3-eth1, class 1:10 rate=5mbit burst=10kb
09:53:50 INFO: egress HTB installed on s2-eth3, class 1:10 rate=5mbit burst=10kb
09:53:50 INFO: Installed ingress police (u32) on s2-eth2 for DSCP=34 (tos=0x88) rate=5mbit burst=10kb
09:53:50 INFO: Installed ingress police (u32) on s1-eth3 for DSCP=16 (tos=0x40) rate=2mbit burst=5kb
09:53:50 INFO: Installed ingress police (u32) on s3-eth3 for DSCP=34 (tos=0x88) rate=5mbit burst=10kb
09:53:50 INFO: Policer installed. Running...
09:53:50 INFO: Installed ingress police (u32) on s4-eth1 for DSCP=34 (tos=0x88) rate=5mbit burst=10kb
09:53:50 INFO: Installed ingress police (u32) on s3-eth1 for DSCP=34 (tos=0x88) rate=5mbit burst=10kb
09:53:50 INFO: Installed ingress police (u32) on s2-eth1 for DSCP=34 (tos=0x88) rate=5mbit burst=10kb
09:53:51 INFO: Installed ingress police (u32) on s2-eth3 for DSCP=34 (tos=0x88) rate=5mbit burst=10kb
09:53:51 INFO: egress HTB installed on s3-eth4, class 1:10 rate=5mbit burst=10kb
09:53:51 INFO: egress HTB installed on s1-eth2, class 1:10 rate=5mbit burst=10kb
09:53:51 INFO: Installed ingress police (u32) on s4-eth1 for DSCP=46 (tos=0xb8) rate=10mbit burst=10kb
09:53:51 INFO: Installed ingress police (u32) on s2-eth2 for DSCP=46 (tos=0xb8) rate=10mbit burst=10kb
09:53:51 INFO: Installed ingress police (u32) on s3-eth1 for DSCP=46 (tos=0xb8) rate=10mbit burst=10kb
09:53:51 INFO: Installed ingress police (u32) on s3-eth4 for DSCP=34 (tos=0x88) rate=5mbit burst=10kb
09:53:51 INFO: egress HTB installed on s4-eth2, class 1:10 rate=5mbit burst=10kb
09:53:51 INFO: Installed ingress police (u32) on s1-eth2 for DSCP=34 (tos=0x88) rate=5mbit burst=10kb
09:53:51 INFO: Installed ingress police (u32) on s2-eth1 for DSCP=46 (tos=0xb8) rate=10mbit burst=10kb
09:53:51 INFO: Installed ingress police (u32) on s3-eth3 for DSCP=46 (tos=0xb8) rate=10mbit burst=10kb
09:53:51 INFO: Installed ingress police (u32) on s2-eth3 for DSCP=46 (tos=0xb8) rate=10mbit burst=10kb
09:53:51 INFO: Installed ingress police (u32) on s4-eth1 for DSCP=8 (tos=0x20) rate=1mbit burst=5kb
09:53:51 INFO: Installed ingress police (u32) on s4-eth2 for DSCP=34 (tos=0x88) rate=5mbit burst=10kb
09:53:51 INFO: Installed ingress police (u32) on s1-eth2 for DSCP=46 (tos=0xb8) rate=10mbit burst=10kb
09:53:51 INFO: Installed ingress police (u32) on s3-eth1 for DSCP=8 (tos=0x20) rate=1mbit burst=5kb
09:53:51 INFO: Installed ingress police (u32) on s2-eth1 for DSCP=8 (tos=0x20) rate=1mbit burst=5kb
09:53:51 INFO: Installed ingress police (u32) on s2-eth2 for DSCP=8 (tos=0x20) rate=1mbit burst=5kb
09:53:51 INFO: Installed ingress police (u32) on s2-eth3 for DSCP=8 (tos=0x20) rate=1mbit burst=5kb
09:53:51 INFO: Installed ingress police (u32) on s3-eth3 for DSCP=8 (tos=0x20) rate=1mbit burst=5kb
09:53:51 INFO: Installed ingress police (u32) on s3-eth4 for DSCP=46 (tos=0xb8) rate=10mbit burst=10kb
09:53:51 INFO: Installed ingress police (u32) on s4-eth1 for DSCP=16 (tos=0x40) rate=2mbit burst=5kb
09:53:51 INFO: Policer installed. Running...
09:53:51 INFO: Installed ingress police (u32) on s4-eth2 for DSCP=46 (tos=0xb8) rate=10mbit burst=10kb
09:53:51 INFO: Installed ingress police (u32) on s3-eth3 for DSCP=16 (tos=0x40) rate=2mbit burst=5kb
09:53:51 INFO: Installed ingress police (u32) on s2-eth3 for DSCP=16 (tos=0x40) rate=2mbit burst=5kb
09:53:51 INFO: Policer installed. Running...
09:53:51 INFO: Policer installed. Running...
09:53:51 INFO: Installed ingress police (u32) on s1-eth2 for DSCP=8 (tos=0x20) rate=1mbit burst=5kb
09:53:51 INFO: Installed ingress police (u32) on s3-eth4 for DSCP=8 (tos=0x20) rate=1mbit burst=5kb
09:53:51 INFO: Installed ingress police (u32) on s2-eth1 for DSCP=16 (tos=0x40) rate=2mbit burst=5kb
09:53:51 INFO: Installed ingress police (u32) on s2-eth2 for DSCP=16 (tos=0x40) rate=2mbit burst=5kb
09:53:51 INFO: Installed ingress police (u32) on s3-eth1 for DSCP=16 (tos=0x40) rate=2mbit burst=5kb
09:53:51 INFO: Policer installed. Running...
09:53:51 INFO: Policer installed. Running...
09:53:51 INFO: Policer installed. Running...
09:53:51 INFO: Installed ingress police (u32) on s4-eth2 for DSCP=8 (tos=0x20) rate=1mbit burst=5kb
09:53:51 INFO: Installed ingress police (u32) on s1-eth2 for DSCP=16 (tos=0x40) rate=2mbit burst=5kb
09:53:51 INFO: Installed ingress police (u32) on s3-eth4 for DSCP=16 (tos=0x40) rate=2mbit burst=5kb
09:53:51 INFO: Policer installed. Running...
09:53:51 INFO: Policer installed. Running...
09:53:51 INFO: Installed ingress police (u32) on s4-eth2 for DSCP=16 (tos=0x40) rate=2mbit burst=5kb
09:53:51 INFO: Policer installed. Running...
10:00:01 INFO: Received stop signal, cleaning up...
10:00:01 INFO: Received stop signal, cleaning up...
10:00:01 INFO: Received stop signal, cleaning up...
10:00:01 INFO: Received stop signal, cleaning up...
10:00:01 INFO: Received stop signal, cleaning up...
10:00:01 INFO: Received stop signal, cleaning up...
10:00:01 INFO: Received stop signal, cleaning up...
10:00:01 INFO: Received stop signal, cleaning up...
10:00:01 INFO: Received stop signal, cleaning up...
10:00:01 INFO: Received stop signal, cleaning up...
10:00:01 INFO: Received stop signal, cleaning up...
10:00:01 INFO: Received stop signal, cleaning up...
10:00:01 INFO: cleared tc qdiscs on s3-eth1
10:00:01 INFO: cleared tc qdiscs on s3-eth4
10:00:01 INFO: cleared tc qdiscs on s2-eth1
10:00:01 ERROR: Command failed: tc qdisc del dev s1-eth1 root
rc=2 stdout= stderr=Error: Cannot delete qdisc with handle of zero.
10:00:01 INFO: cleared tc qdiscs on s1-eth1
10:00:01 ERROR: Command failed: tc qdisc del dev s1-eth3 root
rc=2 stdout= stderr=Error: Cannot delete qdisc with handle of zero.
10:00:01 INFO: cleared tc qdiscs on s1-eth3
10:00:01 ERROR: Command failed: tc qdisc del dev s2-eth2 root
rc=2 stdout= stderr=Error: Cannot delete qdisc with handle of zero.
10:00:01 INFO: cleared tc qdiscs on s2-eth2
10:00:01 ERROR: Command failed: tc qdisc del dev s4-eth2 root
rc=2 stdout= stderr=Error: Cannot delete qdisc with handle of zero.
10:00:01 INFO: cleared tc qdiscs on s4-eth2
10:00:01 ERROR: Command failed: tc qdisc del dev s2-eth3 root
rc=2 stdout= stderr=Error: Cannot delete qdisc with handle of zero.
10:00:01 INFO: cleared tc qdiscs on s2-eth3
10:00:01 ERROR: Command failed: tc qdisc del dev s1-eth2 root
rc=2 stdout= stderr=Error: Cannot delete qdisc with handle of zero.
10:00:01 INFO: cleared tc qdiscs on s1-eth2
10:00:01 ERROR: Command failed: tc qdisc del dev s3-eth3 root
rc=2 stdout= stderr=Error: Cannot delete qdisc with handle of zero.
10:00:01 INFO: cleared tc qdiscs on s3-eth3
10:00:01 INFO: cleared tc qdiscs on s4-eth1
10:00:01 ERROR: Command failed: tc qdisc del dev s3-eth2 root
rc=2 stdout= stderr=Error: Cannot delete qdisc with handle of zero.
10:00:01 INFO: cleared tc qdiscs on s3-eth2
10:00:03 INFO: Starting policer on interface s2-eth1
10:00:03 INFO: Classes: [('HTTP', 34, '5mbit', '10kb'), ('RTP', 46, '10mbit', '10kb'), ('DNS', 8, '1mbit', '5kb'), ('SSH', 16, '2mbit', '5kb')]
10:00:03 INFO: Enable egress shaping: True
10:00:03 INFO: Starting policer on interface s3-eth1
10:00:03 INFO: Classes: [('HTTP', 34, '5mbit', '10kb'), ('RTP', 46, '10mbit', '10kb'), ('DNS', 8, '1mbit', '5kb'), ('SSH', 16, '2mbit', '5kb')]
10:00:03 INFO: Enable egress shaping: True
10:00:03 INFO: Starting policer on interface s4-eth2
10:00:03 INFO: Classes: [('HTTP', 34, '5mbit', '10kb'), ('RTP', 46, '10mbit', '10kb'), ('DNS', 8, '1mbit', '5kb'), ('SSH', 16, '2mbit', '5kb')]
10:00:03 INFO: Enable egress shaping: True
10:00:03 ERROR: Command failed: tc filter del dev s2-eth1 parent ffff:
rc=1 stdout= stderr=Cannot find device "s2-eth1"
10:00:03 ERROR: Command failed: tc qdisc del dev s2-eth1 ingress
rc=1 stdout= stderr=Cannot find device "s2-eth1"
10:00:03 ERROR: Command failed: tc filter del dev s4-eth2 parent ffff:
rc=1 stdout= stderr=Cannot find device "s4-eth2"
10:00:03 ERROR: Command failed: tc filter del dev s3-eth1 parent ffff:
rc=1 stdout= stderr=Cannot find device "s3-eth1"
10:00:03 ERROR: Command failed: tc qdisc add dev s2-eth1 handle ffff: ingress
rc=1 stdout= stderr=Cannot find device "s2-eth1"
10:00:03 ERROR: Unhandled error: Command 'tc qdisc add dev s2-eth1 handle ffff: ingress' returned non-zero exit status 1.
Traceback (most recent call last):
  File "/home/pedromatos48/4ano/QSI/QSI-TP3/policer.py", line 129, in main
    install_policers(dev, classes, do_egress_shaping=args.shaping)
  File "/home/pedromatos48/4ano/QSI/QSI-TP3/policer.py", line 90, in install_policers
    ensure_ingress_qdisc(dev)
  File "/home/pedromatos48/4ano/QSI/QSI-TP3/policer.py", line 54, in ensure_ingress_qdisc
    run_cmd(f"tc qdisc add dev {dev} handle ffff: ingress")
  File "/home/pedromatos48/4ano/QSI/QSI-TP3/policer.py", line 29, in run_cmd
    proc = subprocess.run(cmd, shell=True, check=True, capture_output=True, text=True)
  File "/usr/lib/python3.10/subprocess.py", line 526, in run
    raise CalledProcessError(retcode, process.args,
subprocess.CalledProcessError: Command 'tc qdisc add dev s2-eth1 handle ffff: ingress' returned non-zero exit status 1.
10:00:03 INFO: Starting policer on interface s1-eth3
10:00:03 INFO: Classes: [('HTTP', 34, '5mbit', '10kb'), ('RTP', 46, '10mbit', '10kb'), ('DNS', 8, '1mbit', '5kb'), ('SSH', 16, '2mbit', '5kb')]
10:00:03 INFO: Enable egress shaping: True
10:00:03 ERROR: Command failed: tc qdisc del dev s4-eth2 ingress
rc=1 stdout= stderr=Cannot find device "s4-eth2"
10:00:04 ERROR: Command failed: tc qdisc del dev s3-eth1 ingress
rc=1 stdout= stderr=Cannot find device "s3-eth1"
10:00:04 ERROR: Command failed: tc qdisc del dev s2-eth1 ingress
rc=1 stdout= stderr=Cannot find device "s2-eth1"
10:00:04 ERROR: Command failed: tc filter del dev s1-eth3 parent ffff:
rc=1 stdout= stderr=Cannot find device "s1-eth3"
10:00:04 ERROR: Command failed: tc qdisc add dev s4-eth2 handle ffff: ingress
rc=1 stdout= stderr=Cannot find device "s4-eth2"
10:00:04 ERROR: Unhandled error: Command 'tc qdisc add dev s4-eth2 handle ffff: ingress' returned non-zero exit status 1.
Traceback (most recent call last):
  File "/home/pedromatos48/4ano/QSI/QSI-TP3/policer.py", line 129, in main
    install_policers(dev, classes, do_egress_shaping=args.shaping)
  File "/home/pedromatos48/4ano/QSI/QSI-TP3/policer.py", line 90, in install_policers
    ensure_ingress_qdisc(dev)
  File "/home/pedromatos48/4ano/QSI/QSI-TP3/policer.py", line 54, in ensure_ingress_qdisc
    run_cmd(f"tc qdisc add dev {dev} handle ffff: ingress")
  File "/home/pedromatos48/4ano/QSI/QSI-TP3/policer.py", line 29, in run_cmd
    proc = subprocess.run(cmd, shell=True, check=True, capture_output=True, text=True)
  File "/usr/lib/python3.10/subprocess.py", line 526, in run
    raise CalledProcessError(retcode, process.args,
subprocess.CalledProcessError: Command 'tc qdisc add dev s4-eth2 handle ffff: ingress' returned non-zero exit status 1.
10:00:04 ERROR: Command failed: tc qdisc del dev s2-eth1 root
rc=1 stdout= stderr=Cannot find device "s2-eth1"
10:00:04 INFO: cleared tc qdiscs on s2-eth1
10:00:04 ERROR: Command failed: tc qdisc add dev s3-eth1 handle ffff: ingress
rc=1 stdout= stderr=Cannot find device "s3-eth1"
10:00:04 ERROR: Unhandled error: Command 'tc qdisc add dev s3-eth1 handle ffff: ingress' returned non-zero exit status 1.
Traceback (most recent call last):
  File "/home/pedromatos48/4ano/QSI/QSI-TP3/policer.py", line 129, in main
    install_policers(dev, classes, do_egress_shaping=args.shaping)
  File "/home/pedromatos48/4ano/QSI/QSI-TP3/policer.py", line 90, in install_policers
    ensure_ingress_qdisc(dev)
  File "/home/pedromatos48/4ano/QSI/QSI-TP3/policer.py", line 54, in ensure_ingress_qdisc
    run_cmd(f"tc qdisc add dev {dev} handle ffff: ingress")
  File "/home/pedromatos48/4ano/QSI/QSI-TP3/policer.py", line 29, in run_cmd
    proc = subprocess.run(cmd, shell=True, check=True, capture_output=True, text=True)
  File "/usr/lib/python3.10/subprocess.py", line 526, in run
    raise CalledProcessError(retcode, process.args,
subprocess.CalledProcessError: Command 'tc qdisc add dev s3-eth1 handle ffff: ingress' returned non-zero exit status 1.
10:00:04 ERROR: Command failed: tc qdisc del dev s4-eth2 ingress
rc=1 stdout= stderr=Cannot find device "s4-eth2"
10:00:04 ERROR: Command failed: tc qdisc del dev s1-eth3 ingress
rc=1 stdout= stderr=Cannot find device "s1-eth3"
10:00:04 INFO: Starting policer on interface s4-eth1
10:00:04 INFO: Classes: [('HTTP', 34, '5mbit', '10kb'), ('RTP', 46, '10mbit', '10kb'), ('DNS', 8, '1mbit', '5kb'), ('SSH', 16, '2mbit', '5kb')]
10:00:04 INFO: Enable egress shaping: True
10:00:04 ERROR: Command failed: tc qdisc del dev s3-eth1 ingress
rc=1 stdout= stderr=Cannot find device "s3-eth1"
10:00:04 INFO: Starting policer on interface s1-eth4
10:00:04 INFO: Classes: [('HTTP', 34, '5mbit', '10kb'), ('RTP', 46, '10mbit', '10kb'), ('DNS', 8, '1mbit', '5kb'), ('SSH', 16, '2mbit', '5kb')]
10:00:04 INFO: Enable egress shaping: True
10:00:04 ERROR: Command failed: tc qdisc add dev s1-eth3 handle ffff: ingress
rc=1 stdout= stderr=Cannot find device "s1-eth3"
10:00:04 ERROR: Command failed: tc filter del dev s4-eth1 parent ffff:
rc=1 stdout= stderr=Cannot find device "s4-eth1"
10:00:04 INFO: Starting policer on interface s3-eth3
10:00:04 INFO: Classes: [('HTTP', 34, '5mbit', '10kb'), ('RTP', 46, '10mbit', '10kb'), ('DNS', 8, '1mbit', '5kb'), ('SSH', 16, '2mbit', '5kb')]
10:00:04 INFO: Enable egress shaping: True
10:00:04 ERROR: Unhandled error: Command 'tc qdisc add dev s1-eth3 handle ffff: ingress' returned non-zero exit status 1.
Traceback (most recent call last):
  File "/home/pedromatos48/4ano/QSI/QSI-TP3/policer.py", line 129, in main
    install_policers(dev, classes, do_egress_shaping=args.shaping)
  File "/home/pedromatos48/4ano/QSI/QSI-TP3/policer.py", line 90, in install_policers
    ensure_ingress_qdisc(dev)
  File "/home/pedromatos48/4ano/QSI/QSI-TP3/policer.py", line 54, in ensure_ingress_qdisc
    run_cmd(f"tc qdisc add dev {dev} handle ffff: ingress")
  File "/home/pedromatos48/4ano/QSI/QSI-TP3/policer.py", line 29, in run_cmd
    proc = subprocess.run(cmd, shell=True, check=True, capture_output=True, text=True)
  File "/usr/lib/python3.10/subprocess.py", line 526, in run
    raise CalledProcessError(retcode, process.args,
subprocess.CalledProcessError: Command 'tc qdisc add dev s1-eth3 handle ffff: ingress' returned non-zero exit status 1.
10:00:04 ERROR: Command failed: tc qdisc del dev s3-eth1 root
rc=1 stdout= stderr=Cannot find device "s3-eth1"
10:00:04 ERROR: Command failed: tc qdisc del dev s4-eth2 root
rc=1 stdout= stderr=Cannot find device "s4-eth2"
10:00:04 INFO: cleared tc qdiscs on s4-eth2
10:00:04 INFO: cleared tc qdiscs on s3-eth1
10:00:04 INFO: Starting policer on interface s1-eth1
10:00:04 INFO: Classes: [('HTTP', 34, '5mbit', '10kb'), ('RTP', 46, '10mbit', '10kb'), ('DNS', 8, '1mbit', '5kb'), ('SSH', 16, '2mbit', '5kb')]
10:00:04 INFO: Enable egress shaping: True
10:00:04 ERROR: Command failed: tc filter del dev s1-eth4 parent ffff:
rc=1 stdout= stderr=Cannot find device "s1-eth4"
10:00:04 ERROR: Command failed: tc qdisc del dev s4-eth1 ingress
rc=1 stdout= stderr=Cannot find device "s4-eth1"
10:00:04 INFO: Starting policer on interface s3-eth2
10:00:04 INFO: Classes: [('HTTP', 34, '5mbit', '10kb'), ('RTP', 46, '10mbit', '10kb'), ('DNS', 8, '1mbit', '5kb'), ('SSH', 16, '2mbit', '5kb')]
10:00:04 INFO: Enable egress shaping: True
10:00:04 ERROR: Command failed: tc qdisc del dev s1-eth3 ingress
rc=1 stdout= stderr=Cannot find device "s1-eth3"
10:00:04 ERROR: Command failed: tc filter del dev s3-eth3 parent ffff:
rc=1 stdout= stderr=Cannot find device "s3-eth3"
10:00:04 ERROR: Command failed: tc filter del dev s1-eth1 parent ffff:
rc=1 stdout= stderr=Cannot find device "s1-eth1"
10:00:04 INFO: Starting policer on interface s2-eth2
10:00:04 INFO: Classes: [('HTTP', 34, '5mbit', '10kb'), ('RTP', 46, '10mbit', '10kb'), ('DNS', 8, '1mbit', '5kb'), ('SSH', 16, '2mbit', '5kb')]
10:00:04 INFO: Enable egress shaping: True
10:00:04 ERROR: Command failed: tc qdisc del dev s3-eth3 ingress
rc=1 stdout= stderr=Cannot find device "s3-eth3"
10:00:04 ERROR: Command failed: tc qdisc del dev s1-eth4 ingress
rc=1 stdout= stderr=Cannot find device "s1-eth4"
10:00:04 ERROR: Command failed: tc qdisc add dev s4-eth1 handle ffff: ingress
rc=1 stdout= stderr=Cannot find device "s4-eth1"
10:00:04 INFO: Starting policer on interface s1-eth2
10:00:04 INFO: Classes: [('HTTP', 34, '5mbit', '10kb'), ('RTP', 46, '10mbit', '10kb'), ('DNS', 8, '1mbit', '5kb'), ('SSH', 16, '2mbit', '5kb')]
10:00:04 INFO: Enable egress shaping: True
10:00:04 ERROR: Unhandled error: Command 'tc qdisc add dev s4-eth1 handle ffff: ingress' returned non-zero exit status 1.
Traceback (most recent call last):
  File "/home/pedromatos48/4ano/QSI/QSI-TP3/policer.py", line 129, in main
    install_policers(dev, classes, do_egress_shaping=args.shaping)
  File "/home/pedromatos48/4ano/QSI/QSI-TP3/policer.py", line 90, in install_policers
    ensure_ingress_qdisc(dev)
  File "/home/pedromatos48/4ano/QSI/QSI-TP3/policer.py", line 54, in ensure_ingress_qdisc
    run_cmd(f"tc qdisc add dev {dev} handle ffff: ingress")
  File "/home/pedromatos48/4ano/QSI/QSI-TP3/policer.py", line 29, in run_cmd
    proc = subprocess.run(cmd, shell=True, check=True, capture_output=True, text=True)
  File "/usr/lib/python3.10/subprocess.py", line 526, in run
    raise CalledProcessError(retcode, process.args,
subprocess.CalledProcessError: Command 'tc qdisc add dev s4-eth1 handle ffff: ingress' returned non-zero exit status 1.
10:00:04 INFO: Starting policer on interface s3-eth4
10:00:04 INFO: Classes: [('HTTP', 34, '5mbit', '10kb'), ('RTP', 46, '10mbit', '10kb'), ('DNS', 8, '1mbit', '5kb'), ('SSH', 16, '2mbit', '5kb')]
10:00:04 INFO: Enable egress shaping: True
10:00:04 ERROR: Command failed: tc filter del dev s3-eth2 parent ffff:
rc=1 stdout= stderr=Cannot find device "s3-eth2"
10:00:04 ERROR: Command failed: tc qdisc del dev s1-eth1 ingress
rc=1 stdout= stderr=Cannot find device "s1-eth1"
10:00:04 INFO: Starting policer on interface s2-eth3
10:00:04 INFO: Classes: [('HTTP', 34, '5mbit', '10kb'), ('RTP', 46, '10mbit', '10kb'), ('DNS', 8, '1mbit', '5kb'), ('SSH', 16, '2mbit', '5kb')]
10:00:04 ERROR: Command failed: tc qdisc del dev s1-eth3 root
rc=1 stdout= stderr=Cannot find device "s1-eth3"
10:00:04 INFO: cleared tc qdiscs on s1-eth3
10:00:04 INFO: Enable egress shaping: True
10:00:04 ERROR: Command failed: tc qdisc del dev s4-eth1 ingress
rc=1 stdout= stderr=Cannot find device "s4-eth1"
10:00:04 ERROR: Command failed: tc qdisc del dev s3-eth2 ingress
rc=1 stdout= stderr=Cannot find device "s3-eth2"
10:00:04 ERROR: Command failed: tc filter del dev s2-eth2 parent ffff:
rc=1 stdout= stderr=Cannot find device "s2-eth2"
10:00:04 ERROR: Command failed: tc qdisc add dev s3-eth3 handle ffff: ingress
rc=1 stdout= stderr=Cannot find device "s3-eth3"
10:00:04 ERROR: Unhandled error: Command 'tc qdisc add dev s3-eth3 handle ffff: ingress' returned non-zero exit status 1.
Traceback (most recent call last):
  File "/home/pedromatos48/4ano/QSI/QSI-TP3/policer.py", line 129, in main
    install_policers(dev, classes, do_egress_shaping=args.shaping)
  File "/home/pedromatos48/4ano/QSI/QSI-TP3/policer.py", line 90, in install_policers
    ensure_ingress_qdisc(dev)
  File "/home/pedromatos48/4ano/QSI/QSI-TP3/policer.py", line 54, in ensure_ingress_qdisc
    run_cmd(f"tc qdisc add dev {dev} handle ffff: ingress")
  File "/home/pedromatos48/4ano/QSI/QSI-TP3/policer.py", line 29, in run_cmd
    proc = subprocess.run(cmd, shell=True, check=True, capture_output=True, text=True)
  File "/usr/lib/python3.10/subprocess.py", line 526, in run
    raise CalledProcessError(retcode, process.args,
subprocess.CalledProcessError: Command 'tc qdisc add dev s3-eth3 handle ffff: ingress' returned non-zero exit status 1.
10:00:04 ERROR: Command failed: tc qdisc add dev s1-eth4 handle ffff: ingress
rc=1 stdout= stderr=Cannot find device "s1-eth4"
10:00:04 ERROR: Command failed: tc filter del dev s3-eth4 parent ffff:
rc=1 stdout= stderr=Cannot find device "s3-eth4"
10:00:04 ERROR: Unhandled error: Command 'tc qdisc add dev s1-eth4 handle ffff: ingress' returned non-zero exit status 1.
Traceback (most recent call last):
  File "/home/pedromatos48/4ano/QSI/QSI-TP3/policer.py", line 129, in main
    install_policers(dev, classes, do_egress_shaping=args.shaping)
  File "/home/pedromatos48/4ano/QSI/QSI-TP3/policer.py", line 90, in install_policers
    ensure_ingress_qdisc(dev)
  File "/home/pedromatos48/4ano/QSI/QSI-TP3/policer.py", line 54, in ensure_ingress_qdisc
    run_cmd(f"tc qdisc add dev {dev} handle ffff: ingress")
  File "/home/pedromatos48/4ano/QSI/QSI-TP3/policer.py", line 29, in run_cmd
    proc = subprocess.run(cmd, shell=True, check=True, capture_output=True, text=True)
  File "/usr/lib/python3.10/subprocess.py", line 526, in run
    raise CalledProcessError(retcode, process.args,
subprocess.CalledProcessError: Command 'tc qdisc add dev s1-eth4 handle ffff: ingress' returned non-zero exit status 1.
10:00:04 ERROR: Command failed: tc filter del dev s1-eth2 parent ffff:
rc=1 stdout= stderr=Cannot find device "s1-eth2"
10:00:04 ERROR: Command failed: tc qdisc add dev s1-eth1 handle ffff: ingress
rc=1 stdout= stderr=Cannot find device "s1-eth1"
10:00:04 ERROR: Command failed: tc qdisc del dev s4-eth1 root
rc=1 stdout= stderr=Cannot find device "s4-eth1"
10:00:04 INFO: cleared tc qdiscs on s4-eth1
10:00:04 ERROR: Unhandled error: Command 'tc qdisc add dev s1-eth1 handle ffff: ingress' returned non-zero exit status 1.
Traceback (most recent call last):
  File "/home/pedromatos48/4ano/QSI/QSI-TP3/policer.py", line 129, in main
    install_policers(dev, classes, do_egress_shaping=args.shaping)
  File "/home/pedromatos48/4ano/QSI/QSI-TP3/policer.py", line 90, in install_policers
    ensure_ingress_qdisc(dev)
  File "/home/pedromatos48/4ano/QSI/QSI-TP3/policer.py", line 54, in ensure_ingress_qdisc
    run_cmd(f"tc qdisc add dev {dev} handle ffff: ingress")
  File "/home/pedromatos48/4ano/QSI/QSI-TP3/policer.py", line 29, in run_cmd
    proc = subprocess.run(cmd, shell=True, check=True, capture_output=True, text=True)
  File "/usr/lib/python3.10/subprocess.py", line 526, in run
    raise CalledProcessError(retcode, process.args,
subprocess.CalledProcessError: Command 'tc qdisc add dev s1-eth1 handle ffff: ingress' returned non-zero exit status 1.
10:00:04 ERROR: Command failed: tc qdisc del dev s1-eth4 ingress
rc=1 stdout= stderr=Cannot find device "s1-eth4"
10:00:04 ERROR: Command failed: tc filter del dev s2-eth3 parent ffff:
rc=1 stdout= stderr=Cannot find device "s2-eth3"
10:00:04 ERROR: Command failed: tc qdisc del dev s1-eth2 ingress
rc=1 stdout= stderr=Cannot find device "s1-eth2"
10:00:04 ERROR: Command failed: tc qdisc add dev s3-eth2 handle ffff: ingress
rc=1 stdout= stderr=Cannot find device "s3-eth2"
10:00:04 ERROR: Command failed: tc qdisc del dev s3-eth4 ingress
rc=1 stdout= stderr=Cannot find device "s3-eth4"
10:00:04 ERROR: Command failed: tc qdisc del dev s2-eth2 ingress
rc=1 stdout= stderr=Cannot find device "s2-eth2"
10:00:04 ERROR: Unhandled error: Command 'tc qdisc add dev s3-eth2 handle ffff: ingress' returned non-zero exit status 1.
Traceback (most recent call last):
  File "/home/pedromatos48/4ano/QSI/QSI-TP3/policer.py", line 129, in main
    install_policers(dev, classes, do_egress_shaping=args.shaping)
  File "/home/pedromatos48/4ano/QSI/QSI-TP3/policer.py", line 90, in install_policers
    ensure_ingress_qdisc(dev)
  File "/home/pedromatos48/4ano/QSI/QSI-TP3/policer.py", line 54, in ensure_ingress_qdisc
    run_cmd(f"tc qdisc add dev {dev} handle ffff: ingress")
  File "/home/pedromatos48/4ano/QSI/QSI-TP3/policer.py", line 29, in run_cmd
    proc = subprocess.run(cmd, shell=True, check=True, capture_output=True, text=True)
  File "/usr/lib/python3.10/subprocess.py", line 526, in run
    raise CalledProcessError(retcode, process.args,
subprocess.CalledProcessError: Command 'tc qdisc add dev s3-eth2 handle ffff: ingress' returned non-zero exit status 1.
10:00:04 ERROR: Command failed: tc qdisc del dev s3-eth3 ingress
rc=1 stdout= stderr=Cannot find device "s3-eth3"
10:00:04 INFO: Starting policer on interface s4-eth3
10:00:04 INFO: Classes: [('HTTP', 34, '5mbit', '10kb'), ('RTP', 46, '10mbit', '10kb'), ('DNS', 8, '1mbit', '5kb'), ('SSH', 16, '2mbit', '5kb')]
10:00:04 ERROR: Command failed: tc qdisc add dev s1-eth2 handle ffff: ingress
rc=1 stdout= stderr=Cannot find device "s1-eth2"
10:00:04 ERROR: Unhandled error: Command 'tc qdisc add dev s1-eth2 handle ffff: ingress' returned non-zero exit status 1.
Traceback (most recent call last):
  File "/home/pedromatos48/4ano/QSI/QSI-TP3/policer.py", line 129, in main
    install_policers(dev, classes, do_egress_shaping=args.shaping)
  File "/home/pedromatos48/4ano/QSI/QSI-TP3/policer.py", line 90, in install_policers
    ensure_ingress_qdisc(dev)
  File "/home/pedromatos48/4ano/QSI/QSI-TP3/policer.py", line 54, in ensure_ingress_qdisc
    run_cmd(f"tc qdisc add dev {dev} handle ffff: ingress")
  File "/home/pedromatos48/4ano/QSI/QSI-TP3/policer.py", line 29, in run_cmd
    proc = subprocess.run(cmd, shell=True, check=True, capture_output=True, text=True)
  File "/usr/lib/python3.10/subprocess.py", line 526, in run
    raise CalledProcessError(retcode, process.args,
subprocess.CalledProcessError: Command 'tc qdisc add dev s1-eth2 handle ffff: ingress' returned non-zero exit status 1.
10:00:04 ERROR: Command failed: tc qdisc add dev s2-eth2 handle ffff: ingress
rc=1 stdout= stderr=Cannot find device "s2-eth2"
10:00:04 ERROR: Unhandled error: Command 'tc qdisc add dev s2-eth2 handle ffff: ingress' returned non-zero exit status 1.
Traceback (most recent call last):
  File "/home/pedromatos48/4ano/QSI/QSI-TP3/policer.py", line 129, in main
    install_policers(dev, classes, do_egress_shaping=args.shaping)
  File "/home/pedromatos48/4ano/QSI/QSI-TP3/policer.py", line 90, in install_policers
    ensure_ingress_qdisc(dev)
  File "/home/pedromatos48/4ano/QSI/QSI-TP3/policer.py", line 54, in ensure_ingress_qdisc
    run_cmd(f"tc qdisc add dev {dev} handle ffff: ingress")
  File "/home/pedromatos48/4ano/QSI/QSI-TP3/policer.py", line 29, in run_cmd
    proc = subprocess.run(cmd, shell=True, check=True, capture_output=True, text=True)
  File "/usr/lib/python3.10/subprocess.py", line 526, in run
    raise CalledProcessError(retcode, process.args,
subprocess.CalledProcessError: Command 'tc qdisc add dev s2-eth2 handle ffff: ingress' returned non-zero exit status 1.
10:00:04 INFO: Enable egress shaping: True
10:00:04 ERROR: Command failed: tc qdisc add dev s3-eth4 handle ffff: ingress
rc=1 stdout= stderr=Cannot find device "s3-eth4"
10:00:04 ERROR: Unhandled error: Command 'tc qdisc add dev s3-eth4 handle ffff: ingress' returned non-zero exit status 1.
Traceback (most recent call last):
  File "/home/pedromatos48/4ano/QSI/QSI-TP3/policer.py", line 129, in main
    install_policers(dev, classes, do_egress_shaping=args.shaping)
  File "/home/pedromatos48/4ano/QSI/QSI-TP3/policer.py", line 90, in install_policers
    ensure_ingress_qdisc(dev)
  File "/home/pedromatos48/4ano/QSI/QSI-TP3/policer.py", line 54, in ensure_ingress_qdisc
    run_cmd(f"tc qdisc add dev {dev} handle ffff: ingress")
  File "/home/pedromatos48/4ano/QSI/QSI-TP3/policer.py", line 29, in run_cmd
    proc = subprocess.run(cmd, shell=True, check=True, capture_output=True, text=True)
  File "/usr/lib/python3.10/subprocess.py", line 526, in run
    raise CalledProcessError(retcode, process.args,
subprocess.CalledProcessError: Command 'tc qdisc add dev s3-eth4 handle ffff: ingress' returned non-zero exit status 1.
10:00:04 ERROR: Command failed: tc qdisc del dev s3-eth2 ingress
rc=1 stdout= stderr=Cannot find device "s3-eth2"
10:00:04 ERROR: Command failed: tc qdisc del dev s1-eth4 root
rc=1 stdout= stderr=Cannot find device "s1-eth4"
10:00:04 INFO: cleared tc qdiscs on s1-eth4
10:00:04 ERROR: Command failed: tc qdisc del dev s1-eth1 ingress
rc=1 stdout= stderr=Cannot find device "s1-eth1"
10:00:04 ERROR: Command failed: tc qdisc del dev s3-eth3 root
rc=1 stdout= stderr=Cannot find device "s3-eth3"
10:00:04 INFO: cleared tc qdiscs on s3-eth3
10:00:04 ERROR: Command failed: tc qdisc del dev s2-eth3 ingress
rc=1 stdout= stderr=Cannot find device "s2-eth3"
10:00:04 ERROR: Command failed: tc qdisc del dev s3-eth2 root
rc=1 stdout= stderr=Cannot find device "s3-eth2"
10:00:04 INFO: cleared tc qdiscs on s3-eth2
10:00:04 ERROR: Command failed: tc qdisc del dev s1-eth1 root
rc=1 stdout= stderr=Cannot find device "s1-eth1"
10:00:04 INFO: cleared tc qdiscs on s1-eth1
10:00:04 ERROR: Command failed: tc qdisc del dev s2-eth2 ingress
rc=1 stdout= stderr=Cannot find device "s2-eth2"
10:00:04 ERROR: Command failed: tc qdisc del dev s1-eth2 ingress
rc=1 stdout= stderr=Cannot find device "s1-eth2"
10:00:04 ERROR: Command failed: tc qdisc del dev s3-eth4 ingress
rc=1 stdout= stderr=Cannot find device "s3-eth4"
10:00:04 ERROR: Command failed: tc filter del dev s4-eth3 parent ffff:
rc=1 stdout= stderr=Cannot find device "s4-eth3"
10:00:04 ERROR: Command failed: tc qdisc add dev s2-eth3 handle ffff: ingress
rc=1 stdout= stderr=Cannot find device "s2-eth3"
10:00:04 ERROR: Unhandled error: Command 'tc qdisc add dev s2-eth3 handle ffff: ingress' returned non-zero exit status 1.
Traceback (most recent call last):
  File "/home/pedromatos48/4ano/QSI/QSI-TP3/policer.py", line 129, in main
    install_policers(dev, classes, do_egress_shaping=args.shaping)
  File "/home/pedromatos48/4ano/QSI/QSI-TP3/policer.py", line 90, in install_policers
    ensure_ingress_qdisc(dev)
  File "/home/pedromatos48/4ano/QSI/QSI-TP3/policer.py", line 54, in ensure_ingress_qdisc
    run_cmd(f"tc qdisc add dev {dev} handle ffff: ingress")
  File "/home/pedromatos48/4ano/QSI/QSI-TP3/policer.py", line 29, in run_cmd
    proc = subprocess.run(cmd, shell=True, check=True, capture_output=True, text=True)
  File "/usr/lib/python3.10/subprocess.py", line 526, in run
    raise CalledProcessError(retcode, process.args,
subprocess.CalledProcessError: Command 'tc qdisc add dev s2-eth3 handle ffff: ingress' returned non-zero exit status 1.
10:00:04 ERROR: Command failed: tc qdisc del dev s2-eth2 root
rc=1 stdout= stderr=Cannot find device "s2-eth2"
10:00:04 INFO: cleared tc qdiscs on s2-eth2
10:00:04 ERROR: Command failed: tc qdisc del dev s1-eth2 root
rc=1 stdout= stderr=Cannot find device "s1-eth2"
10:00:04 INFO: cleared tc qdiscs on s1-eth2
10:00:04 ERROR: Command failed: tc qdisc del dev s4-eth3 ingress
rc=1 stdout= stderr=Cannot find device "s4-eth3"
10:00:04 ERROR: Command failed: tc qdisc del dev s2-eth3 ingress
rc=1 stdout= stderr=Cannot find device "s2-eth3"
10:00:04 ERROR: Command failed: tc qdisc del dev s3-eth4 root
rc=1 stdout= stderr=Cannot find device "s3-eth4"
10:00:04 INFO: cleared tc qdiscs on s3-eth4
10:00:04 ERROR: Command failed: tc qdisc del dev s2-eth3 root
rc=1 stdout= stderr=Cannot find device "s2-eth3"
10:00:04 INFO: cleared tc qdiscs on s2-eth3
10:00:04 ERROR: Command failed: tc qdisc add dev s4-eth3 handle ffff: ingress
rc=1 stdout= stderr=Cannot find device "s4-eth3"
10:00:04 ERROR: Unhandled error: Command 'tc qdisc add dev s4-eth3 handle ffff: ingress' returned non-zero exit status 1.
Traceback (most recent call last):
  File "/home/pedromatos48/4ano/QSI/QSI-TP3/policer.py", line 129, in main
    install_policers(dev, classes, do_egress_shaping=args.shaping)
  File "/home/pedromatos48/4ano/QSI/QSI-TP3/policer.py", line 90, in install_policers
    ensure_ingress_qdisc(dev)
  File "/home/pedromatos48/4ano/QSI/QSI-TP3/policer.py", line 54, in ensure_ingress_qdisc
    run_cmd(f"tc qdisc add dev {dev} handle ffff: ingress")
  File "/home/pedromatos48/4ano/QSI/QSI-TP3/policer.py", line 29, in run_cmd
    proc = subprocess.run(cmd, shell=True, check=True, capture_output=True, text=True)
  File "/usr/lib/python3.10/subprocess.py", line 526, in run
    raise CalledProcessError(retcode, process.args,
subprocess.CalledProcessError: Command 'tc qdisc add dev s4-eth3 handle ffff: ingress' returned non-zero exit status 1.
10:00:04 ERROR: Command failed: tc qdisc del dev s4-eth3 ingress
rc=1 stdout= stderr=Cannot find device "s4-eth3"
10:00:04 ERROR: Command failed: tc qdisc del dev s4-eth3 root
rc=1 stdout= stderr=Cannot find device "s4-eth3"
10:00:04 INFO: cleared tc qdiscs on s4-eth3
10:05:34 INFO: Starting policer on interface s1-eth3
10:05:34 INFO: Classes: [('HTTP', 34, '5mbit', '10kb'), ('RTP', 46, '10mbit', '10kb'), ('DNS', 8, '1mbit', '5kb'), ('SSH', 16, '2mbit', '5kb')]
10:05:34 INFO: Enable egress shaping: True
10:05:34 ERROR: Command failed: tc filter del dev s1-eth3 parent ffff:
rc=2 stdout= stderr=Error: Parent Qdisc doesn't exists.
We have an error talking to the kernel
10:05:34 INFO: Starting policer on interface s1-eth4
10:05:34 INFO: Starting policer on interface s4-eth3
10:05:34 INFO: Classes: [('HTTP', 34, '5mbit', '10kb'), ('RTP', 46, '10mbit', '10kb'), ('DNS', 8, '1mbit', '5kb'), ('SSH', 16, '2mbit', '5kb')]
10:05:34 INFO: Starting policer on interface s3-eth1
10:05:34 INFO: Classes: [('HTTP', 34, '5mbit', '10kb'), ('RTP', 46, '10mbit', '10kb'), ('DNS', 8, '1mbit', '5kb'), ('SSH', 16, '2mbit', '5kb')]
10:05:34 INFO: Enable egress shaping: True
10:05:34 INFO: Classes: [('HTTP', 34, '5mbit', '10kb'), ('RTP', 46, '10mbit', '10kb'), ('DNS', 8, '1mbit', '5kb'), ('SSH', 16, '2mbit', '5kb')]
10:05:34 INFO: Enable egress shaping: True
10:05:34 INFO: Enable egress shaping: True
10:05:34 ERROR: Command failed: tc qdisc del dev s1-eth3 ingress
rc=2 stdout= stderr=Error: Cannot find specified qdisc on specified device.
10:05:34 INFO: Starting policer on interface s1-eth2
10:05:34 ERROR: Command failed: tc filter del dev s3-eth1 parent ffff:
rc=2 stdout= stderr=Error: Parent Qdisc doesn't exists.
We have an error talking to the kernel
10:05:34 INFO: Classes: [('HTTP', 34, '5mbit', '10kb'), ('RTP', 46, '10mbit', '10kb'), ('DNS', 8, '1mbit', '5kb'), ('SSH', 16, '2mbit', '5kb')]
10:05:34 ERROR: Command failed: tc filter del dev s4-eth3 parent ffff:
rc=2 stdout= stderr=Error: Parent Qdisc doesn't exists.
We have an error talking to the kernel
10:05:34 INFO: Enable egress shaping: True
10:05:34 ERROR: Command failed: tc qdisc del dev s3-eth1 ingress
rc=2 stdout= stderr=Error: Cannot find specified qdisc on specified device.
10:05:34 INFO: ingress qdisc added on s1-eth3
10:05:34 INFO: Starting policer on interface s3-eth2
10:05:34 INFO: Classes: [('HTTP', 34, '5mbit', '10kb'), ('RTP', 46, '10mbit', '10kb'), ('DNS', 8, '1mbit', '5kb'), ('SSH', 16, '2mbit', '5kb')]
10:05:34 INFO: Enable egress shaping: True
10:05:34 INFO: Starting policer on interface s2-eth1
10:05:34 INFO: Classes: [('HTTP', 34, '5mbit', '10kb'), ('RTP', 46, '10mbit', '10kb'), ('DNS', 8, '1mbit', '5kb'), ('SSH', 16, '2mbit', '5kb')]
10:05:34 INFO: Enable egress shaping: True
10:05:34 ERROR: Command failed: tc qdisc del dev s4-eth3 ingress
rc=2 stdout= stderr=Error: Cannot find specified qdisc on specified device.
10:05:34 INFO: ingress qdisc added on s4-eth3
10:05:34 ERROR: Command failed: tc filter del dev s1-eth4 parent ffff:
rc=2 stdout= stderr=Error: Parent Qdisc doesn't exists.
We have an error talking to the kernel
10:05:34 INFO: egress HTB installed on s1-eth3, class 1:10 rate=5mbit burst=10kb
10:05:34 INFO: Installed ingress police (u32) on s1-eth3 for DSCP=34 (tos=0x88) rate=5mbit burst=10kb
10:05:34 INFO: Starting policer on interface s3-eth4
10:05:34 INFO: Classes: [('HTTP', 34, '5mbit', '10kb'), ('RTP', 46, '10mbit', '10kb'), ('DNS', 8, '1mbit', '5kb'), ('SSH', 16, '2mbit', '5kb')]
10:05:34 INFO: Enable egress shaping: True
10:05:34 ERROR: Command failed: tc filter del dev s1-eth2 parent ffff:
rc=2 stdout= stderr=Error: Parent Qdisc doesn't exists.
We have an error talking to the kernel
10:05:34 ERROR: Command failed: tc filter del dev s3-eth2 parent ffff:
rc=2 stdout= stderr=Error: Parent Qdisc doesn't exists.
We have an error talking to the kernel
10:05:34 INFO: Installed ingress police (u32) on s1-eth3 for DSCP=46 (tos=0xb8) rate=10mbit burst=10kb
10:05:34 INFO: Starting policer on interface s4-eth1
10:05:34 INFO: Classes: [('HTTP', 34, '5mbit', '10kb'), ('RTP', 46, '10mbit', '10kb'), ('DNS', 8, '1mbit', '5kb'), ('SSH', 16, '2mbit', '5kb')]
10:05:34 ERROR: Command failed: tc filter del dev s3-eth4 parent ffff:
rc=2 stdout= stderr=Error: Parent Qdisc doesn't exists.
We have an error talking to the kernel
10:05:34 INFO: ingress qdisc added on s3-eth1
10:05:34 INFO: Enable egress shaping: True
10:05:34 ERROR: Command failed: tc qdisc del dev s3-eth2 ingress
rc=2 stdout= stderr=Error: Cannot find specified qdisc on specified device.
10:05:34 ERROR: Command failed: tc qdisc del dev s1-eth2 ingress
rc=2 stdout= stderr=Error: Cannot find specified qdisc on specified device.
10:05:34 INFO: Installed ingress police (u32) on s1-eth3 for DSCP=8 (tos=0x20) rate=1mbit burst=5kb
10:05:34 ERROR: Command failed: tc filter del dev s4-eth1 parent ffff:
rc=2 stdout= stderr=Error: Parent Qdisc doesn't exists.
We have an error talking to the kernel
10:05:34 ERROR: Command failed: tc filter del dev s2-eth1 parent ffff:
rc=2 stdout= stderr=Error: Parent Qdisc doesn't exists.
We have an error talking to the kernel
10:05:34 ERROR: Command failed: tc qdisc del dev s3-eth4 ingress
rc=2 stdout= stderr=Error: Cannot find specified qdisc on specified device.
10:05:34 INFO: ingress qdisc added on s3-eth2
10:05:34 INFO: ingress qdisc added on s3-eth4
10:05:34 ERROR: Command failed: tc qdisc del dev s1-eth4 ingress
rc=2 stdout= stderr=Error: Cannot find specified qdisc on specified device.
10:05:34 INFO: Starting policer on interface s2-eth2
10:05:34 INFO: Classes: [('HTTP', 34, '5mbit', '10kb'), ('RTP', 46, '10mbit', '10kb'), ('DNS', 8, '1mbit', '5kb'), ('SSH', 16, '2mbit', '5kb')]
10:05:34 INFO: Enable egress shaping: True
10:05:34 ERROR: Command failed: tc qdisc del dev s2-eth1 ingress
rc=2 stdout= stderr=Error: Cannot find specified qdisc on specified device.
10:05:34 INFO: Installed ingress police (u32) on s1-eth3 for DSCP=16 (tos=0x40) rate=2mbit burst=5kb
10:05:34 INFO: Policer installed. Running...
10:05:34 INFO: Starting policer on interface s3-eth3
10:05:34 INFO: Classes: [('HTTP', 34, '5mbit', '10kb'), ('RTP', 46, '10mbit', '10kb'), ('DNS', 8, '1mbit', '5kb'), ('SSH', 16, '2mbit', '5kb')]
10:05:34 INFO: Enable egress shaping: True
10:05:34 ERROR: Command failed: tc qdisc del dev s4-eth1 ingress
rc=2 stdout= stderr=Error: Cannot find specified qdisc on specified device.
10:05:34 INFO: ingress qdisc added on s1-eth4
10:05:34 INFO: ingress qdisc added on s1-eth2
10:05:34 INFO: Starting policer on interface s2-eth3
10:05:34 INFO: Classes: [('HTTP', 34, '5mbit', '10kb'), ('RTP', 46, '10mbit', '10kb'), ('DNS', 8, '1mbit', '5kb'), ('SSH', 16, '2mbit', '5kb')]
10:05:34 INFO: Enable egress shaping: True
10:05:34 ERROR: Command failed: tc qdisc del dev s3-eth4 root
rc=2 stdout= stderr=Error: Cannot delete qdisc with handle of zero.
10:05:34 ERROR: Command failed: tc filter del dev s3-eth3 parent ffff:
rc=2 stdout= stderr=Error: Parent Qdisc doesn't exists.
We have an error talking to the kernel
10:05:34 INFO: ingress qdisc added on s4-eth1
10:05:34 INFO: Starting policer on interface s1-eth1
10:05:34 INFO: Classes: [('HTTP', 34, '5mbit', '10kb'), ('RTP', 46, '10mbit', '10kb'), ('DNS', 8, '1mbit', '5kb'), ('SSH', 16, '2mbit', '5kb')]
10:05:34 INFO: Enable egress shaping: True
10:05:34 ERROR: Command failed: tc qdisc del dev s3-eth3 ingress
rc=2 stdout= stderr=Error: Cannot find specified qdisc on specified device.
10:05:34 ERROR: Command failed: tc filter del dev s2-eth2 parent ffff:
rc=2 stdout= stderr=Error: Parent Qdisc doesn't exists.
We have an error talking to the kernel
10:05:34 INFO: ingress qdisc added on s2-eth1
10:05:34 ERROR: Command failed: tc filter del dev s1-eth1 parent ffff:
rc=2 stdout= stderr=Error: Parent Qdisc doesn't exists.
We have an error talking to the kernel
10:05:34 INFO: egress HTB installed on s4-eth3, class 1:10 rate=5mbit burst=10kb
10:05:34 INFO: Starting policer on interface s4-eth2
10:05:34 INFO: Classes: [('HTTP', 34, '5mbit', '10kb'), ('RTP', 46, '10mbit', '10kb'), ('DNS', 8, '1mbit', '5kb'), ('SSH', 16, '2mbit', '5kb')]
10:05:34 INFO: Enable egress shaping: True
10:05:34 INFO: egress HTB installed on s3-eth2, class 1:10 rate=5mbit burst=10kb
10:05:34 INFO: ingress qdisc added on s3-eth3
10:05:34 ERROR: Command failed: tc filter del dev s2-eth3 parent ffff:
rc=2 stdout= stderr=Error: Parent Qdisc doesn't exists.
We have an error talking to the kernel
10:05:34 ERROR: Command failed: tc filter del dev s4-eth2 parent ffff:
rc=2 stdout= stderr=Error: Parent Qdisc doesn't exists.
We have an error talking to the kernel
10:05:34 INFO: egress HTB installed on s3-eth1, class 1:10 rate=5mbit burst=10kb
10:05:34 INFO: egress HTB installed on s1-eth4, class 1:10 rate=5mbit burst=10kb
10:05:34 ERROR: Command failed: tc qdisc del dev s1-eth1 ingress
rc=2 stdout= stderr=Error: Cannot find specified qdisc on specified device.
10:05:34 ERROR: Command failed: tc qdisc del dev s4-eth2 ingress
rc=2 stdout= stderr=Error: Cannot find specified qdisc on specified device.
10:05:34 ERROR: Command failed: tc qdisc del dev s2-eth3 ingress
rc=2 stdout= stderr=Error: Cannot find specified qdisc on specified device.
10:05:34 INFO: Installed ingress police (u32) on s3-eth2 for DSCP=34 (tos=0x88) rate=5mbit burst=10kb
10:05:34 ERROR: Command failed: tc class add dev s3-eth4 parent 1: classid 1:10 htb rate 5mbit burst 10kb
rc=2 stdout= stderr=RTNETLINK answers: No such file or directory
10:05:34 INFO: egress HTB installed on s1-eth2, class 1:10 rate=5mbit burst=10kb
10:05:34 ERROR: Command failed: tc qdisc del dev s2-eth2 ingress
rc=2 stdout= stderr=Error: Cannot find specified qdisc on specified device.
10:05:34 ERROR: Unhandled error: Command 'tc class add dev s3-eth4 parent 1: classid 1:10 htb rate 5mbit burst 10kb' returned non-zero exit status 2.
Traceback (most recent call last):
  File "/home/pedromatos48/4ano/QSI/QSI-TP3/policer.py", line 129, in main
    install_policers(dev, classes, do_egress_shaping=args.shaping)
  File "/home/pedromatos48/4ano/QSI/QSI-TP3/policer.py", line 93, in install_policers
    setup_egress_shaper(dev)
  File "/home/pedromatos48/4ano/QSI/QSI-TP3/policer.py", line 73, in setup_egress_shaper
    run_cmd(f"tc class add dev {dev} parent 1: classid 1:10 htb rate {default_rate} burst {default_burst}")
  File "/home/pedromatos48/4ano/QSI/QSI-TP3/policer.py", line 29, in run_cmd
    proc = subprocess.run(cmd, shell=True, check=True, capture_output=True, text=True)
  File "/usr/lib/python3.10/subprocess.py", line 526, in run
    raise CalledProcessError(retcode, process.args,
subprocess.CalledProcessError: Command 'tc class add dev s3-eth4 parent 1: classid 1:10 htb rate 5mbit burst 10kb' returned non-zero exit status 2.
10:05:34 INFO: Installed ingress police (u32) on s3-eth1 for DSCP=34 (tos=0x88) rate=5mbit burst=10kb
10:05:34 INFO: Installed ingress police (u32) on s4-eth3 for DSCP=34 (tos=0x88) rate=5mbit burst=10kb
10:05:34 INFO: Installed ingress police (u32) on s1-eth2 for DSCP=34 (tos=0x88) rate=5mbit burst=10kb
10:05:34 INFO: Installed ingress police (u32) on s3-eth1 for DSCP=46 (tos=0xb8) rate=10mbit burst=10kb
10:05:34 INFO: Installed ingress police (u32) on s4-eth3 for DSCP=46 (tos=0xb8) rate=10mbit burst=10kb
10:05:34 INFO: ingress qdisc added on s1-eth1
10:05:34 INFO: Installed ingress police (u32) on s3-eth2 for DSCP=46 (tos=0xb8) rate=10mbit burst=10kb
10:05:34 INFO: ingress qdisc added on s2-eth3
10:05:34 INFO: ingress qdisc added on s4-eth2
10:05:34 INFO: ingress qdisc added on s2-eth2
10:05:34 INFO: Installed ingress police (u32) on s4-eth3 for DSCP=8 (tos=0x20) rate=1mbit burst=5kb
10:05:34 INFO: Installed ingress police (u32) on s1-eth4 for DSCP=34 (tos=0x88) rate=5mbit burst=10kb
10:05:34 INFO: egress HTB installed on s4-eth1, class 1:10 rate=5mbit burst=10kb
10:05:34 INFO: cleared tc qdiscs on s3-eth4
10:05:34 INFO: Installed ingress police (u32) on s3-eth2 for DSCP=8 (tos=0x20) rate=1mbit burst=5kb
10:05:34 INFO: Installed ingress police (u32) on s3-eth1 for DSCP=8 (tos=0x20) rate=1mbit burst=5kb
10:05:34 INFO: egress HTB installed on s3-eth3, class 1:10 rate=5mbit burst=10kb
10:05:34 INFO: egress HTB installed on s2-eth1, class 1:10 rate=5mbit burst=10kb
10:05:34 INFO: Installed ingress police (u32) on s3-eth2 for DSCP=16 (tos=0x40) rate=2mbit burst=5kb
10:05:34 INFO: Policer installed. Running...
10:05:34 INFO: Installed ingress police (u32) on s4-eth1 for DSCP=34 (tos=0x88) rate=5mbit burst=10kb
10:05:34 INFO: Installed ingress police (u32) on s1-eth2 for DSCP=46 (tos=0xb8) rate=10mbit burst=10kb
10:05:34 INFO: Installed ingress police (u32) on s3-eth1 for DSCP=16 (tos=0x40) rate=2mbit burst=5kb
10:05:34 INFO: Installed ingress police (u32) on s2-eth1 for DSCP=34 (tos=0x88) rate=5mbit burst=10kb
10:05:34 INFO: Installed ingress police (u32) on s1-eth4 for DSCP=46 (tos=0xb8) rate=10mbit burst=10kb
10:05:34 INFO: Policer installed. Running...
10:05:34 INFO: Installed ingress police (u32) on s3-eth3 for DSCP=34 (tos=0x88) rate=5mbit burst=10kb
10:05:34 INFO: egress HTB installed on s1-eth1, class 1:10 rate=5mbit burst=10kb
10:05:34 INFO: Installed ingress police (u32) on s4-eth3 for DSCP=16 (tos=0x40) rate=2mbit burst=5kb
10:05:34 INFO: Policer installed. Running...
10:05:34 INFO: Installed ingress police (u32) on s4-eth1 for DSCP=46 (tos=0xb8) rate=10mbit burst=10kb
10:05:34 INFO: Installed ingress police (u32) on s1-eth2 for DSCP=8 (tos=0x20) rate=1mbit burst=5kb
10:05:34 INFO: Installed ingress police (u32) on s3-eth3 for DSCP=46 (tos=0xb8) rate=10mbit burst=10kb
10:05:34 INFO: Installed ingress police (u32) on s1-eth4 for DSCP=8 (tos=0x20) rate=1mbit burst=5kb
10:05:34 INFO: Installed ingress police (u32) on s4-eth1 for DSCP=8 (tos=0x20) rate=1mbit burst=5kb
10:05:34 INFO: egress HTB installed on s4-eth2, class 1:10 rate=5mbit burst=10kb
10:05:34 INFO: Installed ingress police (u32) on s2-eth1 for DSCP=46 (tos=0xb8) rate=10mbit burst=10kb
10:05:34 INFO: Installed ingress police (u32) on s1-eth1 for DSCP=34 (tos=0x88) rate=5mbit burst=10kb
10:05:34 INFO: egress HTB installed on s2-eth2, class 1:10 rate=5mbit burst=10kb
10:05:34 INFO: Installed ingress police (u32) on s1-eth2 for DSCP=16 (tos=0x40) rate=2mbit burst=5kb
10:05:34 INFO: Policer installed. Running...
10:05:34 INFO: Installed ingress police (u32) on s3-eth3 for DSCP=8 (tos=0x20) rate=1mbit burst=5kb
10:05:34 INFO: Installed ingress police (u32) on s1-eth4 for DSCP=16 (tos=0x40) rate=2mbit burst=5kb
10:05:34 INFO: Policer installed. Running...
10:05:34 INFO: egress HTB installed on s2-eth3, class 1:10 rate=5mbit burst=10kb
10:05:34 INFO: Installed ingress police (u32) on s1-eth1 for DSCP=46 (tos=0xb8) rate=10mbit burst=10kb
10:05:34 INFO: Installed ingress police (u32) on s2-eth2 for DSCP=34 (tos=0x88) rate=5mbit burst=10kb
10:05:34 INFO: Installed ingress police (u32) on s4-eth2 for DSCP=34 (tos=0x88) rate=5mbit burst=10kb
10:05:34 INFO: Installed ingress police (u32) on s2-eth1 for DSCP=8 (tos=0x20) rate=1mbit burst=5kb
10:05:34 INFO: Installed ingress police (u32) on s4-eth1 for DSCP=16 (tos=0x40) rate=2mbit burst=5kb
10:05:34 INFO: Policer installed. Running...
10:05:34 INFO: Installed ingress police (u32) on s3-eth3 for DSCP=16 (tos=0x40) rate=2mbit burst=5kb
10:05:34 INFO: Policer installed. Running...
10:05:34 INFO: Installed ingress police (u32) on s1-eth1 for DSCP=8 (tos=0x20) rate=1mbit burst=5kb
10:05:34 INFO: Installed ingress police (u32) on s2-eth3 for DSCP=34 (tos=0x88) rate=5mbit burst=10kb
10:05:34 INFO: Installed ingress police (u32) on s2-eth1 for DSCP=16 (tos=0x40) rate=2mbit burst=5kb
10:05:34 INFO: Policer installed. Running...
10:05:34 INFO: Installed ingress police (u32) on s4-eth2 for DSCP=46 (tos=0xb8) rate=10mbit burst=10kb
10:05:34 INFO: Installed ingress police (u32) on s2-eth2 for DSCP=46 (tos=0xb8) rate=10mbit burst=10kb
10:05:34 INFO: Installed ingress police (u32) on s1-eth1 for DSCP=16 (tos=0x40) rate=2mbit burst=5kb
10:05:34 INFO: Policer installed. Running...
10:05:34 INFO: Installed ingress police (u32) on s2-eth3 for DSCP=46 (tos=0xb8) rate=10mbit burst=10kb
10:05:34 INFO: Installed ingress police (u32) on s4-eth2 for DSCP=8 (tos=0x20) rate=1mbit burst=5kb
10:05:34 INFO: Installed ingress police (u32) on s2-eth2 for DSCP=8 (tos=0x20) rate=1mbit burst=5kb
10:05:34 INFO: Installed ingress police (u32) on s2-eth3 for DSCP=8 (tos=0x20) rate=1mbit burst=5kb
10:05:34 INFO: Installed ingress police (u32) on s2-eth2 for DSCP=16 (tos=0x40) rate=2mbit burst=5kb
10:05:34 INFO: Policer installed. Running...
10:05:34 INFO: Installed ingress police (u32) on s4-eth2 for DSCP=16 (tos=0x40) rate=2mbit burst=5kb
10:05:34 INFO: Policer installed. Running...
10:05:34 INFO: Installed ingress police (u32) on s2-eth3 for DSCP=16 (tos=0x40) rate=2mbit burst=5kb
10:05:34 INFO: Policer installed. Running...
10:07:29 INFO: Starting policer on interface s2-eth2
10:07:29 INFO: Classes: [('HTTP', 34, '5mbit', '10kb'), ('RTP', 46, '10mbit', '10kb'), ('DNS', 8, '1mbit', '5kb'), ('SSH', 16, '2mbit', '5kb')]
10:07:29 INFO: Enable egress shaping: True
10:07:29 INFO: Starting policer on interface s2-eth3
10:07:29 INFO: Classes: [('HTTP', 34, '5mbit', '10kb'), ('RTP', 46, '10mbit', '10kb'), ('DNS', 8, '1mbit', '5kb'), ('SSH', 16, '2mbit', '5kb')]
10:07:29 INFO: Enable egress shaping: True
10:07:29 ERROR: Command failed: tc filter del dev s2-eth3 parent ffff:
rc=2 stdout= stderr=Error: Parent Qdisc doesn't exists.
We have an error talking to the kernel
10:07:29 ERROR: Command failed: tc filter del dev s2-eth2 parent ffff:
rc=2 stdout= stderr=Error: Parent Qdisc doesn't exists.
We have an error talking to the kernel
10:07:29 INFO: Starting policer on interface s4-eth3
10:07:29 INFO: Classes: [('HTTP', 34, '5mbit', '10kb'), ('RTP', 46, '10mbit', '10kb'), ('DNS', 8, '1mbit', '5kb'), ('SSH', 16, '2mbit', '5kb')]
10:07:29 INFO: Enable egress shaping: True
10:07:29 ERROR: Command failed: tc qdisc del dev s2-eth3 ingress
rc=2 stdout= stderr=Error: Cannot find specified qdisc on specified device.
10:07:29 ERROR: Command failed: tc qdisc del dev s2-eth2 ingress
rc=2 stdout= stderr=Error: Cannot find specified qdisc on specified device.
10:07:29 ERROR: Command failed: tc filter del dev s4-eth3 parent ffff:
rc=2 stdout= stderr=Error: Parent Qdisc doesn't exists.
We have an error talking to the kernel
10:07:29 INFO: ingress qdisc added on s2-eth2
10:07:29 ERROR: Command failed: tc qdisc del dev s4-eth3 ingress
rc=2 stdout= stderr=Error: Cannot find specified qdisc on specified device.
10:07:29 ERROR: Command failed: tc qdisc del dev s2-eth2 root
rc=2 stdout= stderr=Error: Cannot delete qdisc with handle of zero.
10:07:29 INFO: ingress qdisc added on s2-eth3
10:07:29 INFO: ingress qdisc added on s4-eth3
10:07:29 INFO: Starting policer on interface s3-eth3
10:07:29 INFO: Classes: [('HTTP', 34, '5mbit', '10kb'), ('RTP', 46, '10mbit', '10kb'), ('DNS', 8, '1mbit', '5kb'), ('SSH', 16, '2mbit', '5kb')]
10:07:29 INFO: Enable egress shaping: True
10:07:29 ERROR: Command failed: tc qdisc del dev s2-eth3 root
rc=2 stdout= stderr=Error: Cannot delete qdisc with handle of zero.
10:07:29 INFO: Starting policer on interface s1-eth2
10:07:29 INFO: Classes: [('HTTP', 34, '5mbit', '10kb'), ('RTP', 46, '10mbit', '10kb'), ('DNS', 8, '1mbit', '5kb'), ('SSH', 16, '2mbit', '5kb')]
10:07:29 INFO: Enable egress shaping: True
10:07:29 ERROR: Command failed: tc filter del dev s3-eth3 parent ffff:
rc=2 stdout= stderr=Error: Parent Qdisc doesn't exists.
We have an error talking to the kernel
10:07:29 ERROR: Command failed: tc filter del dev s1-eth2 parent ffff:
rc=2 stdout= stderr=Error: Parent Qdisc doesn't exists.
We have an error talking to the kernel
10:07:29 ERROR: Command failed: tc qdisc del dev s3-eth3 ingress
rc=2 stdout= stderr=Error: Cannot find specified qdisc on specified device.
10:07:29 INFO: Starting policer on interface s1-eth4
10:07:29 INFO: Classes: [('HTTP', 34, '5mbit', '10kb'), ('RTP', 46, '10mbit', '10kb'), ('DNS', 8, '1mbit', '5kb'), ('SSH', 16, '2mbit', '5kb')]
10:07:29 INFO: Enable egress shaping: True
10:07:29 INFO: Starting policer on interface s3-eth2
10:07:29 INFO: egress HTB installed on s2-eth3, class 1:10 rate=5mbit burst=10kb
10:07:29 INFO: Classes: [('HTTP', 34, '5mbit', '10kb'), ('RTP', 46, '10mbit', '10kb'), ('DNS', 8, '1mbit', '5kb'), ('SSH', 16, '2mbit', '5kb')]
10:07:29 INFO: Enable egress shaping: True
10:07:29 INFO: Starting policer on interface s3-eth1
10:07:29 INFO: Classes: [('HTTP', 34, '5mbit', '10kb'), ('RTP', 46, '10mbit', '10kb'), ('DNS', 8, '1mbit', '5kb'), ('SSH', 16, '2mbit', '5kb')]
10:07:29 INFO: Enable egress shaping: True
10:07:29 INFO: Starting policer on interface s4-eth2
10:07:29 INFO: Classes: [('HTTP', 34, '5mbit', '10kb'), ('RTP', 46, '10mbit', '10kb'), ('DNS', 8, '1mbit', '5kb'), ('SSH', 16, '2mbit', '5kb')]
10:07:29 INFO: Enable egress shaping: True
10:07:29 ERROR: Command failed: tc qdisc del dev s1-eth2 ingress
rc=2 stdout= stderr=Error: Cannot find specified qdisc on specified device.
10:07:29 ERROR: Command failed: tc filter del dev s4-eth2 parent ffff:
rc=2 stdout= stderr=Error: Parent Qdisc doesn't exists.
We have an error talking to the kernel
10:07:29 ERROR: Command failed: tc filter del dev s3-eth2 parent ffff:
rc=2 stdout= stderr=Error: Parent Qdisc doesn't exists.
We have an error talking to the kernel
10:07:29 ERROR: Command failed: tc filter del dev s3-eth1 parent ffff:
rc=2 stdout= stderr=Error: Parent Qdisc doesn't exists.
We have an error talking to the kernel
10:07:29 INFO: Starting policer on interface s1-eth1
10:07:29 INFO: Classes: [('HTTP', 34, '5mbit', '10kb'), ('RTP', 46, '10mbit', '10kb'), ('DNS', 8, '1mbit', '5kb'), ('SSH', 16, '2mbit', '5kb')]
10:07:29 INFO: Enable egress shaping: True
10:07:29 INFO: egress HTB installed on s2-eth2, class 1:10 rate=5mbit burst=10kb
10:07:29 INFO: ingress qdisc added on s3-eth3
10:07:29 ERROR: Command failed: tc filter del dev s1-eth4 parent ffff:
rc=2 stdout= stderr=Error: Parent Qdisc doesn't exists.
We have an error talking to the kernel
10:07:29 INFO: Starting policer on interface s2-eth1
10:07:29 INFO: Classes: [('HTTP', 34, '5mbit', '10kb'), ('RTP', 46, '10mbit', '10kb'), ('DNS', 8, '1mbit', '5kb'), ('SSH', 16, '2mbit', '5kb')]
10:07:29 INFO: Enable egress shaping: True
10:07:29 INFO: Installed ingress police (u32) on s2-eth3 for DSCP=34 (tos=0x88) rate=5mbit burst=10kb
10:07:29 INFO: Starting policer on interface s3-eth4
10:07:29 INFO: Classes: [('HTTP', 34, '5mbit', '10kb'), ('RTP', 46, '10mbit', '10kb'), ('DNS', 8, '1mbit', '5kb'), ('SSH', 16, '2mbit', '5kb')]
10:07:29 INFO: Enable egress shaping: True
10:07:29 INFO: egress HTB installed on s4-eth3, class 1:10 rate=5mbit burst=10kb
10:07:29 INFO: Installed ingress police (u32) on s2-eth3 for DSCP=46 (tos=0xb8) rate=10mbit burst=10kb
10:07:29 INFO: Installed ingress police (u32) on s4-eth3 for DSCP=34 (tos=0x88) rate=5mbit burst=10kb
10:07:29 INFO: Starting policer on interface s1-eth3
10:07:29 INFO: Classes: [('HTTP', 34, '5mbit', '10kb'), ('RTP', 46, '10mbit', '10kb'), ('DNS', 8, '1mbit', '5kb'), ('SSH', 16, '2mbit', '5kb')]
10:07:29 INFO: Enable egress shaping: True
10:07:29 ERROR: Command failed: tc qdisc del dev s3-eth1 ingress
rc=2 stdout= stderr=Error: Cannot find specified qdisc on specified device.
10:07:29 INFO: Installed ingress police (u32) on s2-eth3 for DSCP=8 (tos=0x20) rate=1mbit burst=5kb
10:07:29 ERROR: Command failed: tc qdisc del dev s4-eth2 ingress
rc=2 stdout= stderr=Error: Cannot find specified qdisc on specified device.
10:07:29 INFO: ingress qdisc added on s1-eth2
10:07:29 INFO: ingress qdisc added on s3-eth1
10:07:29 INFO: Installed ingress police (u32) on s2-eth3 for DSCP=16 (tos=0x40) rate=2mbit burst=5kb
10:07:29 INFO: Policer installed. Running...
10:07:29 INFO: Installed ingress police (u32) on s4-eth3 for DSCP=46 (tos=0xb8) rate=10mbit burst=10kb
10:07:29 INFO: ingress qdisc added on s4-eth2
10:07:29 ERROR: Command failed: tc filter del dev s1-eth1 parent ffff:
rc=2 stdout= stderr=Error: Parent Qdisc doesn't exists.
We have an error talking to the kernel
10:07:29 ERROR: Command failed: tc filter del dev s1-eth3 parent ffff:
rc=2 stdout= stderr=Error: Parent Qdisc doesn't exists.
We have an error talking to the kernel
10:07:29 INFO: Installed ingress police (u32) on s2-eth2 for DSCP=34 (tos=0x88) rate=5mbit burst=10kb
10:07:29 ERROR: Command failed: tc filter del dev s2-eth1 parent ffff:
rc=2 stdout= stderr=Error: Parent Qdisc doesn't exists.
We have an error talking to the kernel
10:07:29 ERROR: Command failed: tc qdisc del dev s1-eth1 ingress
rc=2 stdout= stderr=Error: Cannot find specified qdisc on specified device.
10:07:29 ERROR: Command failed: tc filter del dev s3-eth4 parent ffff:
rc=2 stdout= stderr=Error: Parent Qdisc doesn't exists.
We have an error talking to the kernel
10:07:29 ERROR: Command failed: tc qdisc del dev s1-eth4 ingress
rc=2 stdout= stderr=Error: Cannot find specified qdisc on specified device.
10:07:29 ERROR: Command failed: tc qdisc del dev s3-eth2 ingress
rc=2 stdout= stderr=Error: Cannot find specified qdisc on specified device.
10:07:29 INFO: Installed ingress police (u32) on s2-eth2 for DSCP=46 (tos=0xb8) rate=10mbit burst=10kb
10:07:29 INFO: egress HTB installed on s3-eth1, class 1:10 rate=5mbit burst=10kb
10:07:29 INFO: Installed ingress police (u32) on s4-eth3 for DSCP=8 (tos=0x20) rate=1mbit burst=5kb
10:07:29 INFO: ingress qdisc added on s1-eth1
10:07:29 INFO: Installed ingress police (u32) on s2-eth2 for DSCP=8 (tos=0x20) rate=1mbit burst=5kb
10:07:29 INFO: ingress qdisc added on s1-eth4
10:07:29 ERROR: Command failed: tc qdisc del dev s1-eth3 ingress
rc=2 stdout= stderr=Error: Cannot find specified qdisc on specified device.
10:07:29 ERROR: Command failed: tc qdisc del dev s3-eth4 ingress
rc=2 stdout= stderr=Error: Cannot find specified qdisc on specified device.
10:07:29 INFO: egress HTB installed on s4-eth2, class 1:10 rate=5mbit burst=10kb
10:07:29 ERROR: Command failed: tc qdisc del dev s2-eth1 ingress
rc=2 stdout= stderr=Error: Cannot find specified qdisc on specified device.
10:07:29 INFO: Starting policer on interface s4-eth1
10:07:29 INFO: Classes: [('HTTP', 34, '5mbit', '10kb'), ('RTP', 46, '10mbit', '10kb'), ('DNS', 8, '1mbit', '5kb'), ('SSH', 16, '2mbit', '5kb')]
10:07:29 INFO: Enable egress shaping: True
10:07:29 INFO: Installed ingress police (u32) on s2-eth2 for DSCP=16 (tos=0x40) rate=2mbit burst=5kb
10:07:29 INFO: Policer installed. Running...
10:07:29 INFO: ingress qdisc added on s3-eth2
10:07:29 INFO: Installed ingress police (u32) on s4-eth2 for DSCP=34 (tos=0x88) rate=5mbit burst=10kb
10:07:29 INFO: ingress qdisc added on s2-eth1
10:07:29 INFO: Installed ingress police (u32) on s3-eth1 for DSCP=34 (tos=0x88) rate=5mbit burst=10kb
10:07:29 INFO: ingress qdisc added on s1-eth3
10:07:29 INFO: Installed ingress police (u32) on s4-eth2 for DSCP=46 (tos=0xb8) rate=10mbit burst=10kb
10:07:29 ERROR: Command failed: tc filter del dev s4-eth1 parent ffff:
rc=2 stdout= stderr=Error: Parent Qdisc doesn't exists.
We have an error talking to the kernel
10:07:29 INFO: egress HTB installed on s1-eth2, class 1:10 rate=5mbit burst=10kb
10:07:29 INFO: Installed ingress police (u32) on s3-eth1 for DSCP=46 (tos=0xb8) rate=10mbit burst=10kb
10:07:29 INFO: ingress qdisc added on s3-eth4
10:07:29 INFO: Installed ingress police (u32) on s4-eth3 for DSCP=16 (tos=0x40) rate=2mbit burst=5kb
10:07:29 INFO: Policer installed. Running...
10:07:29 INFO: egress HTB installed on s3-eth3, class 1:10 rate=5mbit burst=10kb
10:07:29 INFO: Installed ingress police (u32) on s4-eth2 for DSCP=8 (tos=0x20) rate=1mbit burst=5kb
10:07:29 INFO: egress HTB installed on s1-eth4, class 1:10 rate=5mbit burst=10kb
10:07:29 INFO: Installed ingress police (u32) on s3-eth1 for DSCP=8 (tos=0x20) rate=1mbit burst=5kb
10:07:29 INFO: Installed ingress police (u32) on s1-eth2 for DSCP=34 (tos=0x88) rate=5mbit burst=10kb
10:07:29 INFO: egress HTB installed on s1-eth1, class 1:10 rate=5mbit burst=10kb
10:07:29 INFO: Installed ingress police (u32) on s3-eth3 for DSCP=34 (tos=0x88) rate=5mbit burst=10kb
10:07:29 INFO: Installed ingress police (u32) on s3-eth1 for DSCP=16 (tos=0x40) rate=2mbit burst=5kb
10:07:29 INFO: Policer installed. Running...
10:07:29 ERROR: Command failed: tc qdisc del dev s4-eth1 ingress
rc=2 stdout= stderr=Error: Cannot find specified qdisc on specified device.
10:07:29 INFO: egress HTB installed on s1-eth3, class 1:10 rate=5mbit burst=10kb
10:07:29 INFO: Installed ingress police (u32) on s4-eth2 for DSCP=16 (tos=0x40) rate=2mbit burst=5kb
10:07:29 INFO: Policer installed. Running...
10:07:29 INFO: egress HTB installed on s3-eth2, class 1:10 rate=5mbit burst=10kb
10:07:29 INFO: ingress qdisc added on s4-eth1
10:07:29 INFO: egress HTB installed on s2-eth1, class 1:10 rate=5mbit burst=10kb
10:07:29 INFO: Installed ingress police (u32) on s1-eth4 for DSCP=34 (tos=0x88) rate=5mbit burst=10kb
10:07:29 INFO: Installed ingress police (u32) on s3-eth3 for DSCP=46 (tos=0xb8) rate=10mbit burst=10kb
10:07:29 INFO: Installed ingress police (u32) on s1-eth1 for DSCP=34 (tos=0x88) rate=5mbit burst=10kb
10:07:29 INFO: Installed ingress police (u32) on s1-eth2 for DSCP=46 (tos=0xb8) rate=10mbit burst=10kb
10:07:29 INFO: Installed ingress police (u32) on s1-eth3 for DSCP=34 (tos=0x88) rate=5mbit burst=10kb
10:07:29 INFO: Installed ingress police (u32) on s2-eth1 for DSCP=34 (tos=0x88) rate=5mbit burst=10kb
10:07:29 INFO: Installed ingress police (u32) on s1-eth1 for DSCP=46 (tos=0xb8) rate=10mbit burst=10kb
10:07:29 INFO: Installed ingress police (u32) on s1-eth2 for DSCP=8 (tos=0x20) rate=1mbit burst=5kb
10:07:29 INFO: Installed ingress police (u32) on s3-eth3 for DSCP=8 (tos=0x20) rate=1mbit burst=5kb
10:07:29 INFO: Installed ingress police (u32) on s1-eth2 for DSCP=16 (tos=0x40) rate=2mbit burst=5kb
10:07:29 INFO: Policer installed. Running...
10:07:29 INFO: Installed ingress police (u32) on s1-eth1 for DSCP=8 (tos=0x20) rate=1mbit burst=5kb
10:07:29 INFO: Installed ingress police (u32) on s1-eth4 for DSCP=46 (tos=0xb8) rate=10mbit burst=10kb
10:07:29 INFO: Installed ingress police (u32) on s1-eth3 for DSCP=46 (tos=0xb8) rate=10mbit burst=10kb
10:07:29 INFO: Installed ingress police (u32) on s3-eth2 for DSCP=34 (tos=0x88) rate=5mbit burst=10kb
10:07:29 INFO: Installed ingress police (u32) on s2-eth1 for DSCP=46 (tos=0xb8) rate=10mbit burst=10kb
10:07:29 INFO: Installed ingress police (u32) on s3-eth3 for DSCP=16 (tos=0x40) rate=2mbit burst=5kb
10:07:29 INFO: Policer installed. Running...
10:07:29 INFO: egress HTB installed on s4-eth1, class 1:10 rate=5mbit burst=10kb
10:07:29 INFO: egress HTB installed on s3-eth4, class 1:10 rate=5mbit burst=10kb
10:07:29 INFO: Installed ingress police (u32) on s1-eth4 for DSCP=8 (tos=0x20) rate=1mbit burst=5kb
10:07:29 INFO: Installed ingress police (u32) on s2-eth1 for DSCP=8 (tos=0x20) rate=1mbit burst=5kb
10:07:29 INFO: Installed ingress police (u32) on s1-eth1 for DSCP=16 (tos=0x40) rate=2mbit burst=5kb
10:07:29 INFO: Policer installed. Running...
10:07:29 INFO: Installed ingress police (u32) on s4-eth1 for DSCP=34 (tos=0x88) rate=5mbit burst=10kb
10:07:29 INFO: Installed ingress police (u32) on s1-eth3 for DSCP=8 (tos=0x20) rate=1mbit burst=5kb
10:07:29 INFO: Installed ingress police (u32) on s3-eth4 for DSCP=34 (tos=0x88) rate=5mbit burst=10kb
10:07:29 INFO: Installed ingress police (u32) on s2-eth1 for DSCP=16 (tos=0x40) rate=2mbit burst=5kb
10:07:29 INFO: Installed ingress police (u32) on s4-eth1 for DSCP=46 (tos=0xb8) rate=10mbit burst=10kb
10:07:29 INFO: Policer installed. Running...
10:07:29 INFO: Installed ingress police (u32) on s1-eth4 for DSCP=16 (tos=0x40) rate=2mbit burst=5kb
10:07:29 INFO: Installed ingress police (u32) on s3-eth2 for DSCP=46 (tos=0xb8) rate=10mbit burst=10kb
10:07:29 INFO: Policer installed. Running...
10:07:29 INFO: Installed ingress police (u32) on s1-eth3 for DSCP=16 (tos=0x40) rate=2mbit burst=5kb
10:07:29 INFO: Policer installed. Running...
10:07:29 INFO: Installed ingress police (u32) on s4-eth1 for DSCP=8 (tos=0x20) rate=1mbit burst=5kb
10:07:29 INFO: Installed ingress police (u32) on s3-eth4 for DSCP=46 (tos=0xb8) rate=10mbit burst=10kb
10:07:29 INFO: Installed ingress police (u32) on s4-eth1 for DSCP=16 (tos=0x40) rate=2mbit burst=5kb
10:07:29 INFO: Policer installed. Running...
10:07:29 INFO: Installed ingress police (u32) on s3-eth4 for DSCP=8 (tos=0x20) rate=1mbit burst=5kb
10:07:29 INFO: Installed ingress police (u32) on s3-eth2 for DSCP=8 (tos=0x20) rate=1mbit burst=5kb
10:07:29 INFO: Installed ingress police (u32) on s3-eth2 for DSCP=16 (tos=0x40) rate=2mbit burst=5kb
10:07:29 INFO: Policer installed. Running...
10:07:29 INFO: Installed ingress police (u32) on s3-eth4 for DSCP=16 (tos=0x40) rate=2mbit burst=5kb
10:07:29 INFO: Policer installed. Running...
10:30:36 INFO: Starting policer on interface s1-eth3
10:30:36 INFO: Classes: [('HTTP', 34, '5mbit', '10kb'), ('RTP', 46, '10mbit', '10kb'), ('DNS', 8, '1mbit', '5kb'), ('SSH', 16, '2mbit', '5kb')]
10:30:36 INFO: Enable egress shaping: True
10:30:36 ERROR: Command failed: tc filter del dev s1-eth3 parent ffff:
rc=2 stdout= stderr=Error: Parent Qdisc doesn't exists.
We have an error talking to the kernel
10:30:36 ERROR: Command failed: tc qdisc del dev s1-eth3 ingress
rc=2 stdout= stderr=Error: Cannot find specified qdisc on specified device.
10:30:36 INFO: ingress qdisc added on s1-eth3
10:30:36 INFO: Starting policer on interface s3-eth1
10:30:36 INFO: Classes: [('HTTP', 34, '5mbit', '10kb'), ('RTP', 46, '10mbit', '10kb'), ('DNS', 8, '1mbit', '5kb'), ('SSH', 16, '2mbit', '5kb')]
10:30:36 INFO: Enable egress shaping: True
10:30:36 ERROR: Command failed: tc qdisc del dev s1-eth3 root
rc=2 stdout= stderr=Error: Cannot delete qdisc with handle of zero.
10:30:36 ERROR: Command failed: tc filter del dev s3-eth1 parent ffff:
rc=2 stdout= stderr=Error: Parent Qdisc doesn't exists.
We have an error talking to the kernel
10:30:36 INFO: egress HTB installed on s1-eth3, class 1:10 rate=5mbit burst=10kb
10:30:36 ERROR: Command failed: tc qdisc del dev s3-eth1 ingress
rc=2 stdout= stderr=Error: Cannot find specified qdisc on specified device.
10:30:36 INFO: Starting policer on interface s1-eth4
10:30:36 INFO: Classes: [('HTTP', 34, '5mbit', '10kb'), ('RTP', 46, '10mbit', '10kb'), ('DNS', 8, '1mbit', '5kb'), ('SSH', 16, '2mbit', '5kb')]
10:30:36 INFO: Enable egress shaping: True
10:30:36 INFO: Installed ingress police (u32) on s1-eth3 for DSCP=34 (tos=0x88) rate=5mbit burst=10kb
10:30:36 INFO: ingress qdisc added on s3-eth1
10:30:36 ERROR: Command failed: tc filter del dev s1-eth4 parent ffff:
rc=2 stdout= stderr=Error: Parent Qdisc doesn't exists.
We have an error talking to the kernel
10:30:36 INFO: Starting policer on interface s1-eth2
10:30:36 INFO: Classes: [('HTTP', 34, '5mbit', '10kb'), ('RTP', 46, '10mbit', '10kb'), ('DNS', 8, '1mbit', '5kb'), ('SSH', 16, '2mbit', '5kb')]
10:30:36 INFO: Enable egress shaping: True
10:30:36 INFO: Starting policer on interface s2-eth1
10:30:36 INFO: Classes: [('HTTP', 34, '5mbit', '10kb'), ('RTP', 46, '10mbit', '10kb'), ('DNS', 8, '1mbit', '5kb'), ('SSH', 16, '2mbit', '5kb')]
10:30:36 INFO: Enable egress shaping: True
10:30:36 ERROR: Command failed: tc qdisc del dev s1-eth4 ingress
rc=2 stdout= stderr=Error: Cannot find specified qdisc on specified device.
10:30:36 ERROR: Command failed: tc qdisc del dev s3-eth1 root
rc=2 stdout= stderr=Error: Cannot delete qdisc with handle of zero.
10:30:36 ERROR: Command failed: tc filter del dev s1-eth2 parent ffff:
rc=2 stdout= stderr=Error: Parent Qdisc doesn't exists.
We have an error talking to the kernel
10:30:36 INFO: Starting policer on interface s4-eth2
10:30:36 INFO: Classes: [('HTTP', 34, '5mbit', '10kb'), ('RTP', 46, '10mbit', '10kb'), ('DNS', 8, '1mbit', '5kb'), ('SSH', 16, '2mbit', '5kb')]
10:30:36 INFO: Enable egress shaping: True
10:30:36 INFO: ingress qdisc added on s1-eth4
10:30:36 ERROR: Command failed: tc filter del dev s2-eth1 parent ffff:
rc=2 stdout= stderr=Error: Parent Qdisc doesn't exists.
We have an error talking to the kernel
10:30:36 ERROR: Command failed: tc filter del dev s4-eth2 parent ffff:
rc=2 stdout= stderr=Error: Parent Qdisc doesn't exists.
We have an error talking to the kernel
10:30:36 INFO: Starting policer on interface s3-eth4
10:30:36 INFO: Classes: [('HTTP', 34, '5mbit', '10kb'), ('RTP', 46, '10mbit', '10kb'), ('DNS', 8, '1mbit', '5kb'), ('SSH', 16, '2mbit', '5kb')]
10:30:36 INFO: Enable egress shaping: True
10:30:36 INFO: Installed ingress police (u32) on s1-eth3 for DSCP=46 (tos=0xb8) rate=10mbit burst=10kb
10:30:36 ERROR: Command failed: tc qdisc del dev s2-eth1 ingress
rc=2 stdout= stderr=Error: Cannot find specified qdisc on specified device.
10:30:36 INFO: egress HTB installed on s3-eth1, class 1:10 rate=5mbit burst=10kb
10:30:36 INFO: Installed ingress police (u32) on s1-eth3 for DSCP=8 (tos=0x20) rate=1mbit burst=5kb
10:30:36 INFO: Starting policer on interface s4-eth3
10:30:36 INFO: ingress qdisc added on s2-eth1
10:30:36 INFO: Classes: [('HTTP', 34, '5mbit', '10kb'), ('RTP', 46, '10mbit', '10kb'), ('DNS', 8, '1mbit', '5kb'), ('SSH', 16, '2mbit', '5kb')]
10:30:36 INFO: Enable egress shaping: True
10:30:36 ERROR: Command failed: tc qdisc del dev s4-eth2 ingress
rc=2 stdout= stderr=Error: Cannot find specified qdisc on specified device.
10:30:36 INFO: Starting policer on interface s3-eth2
10:30:36 INFO: Classes: [('HTTP', 34, '5mbit', '10kb'), ('RTP', 46, '10mbit', '10kb'), ('DNS', 8, '1mbit', '5kb'), ('SSH', 16, '2mbit', '5kb')]
10:30:36 INFO: Enable egress shaping: True
10:30:36 ERROR: Command failed: tc qdisc del dev s1-eth2 ingress
rc=2 stdout= stderr=Error: Cannot find specified qdisc on specified device.
10:30:36 INFO: Installed ingress police (u32) on s3-eth1 for DSCP=34 (tos=0x88) rate=5mbit burst=10kb
10:30:36 ERROR: Command failed: tc filter del dev s4-eth3 parent ffff:
rc=2 stdout= stderr=Error: Parent Qdisc doesn't exists.
We have an error talking to the kernel
10:30:36 INFO: Installed ingress police (u32) on s1-eth3 for DSCP=16 (tos=0x40) rate=2mbit burst=5kb
10:30:36 INFO: Policer installed. Running...
10:30:36 ERROR: Command failed: tc filter del dev s3-eth2 parent ffff:
rc=2 stdout= stderr=Error: Parent Qdisc doesn't exists.
We have an error talking to the kernel
10:30:36 ERROR: Command failed: tc qdisc del dev s2-eth1 root
rc=2 stdout= stderr=Error: Cannot delete qdisc with handle of zero.
10:30:36 ERROR: Command failed: tc filter del dev s3-eth4 parent ffff:
rc=2 stdout= stderr=Error: Parent Qdisc doesn't exists.
We have an error talking to the kernel
10:30:36 INFO: ingress qdisc added on s1-eth2
10:30:36 INFO: ingress qdisc added on s4-eth2
10:30:36 ERROR: Command failed: tc qdisc del dev s3-eth4 ingress
rc=2 stdout= stderr=Error: Cannot find specified qdisc on specified device.
10:30:36 INFO: Installed ingress police (u32) on s3-eth1 for DSCP=46 (tos=0xb8) rate=10mbit burst=10kb
10:30:36 ERROR: Command failed: tc qdisc del dev s4-eth3 ingress
rc=2 stdout= stderr=Error: Cannot find specified qdisc on specified device.
10:30:36 ERROR: Command failed: tc qdisc del dev s3-eth2 ingress
rc=2 stdout= stderr=Error: Cannot find specified qdisc on specified device.
10:30:36 INFO: Installed ingress police (u32) on s3-eth1 for DSCP=8 (tos=0x20) rate=1mbit burst=5kb
10:30:36 INFO: egress HTB installed on s1-eth4, class 1:10 rate=5mbit burst=10kb
10:30:36 INFO: Starting policer on interface s3-eth3
10:30:36 INFO: Classes: [('HTTP', 34, '5mbit', '10kb'), ('RTP', 46, '10mbit', '10kb'), ('DNS', 8, '1mbit', '5kb'), ('SSH', 16, '2mbit', '5kb')]
10:30:36 INFO: Enable egress shaping: True
10:30:36 INFO: ingress qdisc added on s3-eth4
10:30:36 INFO: Installed ingress police (u32) on s3-eth1 for DSCP=16 (tos=0x40) rate=2mbit burst=5kb
10:30:36 INFO: Policer installed. Running...
10:30:36 INFO: ingress qdisc added on s4-eth3
10:30:36 INFO: egress HTB installed on s2-eth1, class 1:10 rate=5mbit burst=10kb
10:30:36 INFO: Installed ingress police (u32) on s1-eth4 for DSCP=34 (tos=0x88) rate=5mbit burst=10kb
10:30:36 ERROR: Command failed: tc filter del dev s3-eth3 parent ffff:
rc=2 stdout= stderr=Error: Parent Qdisc doesn't exists.
We have an error talking to the kernel
10:30:36 INFO: ingress qdisc added on s3-eth2
10:30:36 INFO: Starting policer on interface s2-eth2
10:30:36 INFO: Classes: [('HTTP', 34, '5mbit', '10kb'), ('RTP', 46, '10mbit', '10kb'), ('DNS', 8, '1mbit', '5kb'), ('SSH', 16, '2mbit', '5kb')]
10:30:36 INFO: Enable egress shaping: True
10:30:36 ERROR: Command failed: tc qdisc del dev s3-eth3 ingress
rc=2 stdout= stderr=Error: Cannot find specified qdisc on specified device.
10:30:36 INFO: Starting policer on interface s1-eth1
10:30:36 INFO: Classes: [('HTTP', 34, '5mbit', '10kb'), ('RTP', 46, '10mbit', '10kb'), ('DNS', 8, '1mbit', '5kb'), ('SSH', 16, '2mbit', '5kb')]
10:30:36 INFO: Enable egress shaping: True
10:30:36 INFO: egress HTB installed on s3-eth4, class 1:10 rate=5mbit burst=10kb
10:30:36 INFO: egress HTB installed on s1-eth2, class 1:10 rate=5mbit burst=10kb
10:30:36 ERROR: Command failed: tc filter del dev s2-eth2 parent ffff:
rc=2 stdout= stderr=Error: Parent Qdisc doesn't exists.
We have an error talking to the kernel
10:30:36 INFO: Starting policer on interface s2-eth3
10:30:36 INFO: Classes: [('HTTP', 34, '5mbit', '10kb'), ('RTP', 46, '10mbit', '10kb'), ('DNS', 8, '1mbit', '5kb'), ('SSH', 16, '2mbit', '5kb')]
10:30:36 INFO: Enable egress shaping: True
10:30:36 INFO: Installed ingress police (u32) on s1-eth4 for DSCP=46 (tos=0xb8) rate=10mbit burst=10kb
10:30:36 INFO: Installed ingress police (u32) on s3-eth4 for DSCP=34 (tos=0x88) rate=5mbit burst=10kb
10:30:36 INFO: Installed ingress police (u32) on s2-eth1 for DSCP=34 (tos=0x88) rate=5mbit burst=10kb
10:30:36 INFO: Installed ingress police (u32) on s1-eth2 for DSCP=34 (tos=0x88) rate=5mbit burst=10kb
10:30:36 ERROR: Command failed: tc filter del dev s1-eth1 parent ffff:
rc=2 stdout= stderr=Error: Parent Qdisc doesn't exists.
We have an error talking to the kernel
10:30:36 ERROR: Command failed: tc qdisc del dev s2-eth2 ingress
rc=2 stdout= stderr=Error: Cannot find specified qdisc on specified device.
10:30:36 INFO: egress HTB installed on s4-eth2, class 1:10 rate=5mbit burst=10kb
10:30:36 INFO: Installed ingress police (u32) on s1-eth4 for DSCP=8 (tos=0x20) rate=1mbit burst=5kb
10:30:36 INFO: Installed ingress police (u32) on s3-eth4 for DSCP=46 (tos=0xb8) rate=10mbit burst=10kb
10:30:36 INFO: ingress qdisc added on s3-eth3
10:30:36 INFO: ingress qdisc added on s2-eth2
10:30:36 INFO: Starting policer on interface s4-eth1
10:30:36 ERROR: Command failed: tc filter del dev s2-eth3 parent ffff:
rc=2 stdout= stderr=Error: Parent Qdisc doesn't exists.
We have an error talking to the kernel
10:30:36 INFO: Installed ingress police (u32) on s4-eth2 for DSCP=34 (tos=0x88) rate=5mbit burst=10kb
10:30:36 ERROR: Command failed: tc qdisc del dev s1-eth1 ingress
rc=2 stdout= stderr=Error: Cannot find specified qdisc on specified device.
10:30:36 INFO: Installed ingress police (u32) on s3-eth4 for DSCP=8 (tos=0x20) rate=1mbit burst=5kb
10:30:36 INFO: Installed ingress police (u32) on s2-eth1 for DSCP=46 (tos=0xb8) rate=10mbit burst=10kb
10:30:36 INFO: Classes: [('HTTP', 34, '5mbit', '10kb'), ('RTP', 46, '10mbit', '10kb'), ('DNS', 8, '1mbit', '5kb'), ('SSH', 16, '2mbit', '5kb')]
10:30:36 INFO: Enable egress shaping: True
10:30:36 ERROR: Command failed: tc qdisc del dev s2-eth3 ingress
rc=2 stdout= stderr=Error: Cannot find specified qdisc on specified device.
10:30:36 ERROR: Command failed: tc filter del dev s4-eth1 parent ffff:
rc=2 stdout= stderr=Error: Parent Qdisc doesn't exists.
We have an error talking to the kernel
10:30:36 INFO: Installed ingress police (u32) on s1-eth2 for DSCP=46 (tos=0xb8) rate=10mbit burst=10kb
10:30:36 INFO: ingress qdisc added on s2-eth3
10:30:36 INFO: ingress qdisc added on s1-eth1
10:30:36 INFO: egress HTB installed on s3-eth2, class 1:10 rate=5mbit burst=10kb
10:30:36 INFO: Installed ingress police (u32) on s1-eth4 for DSCP=16 (tos=0x40) rate=2mbit burst=5kb
10:30:36 INFO: Policer installed. Running...
10:30:36 INFO: Installed ingress police (u32) on s2-eth1 for DSCP=8 (tos=0x20) rate=1mbit burst=5kb
10:30:36 INFO: Installed ingress police (u32) on s4-eth2 for DSCP=46 (tos=0xb8) rate=10mbit burst=10kb
10:30:36 INFO: Installed ingress police (u32) on s3-eth4 for DSCP=16 (tos=0x40) rate=2mbit burst=5kb
10:30:36 INFO: Policer installed. Running...
10:30:36 INFO: Installed ingress police (u32) on s1-eth2 for DSCP=8 (tos=0x20) rate=1mbit burst=5kb
10:30:36 ERROR: Command failed: tc qdisc del dev s4-eth1 ingress
rc=2 stdout= stderr=Error: Cannot find specified qdisc on specified device.
10:30:36 INFO: egress HTB installed on s4-eth3, class 1:10 rate=5mbit burst=10kb
10:30:36 INFO: Installed ingress police (u32) on s3-eth2 for DSCP=34 (tos=0x88) rate=5mbit burst=10kb
10:30:36 INFO: egress HTB installed on s3-eth3, class 1:10 rate=5mbit burst=10kb
10:30:36 INFO: ingress qdisc added on s4-eth1
10:30:36 INFO: Installed ingress police (u32) on s4-eth3 for DSCP=34 (tos=0x88) rate=5mbit burst=10kb
10:30:36 INFO: Installed ingress police (u32) on s2-eth1 for DSCP=16 (tos=0x40) rate=2mbit burst=5kb
10:30:36 INFO: Policer installed. Running...
10:30:36 INFO: Installed ingress police (u32) on s1-eth2 for DSCP=16 (tos=0x40) rate=2mbit burst=5kb
10:30:36 INFO: Policer installed. Running...
10:30:36 INFO: Installed ingress police (u32) on s3-eth3 for DSCP=34 (tos=0x88) rate=5mbit burst=10kb
10:30:36 INFO: Installed ingress police (u32) on s4-eth2 for DSCP=8 (tos=0x20) rate=1mbit burst=5kb
10:30:36 INFO: egress HTB installed on s2-eth2, class 1:10 rate=5mbit burst=10kb
10:30:36 INFO: Installed ingress police (u32) on s3-eth2 for DSCP=46 (tos=0xb8) rate=10mbit burst=10kb
10:30:36 INFO: Installed ingress police (u32) on s3-eth3 for DSCP=46 (tos=0xb8) rate=10mbit burst=10kb
10:30:36 INFO: Installed ingress police (u32) on s4-eth3 for DSCP=46 (tos=0xb8) rate=10mbit burst=10kb
10:30:36 INFO: Installed ingress police (u32) on s4-eth2 for DSCP=16 (tos=0x40) rate=2mbit burst=5kb
10:30:36 INFO: Policer installed. Running...
10:30:36 INFO: egress HTB installed on s1-eth1, class 1:10 rate=5mbit burst=10kb
10:30:36 INFO: Installed ingress police (u32) on s3-eth2 for DSCP=8 (tos=0x20) rate=1mbit burst=5kb
10:30:36 INFO: egress HTB installed on s4-eth1, class 1:10 rate=5mbit burst=10kb
10:30:36 INFO: Installed ingress police (u32) on s2-eth2 for DSCP=34 (tos=0x88) rate=5mbit burst=10kb
10:30:36 INFO: Installed ingress police (u32) on s3-eth3 for DSCP=8 (tos=0x20) rate=1mbit burst=5kb
10:30:36 INFO: egress HTB installed on s2-eth3, class 1:10 rate=5mbit burst=10kb
10:30:36 INFO: Installed ingress police (u32) on s4-eth3 for DSCP=8 (tos=0x20) rate=1mbit burst=5kb
10:30:36 INFO: Installed ingress police (u32) on s1-eth1 for DSCP=34 (tos=0x88) rate=5mbit burst=10kb
10:30:36 INFO: Installed ingress police (u32) on s2-eth3 for DSCP=34 (tos=0x88) rate=5mbit burst=10kb
10:30:36 INFO: Installed ingress police (u32) on s3-eth3 for DSCP=16 (tos=0x40) rate=2mbit burst=5kb
10:30:36 INFO: Installed ingress police (u32) on s3-eth2 for DSCP=16 (tos=0x40) rate=2mbit burst=5kb
10:30:36 INFO: Policer installed. Running...
10:30:36 INFO: Policer installed. Running...
10:30:36 INFO: Installed ingress police (u32) on s2-eth2 for DSCP=46 (tos=0xb8) rate=10mbit burst=10kb
10:30:36 INFO: Installed ingress police (u32) on s4-eth1 for DSCP=34 (tos=0x88) rate=5mbit burst=10kb
10:30:36 INFO: Installed ingress police (u32) on s1-eth1 for DSCP=46 (tos=0xb8) rate=10mbit burst=10kb
10:30:36 INFO: Installed ingress police (u32) on s4-eth3 for DSCP=16 (tos=0x40) rate=2mbit burst=5kb
10:30:36 INFO: Policer installed. Running...
10:30:36 INFO: Installed ingress police (u32) on s4-eth1 for DSCP=46 (tos=0xb8) rate=10mbit burst=10kb
10:30:36 INFO: Installed ingress police (u32) on s2-eth3 for DSCP=46 (tos=0xb8) rate=10mbit burst=10kb
10:30:36 INFO: Installed ingress police (u32) on s2-eth2 for DSCP=8 (tos=0x20) rate=1mbit burst=5kb
10:30:36 INFO: Installed ingress police (u32) on s1-eth1 for DSCP=8 (tos=0x20) rate=1mbit burst=5kb
10:30:36 INFO: Installed ingress police (u32) on s2-eth3 for DSCP=8 (tos=0x20) rate=1mbit burst=5kb
10:30:36 INFO: Installed ingress police (u32) on s4-eth1 for DSCP=8 (tos=0x20) rate=1mbit burst=5kb
10:30:36 INFO: Installed ingress police (u32) on s2-eth2 for DSCP=16 (tos=0x40) rate=2mbit burst=5kb
10:30:36 INFO: Policer installed. Running...
10:30:36 INFO: Installed ingress police (u32) on s1-eth1 for DSCP=16 (tos=0x40) rate=2mbit burst=5kb
10:30:36 INFO: Policer installed. Running...
10:30:36 INFO: Installed ingress police (u32) on s2-eth3 for DSCP=16 (tos=0x40) rate=2mbit burst=5kb
10:30:36 INFO: Installed ingress police (u32) on s4-eth1 for DSCP=16 (tos=0x40) rate=2mbit burst=5kb
10:30:36 INFO: Policer installed. Running...
10:30:36 INFO: Policer installed. Running...
10:31:28 INFO: Received stop signal, cleaning up...
10:31:28 INFO: Received stop signal, cleaning up...
10:31:28 INFO: Received stop signal, cleaning up...
10:31:28 INFO: Received stop signal, cleaning up...
10:31:28 INFO: Received stop signal, cleaning up...
10:31:28 INFO: Received stop signal, cleaning up...
10:31:28 INFO: Received stop signal, cleaning up...
10:31:28 INFO: Received stop signal, cleaning up...
10:31:28 INFO: Received stop signal, cleaning up...
10:31:28 INFO: Received stop signal, cleaning up...
10:31:28 INFO: Received stop signal, cleaning up...
10:31:28 INFO: Received stop signal, cleaning up...
10:31:28 INFO: Received stop signal, cleaning up...
10:31:28 INFO: Received stop signal, cleaning up...
10:31:28 INFO: cleared tc qdiscs on s3-eth3
10:31:28 ERROR: Command failed: tc qdisc del dev s4-eth1 root
rc=2 stdout= stderr=Error: Cannot delete qdisc with handle of zero.
10:31:28 ERROR: Command failed: tc qdisc del dev s1-eth3 root
rc=2 stdout= stderr=Error: Cannot delete qdisc with handle of zero.
10:31:28 INFO: cleared tc qdiscs on s1-eth3
10:31:28 ERROR: Command failed: tc qdisc del dev s4-eth2 root
rc=2 stdout= stderr=Error: Cannot delete qdisc with handle of zero.
10:31:28 INFO: cleared tc qdiscs on s4-eth1
10:31:28 INFO: cleared tc qdiscs on s4-eth2
10:31:28 INFO: cleared tc qdiscs on s3-eth1
10:31:28 ERROR: Command failed: tc qdisc del dev s2-eth2 root
rc=2 stdout= stderr=Error: Cannot delete qdisc with handle of zero.
10:31:28 INFO: cleared tc qdiscs on s2-eth2
10:31:28 ERROR: Command failed: tc qdisc del dev s3-eth4 root
rc=2 stdout= stderr=Error: Cannot delete qdisc with handle of zero.
10:31:28 INFO: cleared tc qdiscs on s3-eth4
10:31:28 INFO: cleared tc qdiscs on s1-eth1
10:31:28 ERROR: Command failed: tc qdisc del dev s1-eth4 root
rc=2 stdout= stderr=Error: Cannot delete qdisc with handle of zero.
10:31:28 INFO: cleared tc qdiscs on s1-eth4
10:31:28 ERROR: Command failed: tc qdisc del dev s2-eth3 root
rc=2 stdout= stderr=Error: Cannot delete qdisc with handle of zero.
10:31:28 ERROR: Command failed: tc qdisc del dev s2-eth1 root
rc=2 stdout= stderr=Error: Cannot delete qdisc with handle of zero.
10:31:28 INFO: cleared tc qdiscs on s2-eth3
10:31:28 INFO: cleared tc qdiscs on s2-eth1
10:31:28 ERROR: Command failed: tc qdisc del dev s4-eth3 root
rc=2 stdout= stderr=Error: Cannot delete qdisc with handle of zero.
10:31:28 INFO: cleared tc qdiscs on s4-eth3
10:31:28 ERROR: Command failed: tc qdisc del dev s1-eth2 root
rc=2 stdout= stderr=Error: Cannot delete qdisc with handle of zero.
10:31:28 INFO: cleared tc qdiscs on s1-eth2
10:31:28 ERROR: Command failed: tc qdisc del dev s3-eth2 root
rc=2 stdout= stderr=Error: Cannot delete qdisc with handle of zero.
10:31:28 INFO: cleared tc qdiscs on s3-eth2
10:31:48 INFO: Starting policer on interface s3-eth2
10:31:48 INFO: Classes: [('HTTP', 34, '5mbit', '10kb'), ('RTP', 46, '10mbit', '10kb'), ('DNS', 8, '1mbit', '5kb'), ('SSH', 16, '2mbit', '5kb')]
10:31:48 INFO: Enable egress shaping: True
10:31:48 INFO: Starting policer on interface s2-eth1
10:31:48 INFO: Classes: [('HTTP', 34, '5mbit', '10kb'), ('RTP', 46, '10mbit', '10kb'), ('DNS', 8, '1mbit', '5kb'), ('SSH', 16, '2mbit', '5kb')]
10:31:48 INFO: Enable egress shaping: True
10:31:48 INFO: Starting policer on interface s1-eth2
10:31:48 ERROR: Command failed: tc filter del dev s3-eth2 parent ffff:
rc=2 stdout= stderr=Error: Parent Qdisc doesn't exists.
We have an error talking to the kernel
10:31:48 INFO: Classes: [('HTTP', 34, '5mbit', '10kb'), ('RTP', 46, '10mbit', '10kb'), ('DNS', 8, '1mbit', '5kb'), ('SSH', 16, '2mbit', '5kb')]
10:31:48 INFO: Enable egress shaping: True
10:31:48 INFO: Starting policer on interface s1-eth3
10:31:48 INFO: Classes: [('HTTP', 34, '5mbit', '10kb'), ('RTP', 46, '10mbit', '10kb'), ('DNS', 8, '1mbit', '5kb'), ('SSH', 16, '2mbit', '5kb')]
10:31:48 INFO: Enable egress shaping: True
10:31:48 ERROR: Command failed: tc filter del dev s1-eth2 parent ffff:
rc=2 stdout= stderr=Error: Parent Qdisc doesn't exists.
We have an error talking to the kernel
10:31:48 INFO: Starting policer on interface s1-eth4
10:31:48 INFO: Classes: [('HTTP', 34, '5mbit', '10kb'), ('RTP', 46, '10mbit', '10kb'), ('DNS', 8, '1mbit', '5kb'), ('SSH', 16, '2mbit', '5kb')]
10:31:48 ERROR: Command failed: tc filter del dev s1-eth3 parent ffff:
rc=2 stdout= stderr=Error: Parent Qdisc doesn't exists.
We have an error talking to the kernel
10:31:48 ERROR: Command failed: tc filter del dev s2-eth1 parent ffff:
rc=2 stdout= stderr=Error: Parent Qdisc doesn't exists.
We have an error talking to the kernel
10:31:48 INFO: Enable egress shaping: True
10:31:48 INFO: Starting policer on interface s3-eth4
10:31:48 INFO: Classes: [('HTTP', 34, '5mbit', '10kb'), ('RTP', 46, '10mbit', '10kb'), ('DNS', 8, '1mbit', '5kb'), ('SSH', 16, '2mbit', '5kb')]
10:31:48 INFO: Enable egress shaping: True
10:31:48 ERROR: Command failed: tc qdisc del dev s3-eth2 ingress
rc=2 stdout= stderr=Error: Cannot find specified qdisc on specified device.
10:31:48 INFO: Starting policer on interface s1-eth1
10:31:48 INFO: Classes: [('HTTP', 34, '5mbit', '10kb'), ('RTP', 46, '10mbit', '10kb'), ('DNS', 8, '1mbit', '5kb'), ('SSH', 16, '2mbit', '5kb')]
10:31:48 INFO: Enable egress shaping: True
10:31:48 ERROR: Command failed: tc filter del dev s3-eth4 parent ffff:
rc=2 stdout= stderr=Error: Parent Qdisc doesn't exists.
We have an error talking to the kernel
10:31:48 ERROR: Command failed: tc qdisc del dev s1-eth2 ingress
rc=2 stdout= stderr=Error: Cannot find specified qdisc on specified device.
10:31:48 INFO: Starting policer on interface s3-eth3
10:31:48 INFO: Classes: [('HTTP', 34, '5mbit', '10kb'), ('RTP', 46, '10mbit', '10kb'), ('DNS', 8, '1mbit', '5kb'), ('SSH', 16, '2mbit', '5kb')]
10:31:48 INFO: Enable egress shaping: True
10:31:48 INFO: Starting policer on interface s2-eth2
10:31:48 INFO: Classes: [('HTTP', 34, '5mbit', '10kb'), ('RTP', 46, '10mbit', '10kb'), ('DNS', 8, '1mbit', '5kb'), ('SSH', 16, '2mbit', '5kb')]
10:31:48 INFO: Enable egress shaping: True
10:31:48 ERROR: Command failed: tc qdisc del dev s2-eth1 ingress
rc=2 stdout= stderr=Error: Cannot find specified qdisc on specified device.
10:31:48 ERROR: Command failed: tc qdisc del dev s3-eth4 ingress
rc=2 stdout= stderr=Error: Cannot find specified qdisc on specified device.
10:31:48 INFO: ingress qdisc added on s3-eth2
10:31:48 INFO: ingress qdisc added on s2-eth1
10:31:48 ERROR: Command failed: tc filter del dev s2-eth2 parent ffff:
rc=2 stdout= stderr=Error: Parent Qdisc doesn't exists.
We have an error talking to the kernel
10:31:48 INFO: Starting policer on interface s4-eth1
10:31:48 INFO: Classes: [('HTTP', 34, '5mbit', '10kb'), ('RTP', 46, '10mbit', '10kb'), ('DNS', 8, '1mbit', '5kb'), ('SSH', 16, '2mbit', '5kb')]
10:31:48 INFO: Enable egress shaping: True
10:31:48 ERROR: Command failed: tc filter del dev s1-eth4 parent ffff:
rc=2 stdout= stderr=Error: Parent Qdisc doesn't exists.
We have an error talking to the kernel
10:31:48 INFO: ingress qdisc added on s3-eth4
10:31:48 INFO: Starting policer on interface s2-eth3
10:31:48 INFO: Classes: [('HTTP', 34, '5mbit', '10kb'), ('RTP', 46, '10mbit', '10kb'), ('DNS', 8, '1mbit', '5kb'), ('SSH', 16, '2mbit', '5kb')]
10:31:48 INFO: Enable egress shaping: True
10:31:48 ERROR: Command failed: tc filter del dev s3-eth3 parent ffff:
rc=2 stdout= stderr=Error: Parent Qdisc doesn't exists.
We have an error talking to the kernel
10:31:48 ERROR: Command failed: tc qdisc del dev s1-eth4 ingress
rc=2 stdout= stderr=Error: Cannot find specified qdisc on specified device.
10:31:48 ERROR: Command failed: tc filter del dev s2-eth3 parent ffff:
rc=2 stdout= stderr=Error: Parent Qdisc doesn't exists.
We have an error talking to the kernel
10:31:48 ERROR: Command failed: tc filter del dev s1-eth1 parent ffff:
rc=2 stdout= stderr=Error: Parent Qdisc doesn't exists.
We have an error talking to the kernel
10:31:48 ERROR: Command failed: tc qdisc del dev s1-eth3 ingress
rc=2 stdout= stderr=Error: Cannot find specified qdisc on specified device.
10:31:48 ERROR: Command failed: tc qdisc del dev s2-eth3 ingress
rc=2 stdout= stderr=Error: Cannot find specified qdisc on specified device.
10:31:48 INFO: ingress qdisc added on s1-eth2
10:31:48 INFO: Starting policer on interface s3-eth1
10:31:48 INFO: Classes: [('HTTP', 34, '5mbit', '10kb'), ('RTP', 46, '10mbit', '10kb'), ('DNS', 8, '1mbit', '5kb'), ('SSH', 16, '2mbit', '5kb')]
10:31:48 ERROR: Command failed: tc qdisc del dev s1-eth1 ingress
rc=2 stdout= stderr=Error: Cannot find specified qdisc on specified device.
10:31:48 ERROR: Command failed: tc qdisc del dev s3-eth3 ingress
rc=2 stdout= stderr=Error: Cannot find specified qdisc on specified device.
10:31:48 INFO: Enable egress shaping: True
10:31:48 INFO: ingress qdisc added on s1-eth3
10:31:48 INFO: Starting policer on interface s4-eth2
10:31:48 INFO: Classes: [('HTTP', 34, '5mbit', '10kb'), ('RTP', 46, '10mbit', '10kb'), ('DNS', 8, '1mbit', '5kb'), ('SSH', 16, '2mbit', '5kb')]
10:31:48 INFO: Enable egress shaping: True
10:31:48 ERROR: Command failed: tc filter del dev s4-eth1 parent ffff:
rc=2 stdout= stderr=Error: Parent Qdisc doesn't exists.
We have an error talking to the kernel
10:31:48 ERROR: Command failed: tc filter del dev s4-eth2 parent ffff:
rc=2 stdout= stderr=Error: Parent Qdisc doesn't exists.
We have an error talking to the kernel
10:31:48 INFO: Starting policer on interface s4-eth3
10:31:48 INFO: Classes: [('HTTP', 34, '5mbit', '10kb'), ('RTP', 46, '10mbit', '10kb'), ('DNS', 8, '1mbit', '5kb'), ('SSH', 16, '2mbit', '5kb')]
10:31:48 INFO: Enable egress shaping: True
10:31:48 INFO: ingress qdisc added on s1-eth4
10:31:48 ERROR: Command failed: tc qdisc del dev s2-eth2 ingress
rc=2 stdout= stderr=Error: Cannot find specified qdisc on specified device.
10:31:48 ERROR: Command failed: tc qdisc del dev s4-eth2 ingress
rc=2 stdout= stderr=Error: Cannot find specified qdisc on specified device.
10:31:48 INFO: ingress qdisc added on s2-eth3
10:31:48 ERROR: Command failed: tc filter del dev s3-eth1 parent ffff:
rc=2 stdout= stderr=Error: Parent Qdisc doesn't exists.
We have an error talking to the kernel
10:31:48 INFO: ingress qdisc added on s3-eth3
10:31:48 INFO: ingress qdisc added on s1-eth1
10:31:48 INFO: ingress qdisc added on s4-eth2
10:31:48 ERROR: Command failed: tc qdisc del dev s4-eth1 ingress
rc=2 stdout= stderr=Error: Cannot find specified qdisc on specified device.
10:31:48 INFO: egress HTB installed on s1-eth2, class 1:10 rate=5mbit burst=10kb
10:31:48 ERROR: Command failed: tc filter del dev s4-eth3 parent ffff:
rc=2 stdout= stderr=Error: Parent Qdisc doesn't exists.
We have an error talking to the kernel
10:31:48 INFO: egress HTB installed on s1-eth3, class 1:10 rate=5mbit burst=10kb
10:31:48 INFO: egress HTB installed on s3-eth2, class 1:10 rate=5mbit burst=10kb
10:31:48 INFO: ingress qdisc added on s2-eth2
10:31:48 ERROR: Command failed: tc qdisc del dev s3-eth1 ingress
rc=2 stdout= stderr=Error: Cannot find specified qdisc on specified device.
10:31:48 INFO: egress HTB installed on s3-eth4, class 1:10 rate=5mbit burst=10kb
10:31:48 INFO: Installed ingress police (u32) on s1-eth3 for DSCP=34 (tos=0x88) rate=5mbit burst=10kb
10:31:48 ERROR: Command failed: tc qdisc del dev s4-eth3 ingress
rc=2 stdout= stderr=Error: Cannot find specified qdisc on specified device.
10:31:48 INFO: Installed ingress police (u32) on s1-eth2 for DSCP=34 (tos=0x88) rate=5mbit burst=10kb
10:31:48 INFO: ingress qdisc added on s4-eth1
10:31:48 INFO: Installed ingress police (u32) on s1-eth3 for DSCP=46 (tos=0xb8) rate=10mbit burst=10kb
10:31:48 INFO: Installed ingress police (u32) on s3-eth2 for DSCP=34 (tos=0x88) rate=5mbit burst=10kb
10:31:48 INFO: Installed ingress police (u32) on s3-eth4 for DSCP=34 (tos=0x88) rate=5mbit burst=10kb
10:31:48 INFO: egress HTB installed on s1-eth4, class 1:10 rate=5mbit burst=10kb
10:31:48 INFO: ingress qdisc added on s4-eth3
10:31:48 INFO: ingress qdisc added on s3-eth1
10:31:48 INFO: Installed ingress police (u32) on s1-eth2 for DSCP=46 (tos=0xb8) rate=10mbit burst=10kb
10:31:48 INFO: egress HTB installed on s2-eth1, class 1:10 rate=5mbit burst=10kb
10:31:48 INFO: Installed ingress police (u32) on s1-eth4 for DSCP=34 (tos=0x88) rate=5mbit burst=10kb
10:31:48 INFO: egress HTB installed on s3-eth3, class 1:10 rate=5mbit burst=10kb
10:31:48 INFO: egress HTB installed on s2-eth2, class 1:10 rate=5mbit burst=10kb
10:31:48 INFO: Installed ingress police (u32) on s1-eth3 for DSCP=8 (tos=0x20) rate=1mbit burst=5kb
10:31:48 INFO: egress HTB installed on s4-eth2, class 1:10 rate=5mbit burst=10kb
10:31:48 INFO: Installed ingress police (u32) on s1-eth2 for DSCP=8 (tos=0x20) rate=1mbit burst=5kb
10:31:48 INFO: Installed ingress police (u32) on s1-eth4 for DSCP=46 (tos=0xb8) rate=10mbit burst=10kb
10:31:48 INFO: Installed ingress police (u32) on s4-eth2 for DSCP=34 (tos=0x88) rate=5mbit burst=10kb
10:31:48 INFO: Installed ingress police (u32) on s3-eth2 for DSCP=46 (tos=0xb8) rate=10mbit burst=10kb
10:31:48 INFO: egress HTB installed on s2-eth3, class 1:10 rate=5mbit burst=10kb
10:31:48 INFO: egress HTB installed on s1-eth1, class 1:10 rate=5mbit burst=10kb
10:31:48 INFO: Installed ingress police (u32) on s1-eth3 for DSCP=16 (tos=0x40) rate=2mbit burst=5kb
10:31:48 INFO: Policer installed. Running...
10:31:48 INFO: Installed ingress police (u32) on s2-eth1 for DSCP=34 (tos=0x88) rate=5mbit burst=10kb
10:31:48 INFO: egress HTB installed on s4-eth3, class 1:10 rate=5mbit burst=10kb
10:31:48 INFO: Installed ingress police (u32) on s3-eth2 for DSCP=8 (tos=0x20) rate=1mbit burst=5kb
10:31:48 INFO: Installed ingress police (u32) on s2-eth2 for DSCP=34 (tos=0x88) rate=5mbit burst=10kb
10:31:48 INFO: Installed ingress police (u32) on s1-eth2 for DSCP=16 (tos=0x40) rate=2mbit burst=5kb
10:31:48 INFO: Installed ingress police (u32) on s3-eth3 for DSCP=34 (tos=0x88) rate=5mbit burst=10kb
10:31:48 INFO: Installed ingress police (u32) on s4-eth2 for DSCP=46 (tos=0xb8) rate=10mbit burst=10kb
10:31:48 INFO: Installed ingress police (u32) on s1-eth4 for DSCP=8 (tos=0x20) rate=1mbit burst=5kb
10:31:48 INFO: Installed ingress police (u32) on s3-eth4 for DSCP=46 (tos=0xb8) rate=10mbit burst=10kb
10:31:48 INFO: Policer installed. Running...
10:31:48 INFO: Installed ingress police (u32) on s1-eth1 for DSCP=34 (tos=0x88) rate=5mbit burst=10kb
10:31:48 INFO: egress HTB installed on s4-eth1, class 1:10 rate=5mbit burst=10kb
10:31:48 INFO: Installed ingress police (u32) on s2-eth1 for DSCP=46 (tos=0xb8) rate=10mbit burst=10kb
10:31:48 INFO: Installed ingress police (u32) on s3-eth2 for DSCP=16 (tos=0x40) rate=2mbit burst=5kb
10:31:48 INFO: Installed ingress police (u32) on s4-eth3 for DSCP=34 (tos=0x88) rate=5mbit burst=10kb
10:31:48 INFO: Installed ingress police (u32) on s2-eth3 for DSCP=34 (tos=0x88) rate=5mbit burst=10kb
10:31:48 INFO: Installed ingress police (u32) on s2-eth2 for DSCP=46 (tos=0xb8) rate=10mbit burst=10kb
10:31:48 INFO: Policer installed. Running...
10:31:48 INFO: Installed ingress police (u32) on s3-eth3 for DSCP=46 (tos=0xb8) rate=10mbit burst=10kb
10:31:48 INFO: Installed ingress police (u32) on s1-eth4 for DSCP=16 (tos=0x40) rate=2mbit burst=5kb
10:31:48 INFO: Installed ingress police (u32) on s4-eth1 for DSCP=34 (tos=0x88) rate=5mbit burst=10kb
10:31:48 INFO: Installed ingress police (u32) on s3-eth3 for DSCP=8 (tos=0x20) rate=1mbit burst=5kb
10:31:48 INFO: Installed ingress police (u32) on s2-eth1 for DSCP=8 (tos=0x20) rate=1mbit burst=5kb
10:31:48 INFO: egress HTB installed on s3-eth1, class 1:10 rate=5mbit burst=10kb
10:31:48 INFO: Policer installed. Running...
10:31:48 INFO: Installed ingress police (u32) on s3-eth4 for DSCP=8 (tos=0x20) rate=1mbit burst=5kb
10:31:48 INFO: Installed ingress police (u32) on s2-eth2 for DSCP=8 (tos=0x20) rate=1mbit burst=5kb
10:31:48 INFO: Installed ingress police (u32) on s4-eth3 for DSCP=46 (tos=0xb8) rate=10mbit burst=10kb
10:31:48 INFO: Installed ingress police (u32) on s4-eth2 for DSCP=8 (tos=0x20) rate=1mbit burst=5kb
10:31:48 INFO: Installed ingress police (u32) on s1-eth1 for DSCP=46 (tos=0xb8) rate=10mbit burst=10kb
10:31:48 INFO: Installed ingress police (u32) on s2-eth3 for DSCP=46 (tos=0xb8) rate=10mbit burst=10kb
10:31:48 INFO: Installed ingress police (u32) on s4-eth1 for DSCP=46 (tos=0xb8) rate=10mbit burst=10kb
10:31:48 INFO: Installed ingress police (u32) on s3-eth4 for DSCP=16 (tos=0x40) rate=2mbit burst=5kb
10:31:48 INFO: Policer installed. Running...
10:31:48 INFO: Installed ingress police (u32) on s2-eth1 for DSCP=16 (tos=0x40) rate=2mbit burst=5kb
10:31:48 INFO: Installed ingress police (u32) on s3-eth3 for DSCP=16 (tos=0x40) rate=2mbit burst=5kb
10:31:48 INFO: Policer installed. Running...
10:31:48 INFO: Policer installed. Running...
10:31:48 INFO: Installed ingress police (u32) on s3-eth1 for DSCP=34 (tos=0x88) rate=5mbit burst=10kb
10:31:48 INFO: Installed ingress police (u32) on s4-eth2 for DSCP=16 (tos=0x40) rate=2mbit burst=5kb
10:31:48 INFO: Installed ingress police (u32) on s1-eth1 for DSCP=8 (tos=0x20) rate=1mbit burst=5kb
10:31:48 INFO: Policer installed. Running...
10:31:48 INFO: Installed ingress police (u32) on s4-eth3 for DSCP=8 (tos=0x20) rate=1mbit burst=5kb
10:31:48 INFO: Installed ingress police (u32) on s2-eth2 for DSCP=16 (tos=0x40) rate=2mbit burst=5kb
10:31:48 INFO: Policer installed. Running...
10:31:48 INFO: Installed ingress police (u32) on s2-eth3 for DSCP=8 (tos=0x20) rate=1mbit burst=5kb
10:31:48 INFO: Installed ingress police (u32) on s3-eth1 for DSCP=46 (tos=0xb8) rate=10mbit burst=10kb
10:31:48 INFO: Installed ingress police (u32) on s4-eth1 for DSCP=8 (tos=0x20) rate=1mbit burst=5kb
10:31:48 INFO: Installed ingress police (u32) on s1-eth1 for DSCP=16 (tos=0x40) rate=2mbit burst=5kb
10:31:48 INFO: Policer installed. Running...
10:31:48 INFO: Installed ingress police (u32) on s4-eth3 for DSCP=16 (tos=0x40) rate=2mbit burst=5kb
10:31:48 INFO: Installed ingress police (u32) on s2-eth3 for DSCP=16 (tos=0x40) rate=2mbit burst=5kb
10:31:48 INFO: Policer installed. Running...
10:31:48 INFO: Policer installed. Running...
10:31:48 INFO: Installed ingress police (u32) on s3-eth1 for DSCP=8 (tos=0x20) rate=1mbit burst=5kb
10:31:48 INFO: Installed ingress police (u32) on s4-eth1 for DSCP=16 (tos=0x40) rate=2mbit burst=5kb
10:31:48 INFO: Policer installed. Running...
10:31:48 INFO: Installed ingress police (u32) on s3-eth1 for DSCP=16 (tos=0x40) rate=2mbit burst=5kb
10:31:48 INFO: Policer installed. Running...
10:33:06 INFO: Received stop signal, cleaning up...
10:33:06 INFO: Received stop signal, cleaning up...
10:33:06 INFO: Received stop signal, cleaning up...
10:33:06 INFO: Received stop signal, cleaning up...
10:33:06 INFO: Received stop signal, cleaning up...
10:33:06 INFO: Received stop signal, cleaning up...
10:33:06 INFO: Received stop signal, cleaning up...
10:33:06 INFO: Received stop signal, cleaning up...
10:33:06 INFO: Received stop signal, cleaning up...
10:33:06 INFO: Received stop signal, cleaning up...
10:33:06 INFO: Received stop signal, cleaning up...
10:33:06 INFO: Received stop signal, cleaning up...
10:33:06 INFO: Received stop signal, cleaning up...
10:33:06 INFO: Received stop signal, cleaning up...
10:33:06 INFO: cleared tc qdiscs on s4-eth2
10:33:06 ERROR: Command failed: tc qdisc del dev s3-eth3 root
rc=2 stdout= stderr=Error: Cannot delete qdisc with handle of zero.
10:33:06 INFO: cleared tc qdiscs on s3-eth3
10:33:06 INFO: cleared tc qdiscs on s4-eth1
10:33:06 INFO: cleared tc qdiscs on s3-eth1
10:33:06 ERROR: Command failed: tc qdisc del dev s1-eth1 root
rc=2 stdout= stderr=Error: Cannot delete qdisc with handle of zero.
10:33:06 INFO: cleared tc qdiscs on s1-eth1
10:33:07 ERROR: Command failed: tc qdisc del dev s2-eth1 root
rc=2 stdout= stderr=Error: Cannot delete qdisc with handle of zero.
10:33:07 INFO: cleared tc qdiscs on s2-eth1
10:33:07 ERROR: Command failed: tc qdisc del dev s4-eth3 root
rc=2 stdout= stderr=Error: Cannot delete qdisc with handle of zero.
10:33:07 INFO: cleared tc qdiscs on s4-eth3
10:33:07 ERROR: Command failed: tc qdisc del dev s1-eth4 root
rc=2 stdout= stderr=Error: Cannot delete qdisc with handle of zero.
10:33:07 INFO: cleared tc qdiscs on s1-eth4
10:33:07 ERROR: Command failed: tc qdisc del dev s2-eth2 root
rc=2 stdout= stderr=Error: Cannot delete qdisc with handle of zero.
10:33:07 ERROR: Command failed: tc qdisc del dev s3-eth2 root
rc=2 stdout= stderr=Error: Cannot delete qdisc with handle of zero.
10:33:07 INFO: cleared tc qdiscs on s3-eth2
10:33:07 INFO: cleared tc qdiscs on s2-eth2
10:33:07 ERROR: Command failed: tc qdisc del dev s2-eth3 root
rc=2 stdout= stderr=Error: Cannot delete qdisc with handle of zero.
10:33:07 INFO: cleared tc qdiscs on s2-eth3
10:33:07 ERROR: Command failed: tc qdisc del dev s1-eth3 root
rc=2 stdout= stderr=Error: Cannot delete qdisc with handle of zero.
10:33:07 INFO: cleared tc qdiscs on s1-eth3
10:33:07 ERROR: Command failed: tc qdisc del dev s1-eth2 root
rc=2 stdout= stderr=Error: Cannot delete qdisc with handle of zero.
10:33:07 INFO: cleared tc qdiscs on s1-eth2
10:33:07 ERROR: Command failed: tc qdisc del dev s3-eth4 root
rc=2 stdout= stderr=Error: Cannot delete qdisc with handle of zero.
10:33:07 INFO: cleared tc qdiscs on s3-eth4
13:00:23 INFO: Starting policer on interface s2-eth1
13:00:23 INFO: Starting policer on interface s1-eth1
13:00:23 INFO: Classes: [('HTTP', 34, '5mbit', '10kb'), ('RTP', 46, '10mbit', '10kb'), ('DNS', 8, '1mbit', '5kb'), ('SSH', 16, '2mbit', '5kb')]
13:00:23 INFO: Enable egress shaping: True
13:00:24 INFO: Starting policer on interface s1-eth2
13:00:24 INFO: Classes: [('HTTP', 34, '5mbit', '10kb'), ('RTP', 46, '10mbit', '10kb'), ('DNS', 8, '1mbit', '5kb'), ('SSH', 16, '2mbit', '5kb')]
13:00:24 INFO: Enable egress shaping: True
13:00:24 ERROR: Command failed: tc filter del dev s2-eth1 parent ffff:
rc=2 stdout= stderr=Error: Parent Qdisc doesn't exists.
We have an error talking to the kernel
13:00:24 INFO: Classes: [('HTTP', 34, '5mbit', '10kb'), ('RTP', 46, '10mbit', '10kb'), ('DNS', 8, '1mbit', '5kb'), ('SSH', 16, '2mbit', '5kb')]
13:00:24 INFO: Enable egress shaping: True
13:00:24 ERROR: Command failed: tc filter del dev s1-eth1 parent ffff:
rc=2 stdout= stderr=Error: Parent Qdisc doesn't exists.
We have an error talking to the kernel
13:00:24 INFO: Starting policer on interface s3-eth4
13:00:24 INFO: Starting policer on interface s1-eth4
13:00:24 INFO: Starting policer on interface s2-eth3
13:00:24 ERROR: Command failed: tc qdisc del dev s2-eth1 ingress
rc=2 stdout= stderr=Error: Cannot find specified qdisc on specified device.
13:00:25 INFO: Starting policer on interface s3-eth1
13:00:25 ERROR: Command failed: tc filter del dev s1-eth2 parent ffff:
rc=2 stdout= stderr=Error: Parent Qdisc doesn't exists.
We have an error talking to the kernel
13:00:25 INFO: Starting policer on interface s3-eth3
13:00:25 ERROR: Command failed: tc qdisc del dev s1-eth1 ingress
rc=2 stdout= stderr=Error: Cannot find specified qdisc on specified device.
13:00:25 INFO: Starting policer on interface s1-eth3
13:00:25 INFO: ingress qdisc added on s2-eth1
13:00:25 INFO: Starting policer on interface s4-eth1
13:00:25 INFO: Starting policer on interface s4-eth3
13:00:25 INFO: Starting policer on interface s2-eth2
13:00:25 INFO: Classes: [('HTTP', 34, '5mbit', '10kb'), ('RTP', 46, '10mbit', '10kb'), ('DNS', 8, '1mbit', '5kb'), ('SSH', 16, '2mbit', '5kb')]
13:00:25 INFO: Classes: [('HTTP', 34, '5mbit', '10kb'), ('RTP', 46, '10mbit', '10kb'), ('DNS', 8, '1mbit', '5kb'), ('SSH', 16, '2mbit', '5kb')]
13:00:25 INFO: Classes: [('HTTP', 34, '5mbit', '10kb'), ('RTP', 46, '10mbit', '10kb'), ('DNS', 8, '1mbit', '5kb'), ('SSH', 16, '2mbit', '5kb')]
13:00:25 INFO: Enable egress shaping: True
13:00:25 INFO: Classes: [('HTTP', 34, '5mbit', '10kb'), ('RTP', 46, '10mbit', '10kb'), ('DNS', 8, '1mbit', '5kb'), ('SSH', 16, '2mbit', '5kb')]
13:00:25 INFO: Classes: [('HTTP', 34, '5mbit', '10kb'), ('RTP', 46, '10mbit', '10kb'), ('DNS', 8, '1mbit', '5kb'), ('SSH', 16, '2mbit', '5kb')]
13:00:25 INFO: Classes: [('HTTP', 34, '5mbit', '10kb'), ('RTP', 46, '10mbit', '10kb'), ('DNS', 8, '1mbit', '5kb'), ('SSH', 16, '2mbit', '5kb')]
13:00:25 INFO: Classes: [('HTTP', 34, '5mbit', '10kb'), ('RTP', 46, '10mbit', '10kb'), ('DNS', 8, '1mbit', '5kb'), ('SSH', 16, '2mbit', '5kb')]
13:00:25 INFO: Enable egress shaping: True
13:00:25 INFO: Classes: [('HTTP', 34, '5mbit', '10kb'), ('RTP', 46, '10mbit', '10kb'), ('DNS', 8, '1mbit', '5kb'), ('SSH', 16, '2mbit', '5kb')]
13:00:25 INFO: Enable egress shaping: True
13:00:25 INFO: Enable egress shaping: True
13:00:25 ERROR: Command failed: tc filter del dev s1-eth3 parent ffff:
rc=2 stdout= stderr=Error: Parent Qdisc doesn't exists.
We have an error talking to the kernel
13:00:25 INFO: ingress qdisc added on s1-eth1
13:00:25 INFO: Starting policer on interface s3-eth2
13:00:25 ERROR: Command failed: tc qdisc del dev s1-eth2 ingress
rc=2 stdout= stderr=Error: Cannot find specified qdisc on specified device.
13:00:25 ERROR: Command failed: tc filter del dev s4-eth1 parent ffff:
rc=2 stdout= stderr=Error: Parent Qdisc doesn't exists.
We have an error talking to the kernel
13:00:25 ERROR: Command failed: tc filter del dev s3-eth1 parent ffff:
rc=2 stdout= stderr=Error: Parent Qdisc doesn't exists.
We have an error talking to the kernel
13:00:25 INFO: Classes: [('HTTP', 34, '5mbit', '10kb'), ('RTP', 46, '10mbit', '10kb'), ('DNS', 8, '1mbit', '5kb'), ('SSH', 16, '2mbit', '5kb')]
13:00:25 INFO: Enable egress shaping: True
13:00:25 INFO: Enable egress shaping: True
13:00:25 INFO: Enable egress shaping: True
13:00:25 INFO: Enable egress shaping: True
13:00:25 INFO: Enable egress shaping: True
13:00:25 INFO: Classes: [('HTTP', 34, '5mbit', '10kb'), ('RTP', 46, '10mbit', '10kb'), ('DNS', 8, '1mbit', '5kb'), ('SSH', 16, '2mbit', '5kb')]
13:00:25 INFO: Starting policer on interface s4-eth2
13:00:25 INFO: Enable egress shaping: True
13:00:26 INFO: Classes: [('HTTP', 34, '5mbit', '10kb'), ('RTP', 46, '10mbit', '10kb'), ('DNS', 8, '1mbit', '5kb'), ('SSH', 16, '2mbit', '5kb')]
13:00:26 INFO: Enable egress shaping: True
13:00:26 ERROR: Command failed: tc qdisc del dev s1-eth3 ingress
rc=2 stdout= stderr=Error: Cannot find specified qdisc on specified device.
13:00:26 ERROR: Command failed: tc qdisc del dev s4-eth1 ingress
rc=2 stdout= stderr=Error: Cannot find specified qdisc on specified device.
13:00:26 ERROR: Command failed: tc filter del dev s4-eth3 parent ffff:
rc=2 stdout= stderr=Error: Parent Qdisc doesn't exists.
We have an error talking to the kernel
13:00:26 ERROR: Command failed: tc filter del dev s3-eth4 parent ffff:
rc=2 stdout= stderr=Error: Parent Qdisc doesn't exists.
We have an error talking to the kernel
13:00:26 ERROR: Command failed: tc filter del dev s1-eth4 parent ffff:
rc=2 stdout= stderr=Error: Parent Qdisc doesn't exists.
We have an error talking to the kernel
13:00:26 ERROR: Command failed: tc filter del dev s2-eth3 parent ffff:
rc=2 stdout= stderr=Error: Parent Qdisc doesn't exists.
We have an error talking to the kernel
13:00:26 ERROR: Command failed: tc filter del dev s2-eth2 parent ffff:
rc=2 stdout= stderr=Error: Parent Qdisc doesn't exists.
We have an error talking to the kernel
13:00:26 ERROR: Command failed: tc filter del dev s3-eth2 parent ffff:
rc=2 stdout= stderr=Error: Parent Qdisc doesn't exists.
We have an error talking to the kernel
13:00:26 ERROR: Command failed: tc qdisc del dev s3-eth1 ingress
rc=2 stdout= stderr=Error: Cannot find specified qdisc on specified device.
13:00:26 INFO: ingress qdisc added on s1-eth2
13:00:26 ERROR: Command failed: tc filter del dev s3-eth3 parent ffff:
rc=2 stdout= stderr=Error: Parent Qdisc doesn't exists.
We have an error talking to the kernel
13:00:26 ERROR: Command failed: tc filter del dev s4-eth2 parent ffff:
rc=2 stdout= stderr=Error: Parent Qdisc doesn't exists.
We have an error talking to the kernel
13:00:26 INFO: egress HTB installed on s2-eth1, class 1:10 rate=5mbit burst=10kb
13:00:26 INFO: ingress qdisc added on s1-eth3
13:00:26 ERROR: Command failed: tc qdisc del dev s3-eth4 ingress
rc=2 stdout= stderr=Error: Cannot find specified qdisc on specified device.
13:00:26 ERROR: Command failed: tc qdisc del dev s1-eth4 ingress
rc=2 stdout= stderr=Error: Cannot find specified qdisc on specified device.
13:00:26 INFO: ingress qdisc added on s4-eth1
13:00:26 ERROR: Command failed: tc qdisc del dev s4-eth3 ingress
rc=2 stdout= stderr=Error: Cannot find specified qdisc on specified device.
13:00:26 ERROR: Command failed: tc qdisc del dev s2-eth2 ingress
rc=2 stdout= stderr=Error: Cannot find specified qdisc on specified device.
13:00:26 ERROR: Command failed: tc qdisc del dev s2-eth3 ingress
rc=2 stdout= stderr=Error: Cannot find specified qdisc on specified device.
13:00:26 ERROR: Command failed: tc qdisc del dev s4-eth2 ingress
rc=2 stdout= stderr=Error: Cannot find specified qdisc on specified device.
13:00:26 ERROR: Command failed: tc qdisc del dev s3-eth2 ingress
rc=2 stdout= stderr=Error: Cannot find specified qdisc on specified device.
13:00:26 ERROR: Command failed: tc qdisc del dev s3-eth3 ingress
rc=2 stdout= stderr=Error: Cannot find specified qdisc on specified device.
13:00:26 INFO: egress HTB installed on s1-eth1, class 1:10 rate=5mbit burst=10kb
13:00:26 INFO: ingress qdisc added on s3-eth4
13:00:26 INFO: Installed ingress police (u32) on s2-eth1 for DSCP=34 (tos=0x88) rate=5mbit burst=10kb
13:00:26 INFO: ingress qdisc added on s3-eth1
13:00:26 INFO: ingress qdisc added on s1-eth4
13:00:27 INFO: ingress qdisc added on s4-eth3
13:00:27 INFO: ingress qdisc added on s2-eth2
13:00:27 INFO: ingress qdisc added on s3-eth3
13:00:27 INFO: ingress qdisc added on s4-eth2
13:00:27 INFO: ingress qdisc added on s3-eth2
13:00:27 INFO: Installed ingress police (u32) on s1-eth1 for DSCP=34 (tos=0x88) rate=5mbit burst=10kb
13:00:27 INFO: ingress qdisc added on s2-eth3
13:00:27 INFO: Installed ingress police (u32) on s2-eth1 for DSCP=46 (tos=0xb8) rate=10mbit burst=10kb
13:00:27 INFO: egress HTB installed on s1-eth2, class 1:10 rate=5mbit burst=10kb
13:00:27 INFO: egress HTB installed on s1-eth3, class 1:10 rate=5mbit burst=10kb
13:00:27 INFO: Installed ingress police (u32) on s1-eth1 for DSCP=46 (tos=0xb8) rate=10mbit burst=10kb
13:00:27 INFO: Installed ingress police (u32) on s2-eth1 for DSCP=8 (tos=0x20) rate=1mbit burst=5kb
13:00:27 INFO: egress HTB installed on s4-eth1, class 1:10 rate=5mbit burst=10kb
13:00:27 INFO: egress HTB installed on s3-eth4, class 1:10 rate=5mbit burst=10kb
13:00:27 INFO: Installed ingress police (u32) on s1-eth2 for DSCP=34 (tos=0x88) rate=5mbit burst=10kb
13:00:27 INFO: egress HTB installed on s1-eth4, class 1:10 rate=5mbit burst=10kb
13:00:27 INFO: Installed ingress police (u32) on s1-eth3 for DSCP=34 (tos=0x88) rate=5mbit burst=10kb
13:00:27 INFO: egress HTB installed on s3-eth1, class 1:10 rate=5mbit burst=10kb
13:00:27 INFO: Installed ingress police (u32) on s2-eth1 for DSCP=16 (tos=0x40) rate=2mbit burst=5kb
13:00:27 INFO: Policer installed. Running...
13:00:28 INFO: egress HTB installed on s2-eth2, class 1:10 rate=5mbit burst=10kb
13:00:28 INFO: Installed ingress police (u32) on s4-eth1 for DSCP=34 (tos=0x88) rate=5mbit burst=10kb
13:00:28 INFO: egress HTB installed on s3-eth3, class 1:10 rate=5mbit burst=10kb
13:00:28 INFO: egress HTB installed on s4-eth3, class 1:10 rate=5mbit burst=10kb
13:00:28 INFO: egress HTB installed on s4-eth2, class 1:10 rate=5mbit burst=10kb
13:00:28 INFO: Installed ingress police (u32) on s1-eth1 for DSCP=8 (tos=0x20) rate=1mbit burst=5kb
13:00:28 INFO: Installed ingress police (u32) on s3-eth4 for DSCP=34 (tos=0x88) rate=5mbit burst=10kb
13:00:28 INFO: egress HTB installed on s3-eth2, class 1:10 rate=5mbit burst=10kb
13:00:28 INFO: Installed ingress police (u32) on s1-eth2 for DSCP=46 (tos=0xb8) rate=10mbit burst=10kb
13:00:28 INFO: Installed ingress police (u32) on s1-eth3 for DSCP=46 (tos=0xb8) rate=10mbit burst=10kb
13:00:28 INFO: Installed ingress police (u32) on s1-eth4 for DSCP=34 (tos=0x88) rate=5mbit burst=10kb
13:00:28 INFO: egress HTB installed on s2-eth3, class 1:10 rate=5mbit burst=10kb
13:00:28 INFO: Installed ingress police (u32) on s3-eth1 for DSCP=34 (tos=0x88) rate=5mbit burst=10kb
13:00:28 INFO: Installed ingress police (u32) on s3-eth3 for DSCP=34 (tos=0x88) rate=5mbit burst=10kb
13:00:28 INFO: Installed ingress police (u32) on s4-eth1 for DSCP=46 (tos=0xb8) rate=10mbit burst=10kb
13:00:28 INFO: Installed ingress police (u32) on s4-eth2 for DSCP=34 (tos=0x88) rate=5mbit burst=10kb
13:00:28 INFO: Installed ingress police (u32) on s1-eth1 for DSCP=16 (tos=0x40) rate=2mbit burst=5kb
13:00:28 INFO: Policer installed. Running...
13:00:28 INFO: Installed ingress police (u32) on s4-eth3 for DSCP=34 (tos=0x88) rate=5mbit burst=10kb
13:00:28 INFO: Installed ingress police (u32) on s2-eth2 for DSCP=34 (tos=0x88) rate=5mbit burst=10kb
13:00:28 INFO: Installed ingress police (u32) on s3-eth1 for DSCP=46 (tos=0xb8) rate=10mbit burst=10kb
13:00:28 INFO: Installed ingress police (u32) on s1-eth2 for DSCP=8 (tos=0x20) rate=1mbit burst=5kb
13:00:28 INFO: Installed ingress police (u32) on s2-eth3 for DSCP=34 (tos=0x88) rate=5mbit burst=10kb
13:00:28 INFO: Installed ingress police (u32) on s3-eth4 for DSCP=46 (tos=0xb8) rate=10mbit burst=10kb
13:00:28 INFO: Installed ingress police (u32) on s1-eth3 for DSCP=8 (tos=0x20) rate=1mbit burst=5kb
13:00:28 INFO: Installed ingress police (u32) on s1-eth4 for DSCP=46 (tos=0xb8) rate=10mbit burst=10kb
13:00:28 INFO: Installed ingress police (u32) on s3-eth2 for DSCP=34 (tos=0x88) rate=5mbit burst=10kb
13:00:28 INFO: Installed ingress police (u32) on s3-eth3 for DSCP=46 (tos=0xb8) rate=10mbit burst=10kb
13:00:28 INFO: Installed ingress police (u32) on s4-eth2 for DSCP=46 (tos=0xb8) rate=10mbit burst=10kb
13:00:28 INFO: Installed ingress police (u32) on s4-eth1 for DSCP=8 (tos=0x20) rate=1mbit burst=5kb
13:00:28 INFO: Installed ingress police (u32) on s1-eth3 for DSCP=16 (tos=0x40) rate=2mbit burst=5kb
13:00:28 INFO: Policer installed. Running...
13:00:28 INFO: Installed ingress police (u32) on s1-eth2 for DSCP=16 (tos=0x40) rate=2mbit burst=5kb
13:00:28 INFO: Policer installed. Running...
13:00:28 INFO: Installed ingress police (u32) on s3-eth1 for DSCP=8 (tos=0x20) rate=1mbit burst=5kb
13:00:28 INFO: Installed ingress police (u32) on s4-eth3 for DSCP=46 (tos=0xb8) rate=10mbit burst=10kb
13:00:28 INFO: Installed ingress police (u32) on s2-eth3 for DSCP=46 (tos=0xb8) rate=10mbit burst=10kb
13:00:28 INFO: Installed ingress police (u32) on s1-eth4 for DSCP=8 (tos=0x20) rate=1mbit burst=5kb
13:00:28 INFO: Installed ingress police (u32) on s2-eth2 for DSCP=46 (tos=0xb8) rate=10mbit burst=10kb
13:00:28 INFO: Installed ingress police (u32) on s3-eth4 for DSCP=8 (tos=0x20) rate=1mbit burst=5kb
13:00:28 INFO: Installed ingress police (u32) on s3-eth3 for DSCP=8 (tos=0x20) rate=1mbit burst=5kb
13:00:28 INFO: Installed ingress police (u32) on s4-eth2 for DSCP=8 (tos=0x20) rate=1mbit burst=5kb
13:00:28 INFO: Installed ingress police (u32) on s3-eth2 for DSCP=46 (tos=0xb8) rate=10mbit burst=10kb
13:00:28 INFO: Installed ingress police (u32) on s4-eth1 for DSCP=16 (tos=0x40) rate=2mbit burst=5kb
13:00:28 INFO: Policer installed. Running...
13:00:28 INFO: Installed ingress police (u32) on s1-eth4 for DSCP=16 (tos=0x40) rate=2mbit burst=5kb
13:00:28 INFO: Policer installed. Running...
13:00:28 INFO: Installed ingress police (u32) on s3-eth1 for DSCP=16 (tos=0x40) rate=2mbit burst=5kb
13:00:28 INFO: Policer installed. Running...
13:00:28 INFO: Installed ingress police (u32) on s4-eth3 for DSCP=8 (tos=0x20) rate=1mbit burst=5kb
13:00:28 INFO: Installed ingress police (u32) on s2-eth3 for DSCP=8 (tos=0x20) rate=1mbit burst=5kb
13:00:28 INFO: Installed ingress police (u32) on s3-eth4 for DSCP=16 (tos=0x40) rate=2mbit burst=5kb
13:00:28 INFO: Policer installed. Running...
13:00:28 INFO: Installed ingress police (u32) on s2-eth2 for DSCP=8 (tos=0x20) rate=1mbit burst=5kb
13:00:28 INFO: Installed ingress police (u32) on s3-eth3 for DSCP=16 (tos=0x40) rate=2mbit burst=5kb
13:00:28 INFO: Policer installed. Running...
13:00:28 INFO: Installed ingress police (u32) on s4-eth2 for DSCP=16 (tos=0x40) rate=2mbit burst=5kb
13:00:28 INFO: Policer installed. Running...
13:00:28 INFO: Installed ingress police (u32) on s3-eth2 for DSCP=8 (tos=0x20) rate=1mbit burst=5kb
13:00:29 INFO: Installed ingress police (u32) on s4-eth3 for DSCP=16 (tos=0x40) rate=2mbit burst=5kb
13:00:29 INFO: Policer installed. Running...
13:00:29 INFO: Installed ingress police (u32) on s2-eth3 for DSCP=16 (tos=0x40) rate=2mbit burst=5kb
13:00:29 INFO: Policer installed. Running...
13:00:29 INFO: Installed ingress police (u32) on s2-eth2 for DSCP=16 (tos=0x40) rate=2mbit burst=5kb
13:00:29 INFO: Policer installed. Running...
13:00:29 INFO: Installed ingress police (u32) on s3-eth2 for DSCP=16 (tos=0x40) rate=2mbit burst=5kb
13:00:29 INFO: Policer installed. Running...
13:01:10 INFO: Received stop signal, cleaning up...
13:01:10 INFO: Received stop signal, cleaning up...
13:01:10 INFO: Received stop signal, cleaning up...
13:01:10 INFO: Received stop signal, cleaning up...
13:01:10 INFO: Received stop signal, cleaning up...
13:01:10 INFO: Received stop signal, cleaning up...
13:01:10 INFO: Received stop signal, cleaning up...
13:01:10 INFO: Received stop signal, cleaning up...
13:01:10 INFO: Received stop signal, cleaning up...
13:01:10 INFO: Received stop signal, cleaning up...
13:01:10 INFO: Received stop signal, cleaning up...
13:01:10 INFO: Received stop signal, cleaning up...
13:01:10 INFO: Received stop signal, cleaning up...
13:01:10 INFO: Received stop signal, cleaning up...
13:01:12 ERROR: Command failed: tc qdisc del dev s4-eth2 root
rc=2 stdout= stderr=Error: Cannot delete qdisc with handle of zero.
13:01:12 INFO: cleared tc qdiscs on s4-eth2
13:01:12 ERROR: Command failed: tc qdisc del dev s2-eth3 root
rc=2 stdout= stderr=Error: Cannot delete qdisc with handle of zero.
13:01:12 INFO: cleared tc qdiscs on s2-eth3
13:01:12 ERROR: Command failed: tc qdisc del dev s4-eth1 root
rc=2 stdout= stderr=Error: Cannot delete qdisc with handle of zero.
13:01:12 INFO: cleared tc qdiscs on s4-eth1
13:01:12 ERROR: Command failed: tc qdisc del dev s1-eth3 root
rc=2 stdout= stderr=Error: Cannot delete qdisc with handle of zero.
13:01:12 INFO: cleared tc qdiscs on s1-eth3
13:01:12 ERROR: Command failed: tc qdisc del dev s2-eth1 root
rc=2 stdout= stderr=Error: Cannot delete qdisc with handle of zero.
13:01:12 INFO: cleared tc qdiscs on s2-eth1
13:01:12 ERROR: Command failed: tc qdisc del dev s1-eth4 root
rc=2 stdout= stderr=Error: Cannot delete qdisc with handle of zero.
13:01:12 INFO: cleared tc qdiscs on s1-eth4
13:01:12 ERROR: Command failed: tc qdisc del dev s3-eth2 root
rc=2 stdout= stderr=Error: Cannot delete qdisc with handle of zero.
13:01:12 INFO: cleared tc qdiscs on s3-eth2
13:01:12 ERROR: Command failed: tc qdisc del dev s4-eth3 root
rc=2 stdout= stderr=Error: Cannot delete qdisc with handle of zero.
13:01:12 INFO: cleared tc qdiscs on s4-eth3
13:01:12 ERROR: Command failed: tc qdisc del dev s1-eth1 root
rc=2 stdout= stderr=Error: Cannot delete qdisc with handle of zero.
13:01:12 INFO: cleared tc qdiscs on s1-eth1
13:01:12 ERROR: Command failed: tc qdisc del dev s3-eth1 root
rc=2 stdout= stderr=Error: Cannot delete qdisc with handle of zero.
13:01:12 INFO: cleared tc qdiscs on s3-eth1
13:01:12 ERROR: Command failed: tc qdisc del dev s3-eth3 root
rc=2 stdout= stderr=Error: Cannot delete qdisc with handle of zero.
13:01:12 INFO: cleared tc qdiscs on s3-eth3
13:01:12 ERROR: Command failed: tc qdisc del dev s2-eth2 root
rc=2 stdout= stderr=Error: Cannot delete qdisc with handle of zero.
13:01:12 INFO: cleared tc qdiscs on s2-eth2
13:01:12 ERROR: Command failed: tc qdisc del dev s1-eth2 root
rc=2 stdout= stderr=Error: Cannot delete qdisc with handle of zero.
13:01:12 INFO: cleared tc qdiscs on s1-eth2
13:01:12 ERROR: Command failed: tc qdisc del dev s3-eth4 root
rc=2 stdout= stderr=Error: Cannot delete qdisc with handle of zero.
13:01:12 INFO: cleared tc qdiscs on s3-eth4
13:03:03 INFO: Starting policer on interface s1-eth1
13:03:03 INFO: Starting policer on interface s3-eth1
13:03:03 INFO: Starting policer on interface s2-eth3
13:03:03 INFO: Starting policer on interface s1-eth2
13:03:03 INFO: Classes: [('HTTP', 34, '5mbit', '10kb'), ('RTP', 46, '10mbit', '10kb'), ('DNS', 8, '1mbit', '5kb'), ('SSH', 16, '2mbit', '5kb')]
13:03:03 INFO: Starting policer on interface s4-eth3
13:03:03 INFO: Enable egress shaping: True
13:03:04 INFO: Starting policer on interface s4-eth1
13:03:04 INFO: Starting policer on interface s2-eth1
13:03:04 INFO: Starting policer on interface s1-eth3
13:03:04 INFO: Classes: [('HTTP', 34, '5mbit', '10kb'), ('RTP', 46, '10mbit', '10kb'), ('DNS', 8, '1mbit', '5kb'), ('SSH', 16, '2mbit', '5kb')]
13:03:04 INFO: Enable egress shaping: True
13:03:04 INFO: Classes: [('HTTP', 34, '5mbit', '10kb'), ('RTP', 46, '10mbit', '10kb'), ('DNS', 8, '1mbit', '5kb'), ('SSH', 16, '2mbit', '5kb')]
13:03:04 INFO: Classes: [('HTTP', 34, '5mbit', '10kb'), ('RTP', 46, '10mbit', '10kb'), ('DNS', 8, '1mbit', '5kb'), ('SSH', 16, '2mbit', '5kb')]
13:03:04 INFO: Classes: [('HTTP', 34, '5mbit', '10kb'), ('RTP', 46, '10mbit', '10kb'), ('DNS', 8, '1mbit', '5kb'), ('SSH', 16, '2mbit', '5kb')]
13:03:04 INFO: Enable egress shaping: True
13:03:04 ERROR: Command failed: tc filter del dev s1-eth1 parent ffff:
rc=2 stdout= stderr=Error: Parent Qdisc doesn't exists.
We have an error talking to the kernel
13:03:04 INFO: Enable egress shaping: True
13:03:04 INFO: Enable egress shaping: True
13:03:04 INFO: Classes: [('HTTP', 34, '5mbit', '10kb'), ('RTP', 46, '10mbit', '10kb'), ('DNS', 8, '1mbit', '5kb'), ('SSH', 16, '2mbit', '5kb')]
13:03:04 INFO: Starting policer on interface s3-eth2
13:03:04 INFO: Classes: [('HTTP', 34, '5mbit', '10kb'), ('RTP', 46, '10mbit', '10kb'), ('DNS', 8, '1mbit', '5kb'), ('SSH', 16, '2mbit', '5kb')]
13:03:04 INFO: Classes: [('HTTP', 34, '5mbit', '10kb'), ('RTP', 46, '10mbit', '10kb'), ('DNS', 8, '1mbit', '5kb'), ('SSH', 16, '2mbit', '5kb')]
13:03:04 INFO: Starting policer on interface s4-eth2
13:03:04 INFO: Enable egress shaping: True
13:03:04 INFO: Enable egress shaping: True
13:03:04 INFO: Enable egress shaping: True
13:03:04 INFO: Classes: [('HTTP', 34, '5mbit', '10kb'), ('RTP', 46, '10mbit', '10kb'), ('DNS', 8, '1mbit', '5kb'), ('SSH', 16, '2mbit', '5kb')]
13:03:04 INFO: Enable egress shaping: True
13:03:04 ERROR: Command failed: tc qdisc del dev s1-eth1 ingress
rc=2 stdout= stderr=Error: Invalid handle.
13:03:04 INFO: Starting policer on interface s2-eth2
13:03:04 ERROR: Command failed: tc filter del dev s1-eth3 parent ffff:
rc=2 stdout= stderr=Error: Parent Qdisc doesn't exists.
We have an error talking to the kernel
13:03:04 INFO: Starting policer on interface s1-eth4
13:03:04 ERROR: Command failed: tc filter del dev s1-eth2 parent ffff:
rc=2 stdout= stderr=Error: Parent Qdisc doesn't exists.
We have an error talking to the kernel
13:03:04 ERROR: Command failed: tc filter del dev s3-eth1 parent ffff:
rc=2 stdout= stderr=Error: Parent Qdisc doesn't exists.
We have an error talking to the kernel
13:03:04 INFO: Classes: [('HTTP', 34, '5mbit', '10kb'), ('RTP', 46, '10mbit', '10kb'), ('DNS', 8, '1mbit', '5kb'), ('SSH', 16, '2mbit', '5kb')]
13:03:04 INFO: Classes: [('HTTP', 34, '5mbit', '10kb'), ('RTP', 46, '10mbit', '10kb'), ('DNS', 8, '1mbit', '5kb'), ('SSH', 16, '2mbit', '5kb')]
13:03:04 ERROR: Command failed: tc filter del dev s2-eth1 parent ffff:
rc=2 stdout= stderr=Error: Parent Qdisc doesn't exists.
We have an error talking to the kernel
13:03:05 INFO: Enable egress shaping: True
13:03:05 INFO: Enable egress shaping: True
13:03:05 INFO: Classes: [('HTTP', 34, '5mbit', '10kb'), ('RTP', 46, '10mbit', '10kb'), ('DNS', 8, '1mbit', '5kb'), ('SSH', 16, '2mbit', '5kb')]
13:03:05 INFO: Starting policer on interface s3-eth4
13:03:05 ERROR: Command failed: tc filter del dev s2-eth3 parent ffff:
rc=2 stdout= stderr=Error: Parent Qdisc doesn't exists.
We have an error talking to the kernel
13:03:05 ERROR: Command failed: tc filter del dev s4-eth1 parent ffff:
rc=2 stdout= stderr=Error: Parent Qdisc doesn't exists.
We have an error talking to the kernel
13:03:05 ERROR: Command failed: tc filter del dev s4-eth3 parent ffff:
rc=2 stdout= stderr=Error: Parent Qdisc doesn't exists.
We have an error talking to the kernel
13:03:05 INFO: Enable egress shaping: True
13:03:05 ERROR: Command failed: tc filter del dev s3-eth2 parent ffff:
rc=2 stdout= stderr=Error: Parent Qdisc doesn't exists.
We have an error talking to the kernel
13:03:05 ERROR: Command failed: tc qdisc del dev s1-eth3 ingress
rc=2 stdout= stderr=Error: Invalid handle.
13:03:05 INFO: Starting policer on interface s3-eth3
13:03:05 INFO: ingress qdisc added on s1-eth1
13:03:05 INFO: Classes: [('HTTP', 34, '5mbit', '10kb'), ('RTP', 46, '10mbit', '10kb'), ('DNS', 8, '1mbit', '5kb'), ('SSH', 16, '2mbit', '5kb')]
13:03:05 INFO: Enable egress shaping: True
13:03:05 ERROR: Command failed: tc qdisc del dev s1-eth2 ingress
rc=2 stdout= stderr=Error: Invalid handle.
13:03:05 ERROR: Command failed: tc qdisc del dev s3-eth1 ingress
rc=2 stdout= stderr=Error: Invalid handle.
13:03:05 ERROR: Command failed: tc qdisc del dev s2-eth1 ingress
rc=2 stdout= stderr=Error: Invalid handle.
13:03:05 ERROR: Command failed: tc filter del dev s4-eth2 parent ffff:
rc=2 stdout= stderr=Error: Parent Qdisc doesn't exists.
We have an error talking to the kernel
13:03:05 ERROR: Command failed: tc qdisc del dev s4-eth3 ingress
rc=2 stdout= stderr=Error: Invalid handle.
13:03:05 ERROR: Command failed: tc qdisc del dev s2-eth3 ingress
rc=2 stdout= stderr=Error: Invalid handle.
13:03:05 ERROR: Command failed: tc filter del dev s2-eth2 parent ffff:
rc=2 stdout= stderr=Error: Parent Qdisc doesn't exists.
We have an error talking to the kernel
13:03:05 ERROR: Command failed: tc qdisc del dev s4-eth1 ingress
rc=2 stdout= stderr=Error: Invalid handle.
13:03:05 ERROR: Command failed: tc filter del dev s1-eth4 parent ffff:
rc=2 stdout= stderr=Error: Parent Qdisc doesn't exists.
We have an error talking to the kernel
13:03:05 ERROR: Command failed: tc qdisc del dev s3-eth2 ingress
rc=2 stdout= stderr=Error: Invalid handle.
13:03:05 INFO: ingress qdisc added on s1-eth3
13:03:05 INFO: Classes: [('HTTP', 34, '5mbit', '10kb'), ('RTP', 46, '10mbit', '10kb'), ('DNS', 8, '1mbit', '5kb'), ('SSH', 16, '2mbit', '5kb')]
13:03:05 INFO: Enable egress shaping: True
13:03:05 INFO: ingress qdisc added on s3-eth1
13:03:05 INFO: ingress qdisc added on s1-eth2
13:03:05 INFO: ingress qdisc added on s3-eth2
13:03:05 ERROR: Command failed: tc filter del dev s3-eth4 parent ffff:
rc=2 stdout= stderr=Error: Parent Qdisc doesn't exists.
We have an error talking to the kernel
13:03:05 ERROR: Command failed: tc qdisc del dev s1-eth4 ingress
rc=2 stdout= stderr=Error: Invalid handle.
13:03:05 ERROR: Command failed: tc qdisc del dev s2-eth2 ingress
rc=2 stdout= stderr=Error: Invalid handle.
13:03:05 ERROR: Command failed: tc qdisc del dev s4-eth2 ingress
rc=2 stdout= stderr=Error: Invalid handle.
13:03:05 INFO: ingress qdisc added on s2-eth3
13:03:05 INFO: ingress qdisc added on s2-eth1
13:03:05 INFO: ingress qdisc added on s4-eth3
13:03:05 INFO: ingress qdisc added on s4-eth1
13:03:05 ERROR: Command failed: tc filter del dev s3-eth3 parent ffff:
rc=2 stdout= stderr=Error: Parent Qdisc doesn't exists.
We have an error talking to the kernel
13:03:06 INFO: ingress qdisc added on s1-eth4
13:03:06 ERROR: Command failed: tc qdisc del dev s3-eth4 ingress
rc=2 stdout= stderr=Error: Invalid handle.
13:03:06 INFO: ingress qdisc added on s4-eth2
13:03:06 ERROR: Command failed: tc qdisc del dev s3-eth3 ingress
rc=2 stdout= stderr=Error: Invalid handle.
13:03:06 INFO: egress HTB installed on s1-eth1, class 1:10 rate=5mbit burst=10kb
13:03:06 INFO: ingress qdisc added on s2-eth2
13:03:06 INFO: egress HTB installed on s1-eth3, class 1:10 rate=5mbit burst=10kb
13:03:06 INFO: ingress qdisc added on s3-eth4
13:03:06 INFO: Installed ingress police (u32) on s1-eth1 for DSCP=34 (tos=0x88) rate=5mbit burst=10kb
13:03:06 INFO: egress HTB installed on s4-eth1, class 1:10 rate=5mbit burst=10kb
13:03:06 INFO: egress HTB installed on s3-eth1, class 1:10 rate=5mbit burst=10kb
13:03:06 INFO: egress HTB installed on s3-eth2, class 1:10 rate=5mbit burst=10kb
13:03:06 INFO: ingress qdisc added on s3-eth3
13:03:06 INFO: Installed ingress police (u32) on s1-eth3 for DSCP=34 (tos=0x88) rate=5mbit burst=10kb
13:03:06 INFO: egress HTB installed on s2-eth1, class 1:10 rate=5mbit burst=10kb
13:03:06 INFO: egress HTB installed on s4-eth3, class 1:10 rate=5mbit burst=10kb
13:03:06 INFO: egress HTB installed on s1-eth2, class 1:10 rate=5mbit burst=10kb
13:03:06 INFO: egress HTB installed on s2-eth3, class 1:10 rate=5mbit burst=10kb
13:03:06 INFO: egress HTB installed on s1-eth4, class 1:10 rate=5mbit burst=10kb
13:03:06 INFO: Installed ingress police (u32) on s4-eth1 for DSCP=34 (tos=0x88) rate=5mbit burst=10kb
13:03:06 INFO: Installed ingress police (u32) on s3-eth2 for DSCP=34 (tos=0x88) rate=5mbit burst=10kb
13:03:06 INFO: egress HTB installed on s4-eth2, class 1:10 rate=5mbit burst=10kb
13:03:06 INFO: Installed ingress police (u32) on s1-eth1 for DSCP=46 (tos=0xb8) rate=10mbit burst=10kb
13:03:06 INFO: Installed ingress police (u32) on s4-eth3 for DSCP=34 (tos=0x88) rate=5mbit burst=10kb
13:03:06 INFO: Installed ingress police (u32) on s2-eth1 for DSCP=34 (tos=0x88) rate=5mbit burst=10kb
13:03:06 INFO: Installed ingress police (u32) on s1-eth3 for DSCP=46 (tos=0xb8) rate=10mbit burst=10kb
13:03:06 INFO: Installed ingress police (u32) on s1-eth2 for DSCP=34 (tos=0x88) rate=5mbit burst=10kb
13:03:06 INFO: Installed ingress police (u32) on s2-eth3 for DSCP=34 (tos=0x88) rate=5mbit burst=10kb
13:03:06 INFO: Installed ingress police (u32) on s3-eth1 for DSCP=34 (tos=0x88) rate=5mbit burst=10kb
13:03:06 INFO: Installed ingress police (u32) on s1-eth4 for DSCP=34 (tos=0x88) rate=5mbit burst=10kb
13:03:07 INFO: Installed ingress police (u32) on s4-eth2 for DSCP=34 (tos=0x88) rate=5mbit burst=10kb
13:03:07 INFO: egress HTB installed on s2-eth2, class 1:10 rate=5mbit burst=10kb
13:03:07 INFO: egress HTB installed on s3-eth4, class 1:10 rate=5mbit burst=10kb
13:03:07 INFO: Installed ingress police (u32) on s2-eth3 for DSCP=46 (tos=0xb8) rate=10mbit burst=10kb
13:03:07 INFO: Installed ingress police (u32) on s3-eth2 for DSCP=46 (tos=0xb8) rate=10mbit burst=10kb
13:03:07 INFO: Installed ingress police (u32) on s1-eth1 for DSCP=8 (tos=0x20) rate=1mbit burst=5kb
13:03:07 INFO: Installed ingress police (u32) on s1-eth4 for DSCP=46 (tos=0xb8) rate=10mbit burst=10kb
13:03:07 INFO: Installed ingress police (u32) on s4-eth3 for DSCP=46 (tos=0xb8) rate=10mbit burst=10kb
13:03:07 INFO: Installed ingress police (u32) on s3-eth1 for DSCP=46 (tos=0xb8) rate=10mbit burst=10kb
13:03:07 INFO: Installed ingress police (u32) on s1-eth2 for DSCP=46 (tos=0xb8) rate=10mbit burst=10kb
13:03:07 INFO: Installed ingress police (u32) on s4-eth1 for DSCP=46 (tos=0xb8) rate=10mbit burst=10kb
13:03:07 INFO: Installed ingress police (u32) on s2-eth1 for DSCP=46 (tos=0xb8) rate=10mbit burst=10kb
13:03:07 INFO: Installed ingress police (u32) on s1-eth3 for DSCP=8 (tos=0x20) rate=1mbit burst=5kb
13:03:07 INFO: Installed ingress police (u32) on s3-eth4 for DSCP=34 (tos=0x88) rate=5mbit burst=10kb
13:03:07 INFO: Installed ingress police (u32) on s4-eth2 for DSCP=46 (tos=0xb8) rate=10mbit burst=10kb
13:03:07 INFO: Installed ingress police (u32) on s1-eth1 for DSCP=16 (tos=0x40) rate=2mbit burst=5kb
13:03:07 INFO: Installed ingress police (u32) on s2-eth1 for DSCP=8 (tos=0x20) rate=1mbit burst=5kb
13:03:07 INFO: Installed ingress police (u32) on s4-eth1 for DSCP=8 (tos=0x20) rate=1mbit burst=5kb
13:03:07 INFO: Installed ingress police (u32) on s1-eth2 for DSCP=8 (tos=0x20) rate=1mbit burst=5kb
13:03:07 INFO: Installed ingress police (u32) on s1-eth3 for DSCP=16 (tos=0x40) rate=2mbit burst=5kb
13:03:07 INFO: Installed ingress police (u32) on s2-eth3 for DSCP=8 (tos=0x20) rate=1mbit burst=5kb
13:03:07 INFO: Installed ingress police (u32) on s3-eth2 for DSCP=8 (tos=0x20) rate=1mbit burst=5kb
13:03:07 INFO: Installed ingress police (u32) on s4-eth3 for DSCP=8 (tos=0x20) rate=1mbit burst=5kb
13:03:07 INFO: Installed ingress police (u32) on s1-eth4 for DSCP=8 (tos=0x20) rate=1mbit burst=5kb
13:03:07 INFO: Installed ingress police (u32) on s3-eth1 for DSCP=8 (tos=0x20) rate=1mbit burst=5kb
13:03:07 INFO: Policer installed. Running...
13:03:07 INFO: Policer installed. Running...
13:03:07 INFO: egress HTB installed on s3-eth3, class 1:10 rate=5mbit burst=10kb
13:03:07 INFO: Installed ingress police (u32) on s2-eth2 for DSCP=34 (tos=0x88) rate=5mbit burst=10kb
13:03:07 INFO: Installed ingress police (u32) on s2-eth1 for DSCP=16 (tos=0x40) rate=2mbit burst=5kb
13:03:07 INFO: Policer installed. Running...
13:03:07 INFO: Installed ingress police (u32) on s4-eth1 for DSCP=16 (tos=0x40) rate=2mbit burst=5kb
13:03:07 INFO: Policer installed. Running...
13:03:07 INFO: Installed ingress police (u32) on s3-eth3 for DSCP=34 (tos=0x88) rate=5mbit burst=10kb
13:03:07 INFO: Installed ingress police (u32) on s4-eth3 for DSCP=16 (tos=0x40) rate=2mbit burst=5kb
13:03:07 INFO: Policer installed. Running...
13:03:07 INFO: Installed ingress police (u32) on s3-eth2 for DSCP=16 (tos=0x40) rate=2mbit burst=5kb
13:03:07 INFO: Policer installed. Running...
13:03:07 INFO: Installed ingress police (u32) on s1-eth4 for DSCP=16 (tos=0x40) rate=2mbit burst=5kb
13:03:07 INFO: Policer installed. Running...
13:03:07 INFO: Installed ingress police (u32) on s2-eth2 for DSCP=46 (tos=0xb8) rate=10mbit burst=10kb
13:03:07 INFO: Installed ingress police (u32) on s4-eth2 for DSCP=8 (tos=0x20) rate=1mbit burst=5kb
13:03:07 INFO: Installed ingress police (u32) on s2-eth3 for DSCP=16 (tos=0x40) rate=2mbit burst=5kb
13:03:07 INFO: Policer installed. Running...
13:03:07 INFO: Installed ingress police (u32) on s1-eth2 for DSCP=16 (tos=0x40) rate=2mbit burst=5kb
13:03:07 INFO: Policer installed. Running...
13:03:07 INFO: Installed ingress police (u32) on s3-eth1 for DSCP=16 (tos=0x40) rate=2mbit burst=5kb
13:03:07 INFO: Policer installed. Running...
13:03:07 INFO: Installed ingress police (u32) on s3-eth4 for DSCP=46 (tos=0xb8) rate=10mbit burst=10kb
13:03:07 INFO: Installed ingress police (u32) on s3-eth3 for DSCP=46 (tos=0xb8) rate=10mbit burst=10kb
13:03:07 INFO: Installed ingress police (u32) on s4-eth2 for DSCP=16 (tos=0x40) rate=2mbit burst=5kb
13:03:07 INFO: Policer installed. Running...
13:03:07 INFO: Installed ingress police (u32) on s2-eth2 for DSCP=8 (tos=0x20) rate=1mbit burst=5kb
13:03:07 INFO: Installed ingress police (u32) on s3-eth4 for DSCP=8 (tos=0x20) rate=1mbit burst=5kb
13:03:07 INFO: Installed ingress police (u32) on s3-eth3 for DSCP=8 (tos=0x20) rate=1mbit burst=5kb
13:03:07 INFO: Installed ingress police (u32) on s2-eth2 for DSCP=16 (tos=0x40) rate=2mbit burst=5kb
13:03:07 INFO: Policer installed. Running...
13:03:07 INFO: Installed ingress police (u32) on s3-eth4 for DSCP=16 (tos=0x40) rate=2mbit burst=5kb
13:03:07 INFO: Policer installed. Running...
13:03:07 INFO: Installed ingress police (u32) on s3-eth3 for DSCP=16 (tos=0x40) rate=2mbit burst=5kb
13:03:07 INFO: Policer installed. Running...
13:04:13 INFO: Received stop signal, cleaning up...
13:04:13 INFO: Received stop signal, cleaning up...
13:04:13 INFO: Received stop signal, cleaning up...
13:04:13 INFO: Received stop signal, cleaning up...
13:04:13 INFO: Received stop signal, cleaning up...
13:04:13 INFO: Received stop signal, cleaning up...
13:04:13 INFO: Received stop signal, cleaning up...
13:04:13 INFO: Received stop signal, cleaning up...
13:04:13 INFO: Received stop signal, cleaning up...
13:04:13 INFO: Received stop signal, cleaning up...
13:04:13 INFO: Received stop signal, cleaning up...
13:04:13 INFO: Received stop signal, cleaning up...
13:04:13 INFO: Received stop signal, cleaning up...
13:04:13 INFO: Received stop signal, cleaning up...
13:04:14 ERROR: Command failed: tc qdisc del dev s2-eth2 root
rc=2 stdout= stderr=Error: Cannot delete qdisc with handle of zero.
13:04:14 ERROR: Command failed: tc qdisc del dev s2-eth1 root
rc=2 stdout= stderr=Error: Cannot delete qdisc with handle of zero.
13:04:14 INFO: cleared tc qdiscs on s2-eth1
13:04:14 ERROR: Command failed: tc qdisc del dev s4-eth2 root
rc=2 stdout= stderr=Error: Cannot delete qdisc with handle of zero.
13:04:14 INFO: cleared tc qdiscs on s4-eth2
13:04:14 ERROR: Command failed: tc qdisc del dev s3-eth4 root
rc=2 stdout= stderr=Error: Cannot delete qdisc with handle of zero.
13:04:14 INFO: cleared tc qdiscs on s3-eth4
13:04:14 INFO: cleared tc qdiscs on s2-eth2
13:04:14 ERROR: Command failed: tc qdisc del dev s3-eth2 root
rc=2 stdout= stderr=Error: Cannot delete qdisc with handle of zero.
13:04:14 INFO: cleared tc qdiscs on s3-eth2
13:04:14 ERROR: Command failed: tc qdisc del dev s1-eth4 root
rc=2 stdout= stderr=Error: Cannot delete qdisc with handle of zero.
13:04:14 INFO: cleared tc qdiscs on s1-eth4
13:04:14 ERROR: Command failed: tc qdisc del dev s1-eth1 root
rc=2 stdout= stderr=Error: Cannot delete qdisc with handle of zero.
13:04:14 INFO: cleared tc qdiscs on s1-eth1
13:04:14 ERROR: Command failed: tc qdisc del dev s2-eth3 root
rc=2 stdout= stderr=Error: Cannot delete qdisc with handle of zero.
13:04:14 INFO: cleared tc qdiscs on s2-eth3
13:04:14 ERROR: Command failed: tc qdisc del dev s4-eth1 root
rc=2 stdout= stderr=Error: Cannot delete qdisc with handle of zero.
13:04:14 INFO: cleared tc qdiscs on s4-eth1
13:04:14 ERROR: Command failed: tc qdisc del dev s3-eth1 root
rc=2 stdout= stderr=Error: Cannot delete qdisc with handle of zero.
13:04:14 INFO: cleared tc qdiscs on s3-eth1
13:04:14 ERROR: Command failed: tc qdisc del dev s3-eth3 root
rc=2 stdout= stderr=Error: Cannot delete qdisc with handle of zero.
13:04:14 INFO: cleared tc qdiscs on s3-eth3
13:04:14 ERROR: Command failed: tc qdisc del dev s1-eth3 root
rc=2 stdout= stderr=Error: Cannot delete qdisc with handle of zero.
13:04:14 INFO: cleared tc qdiscs on s1-eth3
13:04:14 ERROR: Command failed: tc qdisc del dev s4-eth3 root
rc=2 stdout= stderr=Error: Cannot delete qdisc with handle of zero.
13:04:14 INFO: cleared tc qdiscs on s4-eth3
13:04:14 ERROR: Command failed: tc qdisc del dev s1-eth2 root
rc=2 stdout= stderr=Error: Cannot delete qdisc with handle of zero.
13:04:14 INFO: cleared tc qdiscs on s1-eth2
13:09:17 INFO: Starting policer on interface s1-eth3
13:09:17 INFO: Starting policer on interface s1-eth2
13:09:17 INFO: Classes: [('HTTP', 34, '5mbit', '10kb'), ('RTP', 46, '10mbit', '10kb'), ('DNS', 8, '1mbit', '5kb'), ('SSH', 16, '2mbit', '5kb')]
13:09:17 INFO: Enable egress shaping: True
13:09:17 INFO: Starting policer on interface s2-eth1
13:09:17 INFO: Classes: [('HTTP', 34, '5mbit', '10kb'), ('RTP', 46, '10mbit', '10kb'), ('DNS', 8, '1mbit', '5kb'), ('SSH', 16, '2mbit', '5kb')]
13:09:17 INFO: Enable egress shaping: True
13:09:17 INFO: Starting policer on interface s2-eth2
13:09:18 INFO: Starting policer on interface s3-eth3
13:09:18 INFO: Starting policer on interface s3-eth2
13:09:18 INFO: Classes: [('HTTP', 34, '5mbit', '10kb'), ('RTP', 46, '10mbit', '10kb'), ('DNS', 8, '1mbit', '5kb'), ('SSH', 16, '2mbit', '5kb')]
13:09:18 INFO: Starting policer on interface s3-eth4
13:09:18 INFO: Enable egress shaping: True
13:09:18 INFO: Starting policer on interface s1-eth1
13:09:18 INFO: Classes: [('HTTP', 34, '5mbit', '10kb'), ('RTP', 46, '10mbit', '10kb'), ('DNS', 8, '1mbit', '5kb'), ('SSH', 16, '2mbit', '5kb')]
13:09:18 INFO: Enable egress shaping: True
13:09:18 INFO: Starting policer on interface s1-eth4
13:09:18 INFO: Classes: [('HTTP', 34, '5mbit', '10kb'), ('RTP', 46, '10mbit', '10kb'), ('DNS', 8, '1mbit', '5kb'), ('SSH', 16, '2mbit', '5kb')]
13:09:18 INFO: Enable egress shaping: True
13:09:18 INFO: Classes: [('HTTP', 34, '5mbit', '10kb'), ('RTP', 46, '10mbit', '10kb'), ('DNS', 8, '1mbit', '5kb'), ('SSH', 16, '2mbit', '5kb')]
13:09:18 INFO: Enable egress shaping: True
13:09:18 INFO: Classes: [('HTTP', 34, '5mbit', '10kb'), ('RTP', 46, '10mbit', '10kb'), ('DNS', 8, '1mbit', '5kb'), ('SSH', 16, '2mbit', '5kb')]
13:09:18 INFO: Enable egress shaping: True
13:09:18 INFO: Classes: [('HTTP', 34, '5mbit', '10kb'), ('RTP', 46, '10mbit', '10kb'), ('DNS', 8, '1mbit', '5kb'), ('SSH', 16, '2mbit', '5kb')]
13:09:18 INFO: Classes: [('HTTP', 34, '5mbit', '10kb'), ('RTP', 46, '10mbit', '10kb'), ('DNS', 8, '1mbit', '5kb'), ('SSH', 16, '2mbit', '5kb')]
13:09:18 INFO: Enable egress shaping: True
13:09:18 INFO: Starting policer on interface s4-eth1
13:09:18 INFO: Enable egress shaping: True
13:09:18 ERROR: Command failed: tc filter del dev s2-eth1 parent ffff:
rc=2 stdout= stderr=Error: Parent Qdisc doesn't exists.
We have an error talking to the kernel
13:09:18 ERROR: Command failed: tc filter del dev s1-eth2 parent ffff:
rc=2 stdout= stderr=Error: Parent Qdisc doesn't exists.
We have an error talking to the kernel
13:09:18 INFO: Starting policer on interface s4-eth3
13:09:18 INFO: Starting policer on interface s3-eth1
13:09:18 INFO: Starting policer on interface s2-eth3
13:09:18 INFO: Classes: [('HTTP', 34, '5mbit', '10kb'), ('RTP', 46, '10mbit', '10kb'), ('DNS', 8, '1mbit', '5kb'), ('SSH', 16, '2mbit', '5kb')]
13:09:18 INFO: Enable egress shaping: True
13:09:19 INFO: Classes: [('HTTP', 34, '5mbit', '10kb'), ('RTP', 46, '10mbit', '10kb'), ('DNS', 8, '1mbit', '5kb'), ('SSH', 16, '2mbit', '5kb')]
13:09:19 INFO: Enable egress shaping: True
13:09:19 INFO: Starting policer on interface s4-eth2
13:09:19 ERROR: Command failed: tc qdisc del dev s1-eth2 ingress
rc=2 stdout= stderr=Error: Invalid handle.
13:09:19 ERROR: Command failed: tc qdisc del dev s2-eth1 ingress
rc=2 stdout= stderr=Error: Invalid handle.
13:09:19 INFO: Classes: [('HTTP', 34, '5mbit', '10kb'), ('RTP', 46, '10mbit', '10kb'), ('DNS', 8, '1mbit', '5kb'), ('SSH', 16, '2mbit', '5kb')]
13:09:19 INFO: Classes: [('HTTP', 34, '5mbit', '10kb'), ('RTP', 46, '10mbit', '10kb'), ('DNS', 8, '1mbit', '5kb'), ('SSH', 16, '2mbit', '5kb')]
13:09:19 INFO: Enable egress shaping: True
13:09:19 ERROR: Command failed: tc filter del dev s3-eth3 parent ffff:
rc=2 stdout= stderr=Error: Parent Qdisc doesn't exists.
We have an error talking to the kernel
13:09:19 ERROR: Command failed: tc filter del dev s1-eth3 parent ffff:
rc=2 stdout= stderr=Error: Parent Qdisc doesn't exists.
We have an error talking to the kernel
13:09:19 ERROR: Command failed: tc filter del dev s3-eth4 parent ffff:
rc=2 stdout= stderr=Error: Parent Qdisc doesn't exists.
We have an error talking to the kernel
13:09:19 INFO: Enable egress shaping: True
13:09:19 INFO: Classes: [('HTTP', 34, '5mbit', '10kb'), ('RTP', 46, '10mbit', '10kb'), ('DNS', 8, '1mbit', '5kb'), ('SSH', 16, '2mbit', '5kb')]
13:09:19 INFO: Enable egress shaping: True
13:09:19 ERROR: Command failed: tc filter del dev s2-eth2 parent ffff:
rc=2 stdout= stderr=Error: Parent Qdisc doesn't exists.
We have an error talking to the kernel
13:09:19 ERROR: Command failed: tc filter del dev s1-eth1 parent ffff:
rc=2 stdout= stderr=Error: Parent Qdisc doesn't exists.
We have an error talking to the kernel
13:09:19 ERROR: Command failed: tc filter del dev s3-eth2 parent ffff:
rc=2 stdout= stderr=Error: Parent Qdisc doesn't exists.
We have an error talking to the kernel
13:09:19 ERROR: Command failed: tc filter del dev s1-eth4 parent ffff:
rc=2 stdout= stderr=Error: Parent Qdisc doesn't exists.
We have an error talking to the kernel
13:09:19 ERROR: Command failed: tc qdisc del dev s3-eth4 ingress
rc=2 stdout= stderr=Error: Invalid handle.
13:09:19 INFO: ingress qdisc added on s2-eth1
13:09:19 INFO: ingress qdisc added on s1-eth2
13:09:19 ERROR: Command failed: tc qdisc del dev s1-eth3 ingress
rc=2 stdout= stderr=Error: Invalid handle.
13:09:19 ERROR: Command failed: tc qdisc del dev s3-eth3 ingress
rc=2 stdout= stderr=Error: Invalid handle.
13:09:19 ERROR: Command failed: tc qdisc del dev s2-eth2 ingress
rc=2 stdout= stderr=Error: Invalid handle.
13:09:19 ERROR: Command failed: tc qdisc del dev s1-eth1 ingress
rc=2 stdout= stderr=Error: Invalid handle.
13:09:19 ERROR: Command failed: tc qdisc del dev s1-eth4 ingress
rc=2 stdout= stderr=Error: Invalid handle.
13:09:19 ERROR: Command failed: tc filter del dev s4-eth3 parent ffff:
rc=2 stdout= stderr=Error: Parent Qdisc doesn't exists.
We have an error talking to the kernel
13:09:19 ERROR: Command failed: tc qdisc del dev s3-eth2 ingress
rc=2 stdout= stderr=Error: Invalid handle.
13:09:19 ERROR: Command failed: tc filter del dev s4-eth1 parent ffff:
rc=2 stdout= stderr=Error: Parent Qdisc doesn't exists.
We have an error talking to the kernel
13:09:19 INFO: ingress qdisc added on s3-eth4
13:09:19 ERROR: Command failed: tc filter del dev s2-eth3 parent ffff:
rc=2 stdout= stderr=Error: Parent Qdisc doesn't exists.
We have an error talking to the kernel
13:09:19 ERROR: Command failed: tc filter del dev s4-eth2 parent ffff:
rc=2 stdout= stderr=Error: Parent Qdisc doesn't exists.
We have an error talking to the kernel
13:09:19 INFO: ingress qdisc added on s1-eth3
13:09:19 INFO: ingress qdisc added on s3-eth3
13:09:19 ERROR: Command failed: tc filter del dev s3-eth1 parent ffff:
rc=2 stdout= stderr=Error: Parent Qdisc doesn't exists.
We have an error talking to the kernel
13:09:19 INFO: ingress qdisc added on s1-eth4
13:09:19 INFO: ingress qdisc added on s2-eth2
13:09:19 INFO: ingress qdisc added on s1-eth1
13:09:19 ERROR: Command failed: tc qdisc del dev s4-eth3 ingress
rc=2 stdout= stderr=Error: Invalid handle.
13:09:19 ERROR: Command failed: tc qdisc del dev s4-eth1 ingress
rc=2 stdout= stderr=Error: Invalid handle.
13:09:19 ERROR: Command failed: tc qdisc add dev s2-eth1 root handle 1: htb default 10
rc=2 stdout= stderr=Error: Exclusivity flag on, cannot modify.
13:09:19 ERROR: Unhandled error: Command 'tc qdisc add dev s2-eth1 root handle 1: htb default 10' returned non-zero exit status 2.
Traceback (most recent call last):
  File "policer.py", line 144, in main
    install_policers(dev, classes, do_egress_shaping=args.shaping)
  File "policer.py", line 108, in install_policers
    setup_egress_shaper(dev)
  File "policer.py", line 85, in setup_egress_shaper
    run_cmd(f"tc qdisc add dev {dev} root handle 1: htb default 10")
  File "policer.py", line 29, in run_cmd
    proc = subprocess.run(cmd, shell=True, check=True, capture_output=True, text=True)
  File "/usr/lib/python3.8/subprocess.py", line 516, in run
    raise CalledProcessError(retcode, process.args,
subprocess.CalledProcessError: Command 'tc qdisc add dev s2-eth1 root handle 1: htb default 10' returned non-zero exit status 2.
13:09:20 INFO: ingress qdisc added on s3-eth2
13:09:20 ERROR: Command failed: tc qdisc del dev s2-eth3 ingress
rc=2 stdout= stderr=Error: Invalid handle.
13:09:20 ERROR: Command failed: tc qdisc del dev s4-eth2 ingress
rc=2 stdout= stderr=Error: Invalid handle.
13:09:20 ERROR: Command failed: tc qdisc add dev s1-eth2 root handle 1: htb default 10
rc=2 stdout= stderr=Error: Exclusivity flag on, cannot modify.
13:09:20 ERROR: Unhandled error: Command 'tc qdisc add dev s1-eth2 root handle 1: htb default 10' returned non-zero exit status 2.
Traceback (most recent call last):
  File "policer.py", line 144, in main
    install_policers(dev, classes, do_egress_shaping=args.shaping)
  File "policer.py", line 108, in install_policers
    setup_egress_shaper(dev)
  File "policer.py", line 85, in setup_egress_shaper
    run_cmd(f"tc qdisc add dev {dev} root handle 1: htb default 10")
  File "policer.py", line 29, in run_cmd
    proc = subprocess.run(cmd, shell=True, check=True, capture_output=True, text=True)
  File "/usr/lib/python3.8/subprocess.py", line 516, in run
    raise CalledProcessError(retcode, process.args,
subprocess.CalledProcessError: Command 'tc qdisc add dev s1-eth2 root handle 1: htb default 10' returned non-zero exit status 2.
13:09:20 ERROR: Command failed: tc qdisc del dev s3-eth1 ingress
rc=2 stdout= stderr=Error: Invalid handle.
13:09:20 ERROR: Command failed: tc qdisc add dev s1-eth3 root handle 1: htb default 10
rc=2 stdout= stderr=Error: Exclusivity flag on, cannot modify.
13:09:20 ERROR: Unhandled error: Command 'tc qdisc add dev s1-eth3 root handle 1: htb default 10' returned non-zero exit status 2.
Traceback (most recent call last):
  File "policer.py", line 144, in main
    install_policers(dev, classes, do_egress_shaping=args.shaping)
  File "policer.py", line 108, in install_policers
    setup_egress_shaper(dev)
  File "policer.py", line 85, in setup_egress_shaper
    run_cmd(f"tc qdisc add dev {dev} root handle 1: htb default 10")
  File "policer.py", line 29, in run_cmd
    proc = subprocess.run(cmd, shell=True, check=True, capture_output=True, text=True)
  File "/usr/lib/python3.8/subprocess.py", line 516, in run
    raise CalledProcessError(retcode, process.args,
subprocess.CalledProcessError: Command 'tc qdisc add dev s1-eth3 root handle 1: htb default 10' returned non-zero exit status 2.
13:09:20 ERROR: Command failed: tc qdisc add dev s3-eth4 root handle 1: htb default 10
rc=2 stdout= stderr=Error: Exclusivity flag on, cannot modify.
13:09:20 INFO: ingress qdisc added on s4-eth3
13:09:20 INFO: ingress qdisc added on s4-eth1
13:09:20 ERROR: Unhandled error: Command 'tc qdisc add dev s3-eth4 root handle 1: htb default 10' returned non-zero exit status 2.
Traceback (most recent call last):
  File "policer.py", line 144, in main
    install_policers(dev, classes, do_egress_shaping=args.shaping)
  File "policer.py", line 108, in install_policers
    setup_egress_shaper(dev)
  File "policer.py", line 85, in setup_egress_shaper
    run_cmd(f"tc qdisc add dev {dev} root handle 1: htb default 10")
  File "policer.py", line 29, in run_cmd
    proc = subprocess.run(cmd, shell=True, check=True, capture_output=True, text=True)
  File "/usr/lib/python3.8/subprocess.py", line 516, in run
    raise CalledProcessError(retcode, process.args,
subprocess.CalledProcessError: Command 'tc qdisc add dev s3-eth4 root handle 1: htb default 10' returned non-zero exit status 2.
13:09:20 INFO: ingress qdisc added on s2-eth3
13:09:20 ERROR: Command failed: tc qdisc add dev s3-eth3 root handle 1: htb default 10
rc=2 stdout= stderr=Error: Exclusivity flag on, cannot modify.
13:09:20 ERROR: Unhandled error: Command 'tc qdisc add dev s3-eth3 root handle 1: htb default 10' returned non-zero exit status 2.
Traceback (most recent call last):
  File "policer.py", line 144, in main
    install_policers(dev, classes, do_egress_shaping=args.shaping)
  File "policer.py", line 108, in install_policers
    setup_egress_shaper(dev)
  File "policer.py", line 85, in setup_egress_shaper
    run_cmd(f"tc qdisc add dev {dev} root handle 1: htb default 10")
  File "policer.py", line 29, in run_cmd
    proc = subprocess.run(cmd, shell=True, check=True, capture_output=True, text=True)
  File "/usr/lib/python3.8/subprocess.py", line 516, in run
    raise CalledProcessError(retcode, process.args,
subprocess.CalledProcessError: Command 'tc qdisc add dev s3-eth3 root handle 1: htb default 10' returned non-zero exit status 2.
13:09:20 INFO: ingress qdisc added on s4-eth2
13:09:20 INFO: ingress qdisc added on s3-eth1
13:09:20 ERROR: Command failed: tc qdisc add dev s1-eth4 root handle 1: htb default 10
rc=2 stdout= stderr=Error: Exclusivity flag on, cannot modify.
13:09:20 ERROR: Unhandled error: Command 'tc qdisc add dev s1-eth4 root handle 1: htb default 10' returned non-zero exit status 2.
Traceback (most recent call last):
  File "policer.py", line 144, in main
    install_policers(dev, classes, do_egress_shaping=args.shaping)
  File "policer.py", line 108, in install_policers
    setup_egress_shaper(dev)
  File "policer.py", line 85, in setup_egress_shaper
    run_cmd(f"tc qdisc add dev {dev} root handle 1: htb default 10")
  File "policer.py", line 29, in run_cmd
    proc = subprocess.run(cmd, shell=True, check=True, capture_output=True, text=True)
  File "/usr/lib/python3.8/subprocess.py", line 516, in run
    raise CalledProcessError(retcode, process.args,
subprocess.CalledProcessError: Command 'tc qdisc add dev s1-eth4 root handle 1: htb default 10' returned non-zero exit status 2.
13:09:20 ERROR: Command failed: tc qdisc add dev s2-eth2 root handle 1: htb default 10
rc=2 stdout= stderr=Error: Exclusivity flag on, cannot modify.
13:09:20 ERROR: Unhandled error: Command 'tc qdisc add dev s2-eth2 root handle 1: htb default 10' returned non-zero exit status 2.
Traceback (most recent call last):
  File "policer.py", line 144, in main
    install_policers(dev, classes, do_egress_shaping=args.shaping)
  File "policer.py", line 108, in install_policers
    setup_egress_shaper(dev)
  File "policer.py", line 85, in setup_egress_shaper
    run_cmd(f"tc qdisc add dev {dev} root handle 1: htb default 10")
  File "policer.py", line 29, in run_cmd
    proc = subprocess.run(cmd, shell=True, check=True, capture_output=True, text=True)
  File "/usr/lib/python3.8/subprocess.py", line 516, in run
    raise CalledProcessError(retcode, process.args,
subprocess.CalledProcessError: Command 'tc qdisc add dev s2-eth2 root handle 1: htb default 10' returned non-zero exit status 2.
13:09:20 ERROR: Command failed: tc qdisc add dev s3-eth2 root handle 1: htb default 10
rc=2 stdout= stderr=Error: Exclusivity flag on, cannot modify.
13:09:20 ERROR: Unhandled error: Command 'tc qdisc add dev s3-eth2 root handle 1: htb default 10' returned non-zero exit status 2.
Traceback (most recent call last):
  File "policer.py", line 144, in main
    install_policers(dev, classes, do_egress_shaping=args.shaping)
  File "policer.py", line 108, in install_policers
    setup_egress_shaper(dev)
  File "policer.py", line 85, in setup_egress_shaper
    run_cmd(f"tc qdisc add dev {dev} root handle 1: htb default 10")
  File "policer.py", line 29, in run_cmd
    proc = subprocess.run(cmd, shell=True, check=True, capture_output=True, text=True)
  File "/usr/lib/python3.8/subprocess.py", line 516, in run
    raise CalledProcessError(retcode, process.args,
subprocess.CalledProcessError: Command 'tc qdisc add dev s3-eth2 root handle 1: htb default 10' returned non-zero exit status 2.
13:09:20 ERROR: Command failed: tc qdisc add dev s1-eth1 root handle 1: htb default 10
rc=2 stdout= stderr=Error: Exclusivity flag on, cannot modify.
13:09:20 ERROR: Unhandled error: Command 'tc qdisc add dev s1-eth1 root handle 1: htb default 10' returned non-zero exit status 2.
Traceback (most recent call last):
  File "policer.py", line 144, in main
    install_policers(dev, classes, do_egress_shaping=args.shaping)
  File "policer.py", line 108, in install_policers
    setup_egress_shaper(dev)
  File "policer.py", line 85, in setup_egress_shaper
    run_cmd(f"tc qdisc add dev {dev} root handle 1: htb default 10")
  File "policer.py", line 29, in run_cmd
    proc = subprocess.run(cmd, shell=True, check=True, capture_output=True, text=True)
  File "/usr/lib/python3.8/subprocess.py", line 516, in run
    raise CalledProcessError(retcode, process.args,
subprocess.CalledProcessError: Command 'tc qdisc add dev s1-eth1 root handle 1: htb default 10' returned non-zero exit status 2.
13:09:20 ERROR: Command failed: tc qdisc add dev s4-eth3 root handle 1: htb default 10
rc=2 stdout= stderr=Error: Exclusivity flag on, cannot modify.
13:09:20 ERROR: Unhandled error: Command 'tc qdisc add dev s4-eth3 root handle 1: htb default 10' returned non-zero exit status 2.
Traceback (most recent call last):
  File "policer.py", line 144, in main
    install_policers(dev, classes, do_egress_shaping=args.shaping)
  File "policer.py", line 108, in install_policers
    setup_egress_shaper(dev)
  File "policer.py", line 85, in setup_egress_shaper
    run_cmd(f"tc qdisc add dev {dev} root handle 1: htb default 10")
  File "policer.py", line 29, in run_cmd
    proc = subprocess.run(cmd, shell=True, check=True, capture_output=True, text=True)
  File "/usr/lib/python3.8/subprocess.py", line 516, in run
    raise CalledProcessError(retcode, process.args,
subprocess.CalledProcessError: Command 'tc qdisc add dev s4-eth3 root handle 1: htb default 10' returned non-zero exit status 2.
13:09:20 ERROR: Command failed: tc qdisc add dev s3-eth1 root handle 1: htb default 10
rc=2 stdout= stderr=Error: Exclusivity flag on, cannot modify.
13:09:20 ERROR: Command failed: tc qdisc add dev s4-eth1 root handle 1: htb default 10
rc=2 stdout= stderr=Error: Exclusivity flag on, cannot modify.
13:09:20 ERROR: Command failed: tc qdisc add dev s2-eth3 root handle 1: htb default 10
rc=2 stdout= stderr=Error: Exclusivity flag on, cannot modify.
13:09:20 ERROR: Command failed: tc qdisc add dev s4-eth2 root handle 1: htb default 10
rc=2 stdout= stderr=Error: Exclusivity flag on, cannot modify.
13:09:20 ERROR: Unhandled error: Command 'tc qdisc add dev s4-eth1 root handle 1: htb default 10' returned non-zero exit status 2.
Traceback (most recent call last):
  File "policer.py", line 144, in main
    install_policers(dev, classes, do_egress_shaping=args.shaping)
  File "policer.py", line 108, in install_policers
    setup_egress_shaper(dev)
  File "policer.py", line 85, in setup_egress_shaper
    run_cmd(f"tc qdisc add dev {dev} root handle 1: htb default 10")
  File "policer.py", line 29, in run_cmd
    proc = subprocess.run(cmd, shell=True, check=True, capture_output=True, text=True)
  File "/usr/lib/python3.8/subprocess.py", line 516, in run
    raise CalledProcessError(retcode, process.args,
subprocess.CalledProcessError: Command 'tc qdisc add dev s4-eth1 root handle 1: htb default 10' returned non-zero exit status 2.
13:09:20 ERROR: Unhandled error: Command 'tc qdisc add dev s3-eth1 root handle 1: htb default 10' returned non-zero exit status 2.
Traceback (most recent call last):
  File "policer.py", line 144, in main
    install_policers(dev, classes, do_egress_shaping=args.shaping)
  File "policer.py", line 108, in install_policers
    setup_egress_shaper(dev)
  File "policer.py", line 85, in setup_egress_shaper
    run_cmd(f"tc qdisc add dev {dev} root handle 1: htb default 10")
  File "policer.py", line 29, in run_cmd
    proc = subprocess.run(cmd, shell=True, check=True, capture_output=True, text=True)
  File "/usr/lib/python3.8/subprocess.py", line 516, in run
    raise CalledProcessError(retcode, process.args,
subprocess.CalledProcessError: Command 'tc qdisc add dev s3-eth1 root handle 1: htb default 10' returned non-zero exit status 2.
13:09:20 ERROR: Unhandled error: Command 'tc qdisc add dev s2-eth3 root handle 1: htb default 10' returned non-zero exit status 2.
Traceback (most recent call last):
  File "policer.py", line 144, in main
    install_policers(dev, classes, do_egress_shaping=args.shaping)
  File "policer.py", line 108, in install_policers
    setup_egress_shaper(dev)
  File "policer.py", line 85, in setup_egress_shaper
    run_cmd(f"tc qdisc add dev {dev} root handle 1: htb default 10")
  File "policer.py", line 29, in run_cmd
    proc = subprocess.run(cmd, shell=True, check=True, capture_output=True, text=True)
  File "/usr/lib/python3.8/subprocess.py", line 516, in run
    raise CalledProcessError(retcode, process.args,
subprocess.CalledProcessError: Command 'tc qdisc add dev s2-eth3 root handle 1: htb default 10' returned non-zero exit status 2.
13:09:21 ERROR: Unhandled error: Command 'tc qdisc add dev s4-eth2 root handle 1: htb default 10' returned non-zero exit status 2.
Traceback (most recent call last):
  File "policer.py", line 144, in main
    install_policers(dev, classes, do_egress_shaping=args.shaping)
  File "policer.py", line 108, in install_policers
    setup_egress_shaper(dev)
  File "policer.py", line 85, in setup_egress_shaper
    run_cmd(f"tc qdisc add dev {dev} root handle 1: htb default 10")
  File "policer.py", line 29, in run_cmd
    proc = subprocess.run(cmd, shell=True, check=True, capture_output=True, text=True)
  File "/usr/lib/python3.8/subprocess.py", line 516, in run
    raise CalledProcessError(retcode, process.args,
subprocess.CalledProcessError: Command 'tc qdisc add dev s4-eth2 root handle 1: htb default 10' returned non-zero exit status 2.
13:09:21 INFO: cleared tc qdiscs on s2-eth1
13:09:21 INFO: cleared tc qdiscs on s1-eth2
13:09:21 INFO: cleared tc qdiscs on s3-eth4
13:09:21 INFO: cleared tc qdiscs on s1-eth3
13:09:21 INFO: cleared tc qdiscs on s3-eth3
13:09:21 INFO: cleared tc qdiscs on s2-eth2
13:09:21 INFO: cleared tc qdiscs on s1-eth4
13:09:21 INFO: cleared tc qdiscs on s3-eth2
13:09:21 INFO: cleared tc qdiscs on s1-eth1
13:09:21 INFO: cleared tc qdiscs on s4-eth2
13:09:21 INFO: cleared tc qdiscs on s4-eth1
13:09:21 INFO: cleared tc qdiscs on s4-eth3
13:09:21 INFO: cleared tc qdiscs on s2-eth3
13:09:21 INFO: cleared tc qdiscs on s3-eth1
13:11:24 INFO: Starting policer on interface s1-eth3
13:11:24 INFO: Starting policer on interface s3-eth2
13:11:24 INFO: Starting policer on interface s1-eth2
13:11:24 INFO: Starting policer on interface s1-eth4
13:11:24 INFO: Starting policer on interface s1-eth1
13:11:24 INFO: Classes: [('HTTP', 34, '5mbit', '10kb'), ('RTP', 46, '10mbit', '10kb'), ('DNS', 8, '1mbit', '5kb'), ('SSH', 16, '2mbit', '5kb')]
13:11:24 INFO: Enable egress shaping: True
13:11:24 INFO: Starting policer on interface s2-eth1
13:11:24 INFO: Classes: [('HTTP', 34, '5mbit', '10kb'), ('RTP', 46, '10mbit', '10kb'), ('DNS', 8, '1mbit', '5kb'), ('SSH', 16, '2mbit', '5kb')]
13:11:24 INFO: Classes: [('HTTP', 34, '5mbit', '10kb'), ('RTP', 46, '10mbit', '10kb'), ('DNS', 8, '1mbit', '5kb'), ('SSH', 16, '2mbit', '5kb')]
13:11:24 INFO: Classes: [('HTTP', 34, '5mbit', '10kb'), ('RTP', 46, '10mbit', '10kb'), ('DNS', 8, '1mbit', '5kb'), ('SSH', 16, '2mbit', '5kb')]
13:11:24 INFO: Enable egress shaping: True
13:11:24 INFO: Enable egress shaping: True
13:11:24 INFO: Enable egress shaping: True
13:11:24 INFO: Classes: [('HTTP', 34, '5mbit', '10kb'), ('RTP', 46, '10mbit', '10kb'), ('DNS', 8, '1mbit', '5kb'), ('SSH', 16, '2mbit', '5kb')]
13:11:24 INFO: Starting policer on interface s4-eth1
13:11:25 INFO: Enable egress shaping: True
13:11:25 INFO: Classes: [('HTTP', 34, '5mbit', '10kb'), ('RTP', 46, '10mbit', '10kb'), ('DNS', 8, '1mbit', '5kb'), ('SSH', 16, '2mbit', '5kb')]
13:11:25 INFO: Classes: [('HTTP', 34, '5mbit', '10kb'), ('RTP', 46, '10mbit', '10kb'), ('DNS', 8, '1mbit', '5kb'), ('SSH', 16, '2mbit', '5kb')]
13:11:25 INFO: Enable egress shaping: True
13:11:25 INFO: Enable egress shaping: True
13:11:25 INFO: ingress qdisc added on s1-eth4
13:11:25 INFO: Starting policer on interface s2-eth3
13:11:25 INFO: Starting policer on interface s4-eth3
13:11:25 INFO: Starting policer on interface s3-eth4
13:11:25 INFO: Starting policer on interface s2-eth2
13:11:25 INFO: Classes: [('HTTP', 34, '5mbit', '10kb'), ('RTP', 46, '10mbit', '10kb'), ('DNS', 8, '1mbit', '5kb'), ('SSH', 16, '2mbit', '5kb')]
13:11:25 INFO: Enable egress shaping: True
13:11:25 INFO: ingress qdisc added on s1-eth2
13:11:25 INFO: ingress qdisc added on s2-eth1
13:11:25 INFO: Classes: [('HTTP', 34, '5mbit', '10kb'), ('RTP', 46, '10mbit', '10kb'), ('DNS', 8, '1mbit', '5kb'), ('SSH', 16, '2mbit', '5kb')]
13:11:25 INFO: ingress qdisc added on s3-eth2
13:11:25 INFO: Enable egress shaping: True
13:11:25 INFO: Starting policer on interface s3-eth1
13:11:25 INFO: Classes: [('HTTP', 34, '5mbit', '10kb'), ('RTP', 46, '10mbit', '10kb'), ('DNS', 8, '1mbit', '5kb'), ('SSH', 16, '2mbit', '5kb')]
13:11:25 INFO: Enable egress shaping: True
13:11:26 INFO: ingress qdisc added on s1-eth3
13:11:26 INFO: ingress qdisc added on s4-eth1
13:11:26 INFO: Starting policer on interface s3-eth3
13:11:26 INFO: Classes: [('HTTP', 34, '5mbit', '10kb'), ('RTP', 46, '10mbit', '10kb'), ('DNS', 8, '1mbit', '5kb'), ('SSH', 16, '2mbit', '5kb')]
13:11:26 INFO: Classes: [('HTTP', 34, '5mbit', '10kb'), ('RTP', 46, '10mbit', '10kb'), ('DNS', 8, '1mbit', '5kb'), ('SSH', 16, '2mbit', '5kb')]
13:11:26 INFO: ingress qdisc added on s1-eth1
13:11:26 ERROR: Command failed: tc qdisc add dev s1-eth4 root handle 1: htb default 10
rc=2 stdout= stderr=Error: Exclusivity flag on, cannot modify.
13:11:26 ERROR: Unhandled error: Command 'tc qdisc add dev s1-eth4 root handle 1: htb default 10' returned non-zero exit status 2.
Traceback (most recent call last):
  File "policer.py", line 153, in main
    install_policers(dev, classes, do_egress_shaping=args.shaping)
  File "policer.py", line 117, in install_policers
    setup_egress_shaper(dev)
  File "policer.py", line 94, in setup_egress_shaper
    run_cmd(f"tc qdisc add dev {dev} root handle 1: htb default 10")
  File "policer.py", line 29, in run_cmd
    proc = subprocess.run(cmd, shell=True, check=True, capture_output=True, text=True)
  File "/usr/lib/python3.8/subprocess.py", line 516, in run
    raise CalledProcessError(retcode, process.args,
subprocess.CalledProcessError: Command 'tc qdisc add dev s1-eth4 root handle 1: htb default 10' returned non-zero exit status 2.
13:11:26 INFO: Enable egress shaping: True
13:11:26 INFO: Enable egress shaping: True
13:11:26 INFO: Starting policer on interface s4-eth2
13:11:26 ERROR: Command failed: tc qdisc add dev s1-eth2 root handle 1: htb default 10
rc=2 stdout= stderr=Error: Exclusivity flag on, cannot modify.
13:11:26 ERROR: Unhandled error: Command 'tc qdisc add dev s1-eth2 root handle 1: htb default 10' returned non-zero exit status 2.
Traceback (most recent call last):
  File "policer.py", line 153, in main
    install_policers(dev, classes, do_egress_shaping=args.shaping)
  File "policer.py", line 117, in install_policers
    setup_egress_shaper(dev)
  File "policer.py", line 94, in setup_egress_shaper
    run_cmd(f"tc qdisc add dev {dev} root handle 1: htb default 10")
  File "policer.py", line 29, in run_cmd
    proc = subprocess.run(cmd, shell=True, check=True, capture_output=True, text=True)
  File "/usr/lib/python3.8/subprocess.py", line 516, in run
    raise CalledProcessError(retcode, process.args,
subprocess.CalledProcessError: Command 'tc qdisc add dev s1-eth2 root handle 1: htb default 10' returned non-zero exit status 2.
13:11:26 INFO: ingress qdisc added on s2-eth3
13:11:26 ERROR: Command failed: tc qdisc add dev s3-eth2 root handle 1: htb default 10
rc=2 stdout= stderr=Error: Exclusivity flag on, cannot modify.
13:11:26 ERROR: Unhandled error: Command 'tc qdisc add dev s3-eth2 root handle 1: htb default 10' returned non-zero exit status 2.
Traceback (most recent call last):
  File "policer.py", line 153, in main
    install_policers(dev, classes, do_egress_shaping=args.shaping)
  File "policer.py", line 117, in install_policers
    setup_egress_shaper(dev)
  File "policer.py", line 94, in setup_egress_shaper
    run_cmd(f"tc qdisc add dev {dev} root handle 1: htb default 10")
  File "policer.py", line 29, in run_cmd
    proc = subprocess.run(cmd, shell=True, check=True, capture_output=True, text=True)
  File "/usr/lib/python3.8/subprocess.py", line 516, in run
    raise CalledProcessError(retcode, process.args,
subprocess.CalledProcessError: Command 'tc qdisc add dev s3-eth2 root handle 1: htb default 10' returned non-zero exit status 2.
13:11:26 INFO: ingress qdisc added on s2-eth2
13:11:26 ERROR: Command failed: tc qdisc add dev s2-eth1 root handle 1: htb default 10
rc=2 stdout= stderr=Error: Exclusivity flag on, cannot modify.
13:11:26 INFO: Classes: [('HTTP', 34, '5mbit', '10kb'), ('RTP', 46, '10mbit', '10kb'), ('DNS', 8, '1mbit', '5kb'), ('SSH', 16, '2mbit', '5kb')]
13:11:26 ERROR: Unhandled error: Command 'tc qdisc add dev s2-eth1 root handle 1: htb default 10' returned non-zero exit status 2.
Traceback (most recent call last):
  File "policer.py", line 153, in main
    install_policers(dev, classes, do_egress_shaping=args.shaping)
  File "policer.py", line 117, in install_policers
    setup_egress_shaper(dev)
  File "policer.py", line 94, in setup_egress_shaper
    run_cmd(f"tc qdisc add dev {dev} root handle 1: htb default 10")
  File "policer.py", line 29, in run_cmd
    proc = subprocess.run(cmd, shell=True, check=True, capture_output=True, text=True)
  File "/usr/lib/python3.8/subprocess.py", line 516, in run
    raise CalledProcessError(retcode, process.args,
subprocess.CalledProcessError: Command 'tc qdisc add dev s2-eth1 root handle 1: htb default 10' returned non-zero exit status 2.
13:11:26 INFO: Enable egress shaping: True
13:11:27 ERROR: Command failed: tc qdisc add dev s1-eth3 root handle 1: htb default 10
rc=2 stdout= stderr=Error: Exclusivity flag on, cannot modify.
13:11:27 ERROR: Unhandled error: Command 'tc qdisc add dev s1-eth3 root handle 1: htb default 10' returned non-zero exit status 2.
Traceback (most recent call last):
  File "policer.py", line 153, in main
    install_policers(dev, classes, do_egress_shaping=args.shaping)
  File "policer.py", line 117, in install_policers
    setup_egress_shaper(dev)
  File "policer.py", line 94, in setup_egress_shaper
    run_cmd(f"tc qdisc add dev {dev} root handle 1: htb default 10")
  File "policer.py", line 29, in run_cmd
    proc = subprocess.run(cmd, shell=True, check=True, capture_output=True, text=True)
  File "/usr/lib/python3.8/subprocess.py", line 516, in run
    raise CalledProcessError(retcode, process.args,
subprocess.CalledProcessError: Command 'tc qdisc add dev s1-eth3 root handle 1: htb default 10' returned non-zero exit status 2.
13:11:27 ERROR: Command failed: tc qdisc add dev s4-eth1 root handle 1: htb default 10
rc=2 stdout= stderr=Error: Exclusivity flag on, cannot modify.
13:11:27 ERROR: Unhandled error: Command 'tc qdisc add dev s4-eth1 root handle 1: htb default 10' returned non-zero exit status 2.
Traceback (most recent call last):
  File "policer.py", line 153, in main
    install_policers(dev, classes, do_egress_shaping=args.shaping)
  File "policer.py", line 117, in install_policers
    setup_egress_shaper(dev)
  File "policer.py", line 94, in setup_egress_shaper
    run_cmd(f"tc qdisc add dev {dev} root handle 1: htb default 10")
  File "policer.py", line 29, in run_cmd
    proc = subprocess.run(cmd, shell=True, check=True, capture_output=True, text=True)
  File "/usr/lib/python3.8/subprocess.py", line 516, in run
    raise CalledProcessError(retcode, process.args,
subprocess.CalledProcessError: Command 'tc qdisc add dev s4-eth1 root handle 1: htb default 10' returned non-zero exit status 2.
13:11:27 INFO: ingress qdisc added on s3-eth4
13:11:27 ERROR: Command failed: tc qdisc add dev s1-eth1 root handle 1: htb default 10
rc=2 stdout= stderr=Error: Exclusivity flag on, cannot modify.
13:11:27 ERROR: Unhandled error: Command 'tc qdisc add dev s1-eth1 root handle 1: htb default 10' returned non-zero exit status 2.
Traceback (most recent call last):
  File "policer.py", line 153, in main
    install_policers(dev, classes, do_egress_shaping=args.shaping)
  File "policer.py", line 117, in install_policers
    setup_egress_shaper(dev)
  File "policer.py", line 94, in setup_egress_shaper
    run_cmd(f"tc qdisc add dev {dev} root handle 1: htb default 10")
  File "policer.py", line 29, in run_cmd
    proc = subprocess.run(cmd, shell=True, check=True, capture_output=True, text=True)
  File "/usr/lib/python3.8/subprocess.py", line 516, in run
    raise CalledProcessError(retcode, process.args,
subprocess.CalledProcessError: Command 'tc qdisc add dev s1-eth1 root handle 1: htb default 10' returned non-zero exit status 2.
13:11:27 INFO: ingress qdisc added on s3-eth3
13:11:27 INFO: ingress qdisc added on s4-eth3
13:11:27 INFO: Classes: [('HTTP', 34, '5mbit', '10kb'), ('RTP', 46, '10mbit', '10kb'), ('DNS', 8, '1mbit', '5kb'), ('SSH', 16, '2mbit', '5kb')]
13:11:27 INFO: Enable egress shaping: True
13:11:27 ERROR: Command failed: tc qdisc add dev s2-eth2 root handle 1: htb default 10
rc=2 stdout= stderr=Error: Exclusivity flag on, cannot modify.
13:11:27 ERROR: Unhandled error: Command 'tc qdisc add dev s2-eth2 root handle 1: htb default 10' returned non-zero exit status 2.
Traceback (most recent call last):
  File "policer.py", line 153, in main
    install_policers(dev, classes, do_egress_shaping=args.shaping)
  File "policer.py", line 117, in install_policers
    setup_egress_shaper(dev)
  File "policer.py", line 94, in setup_egress_shaper
    run_cmd(f"tc qdisc add dev {dev} root handle 1: htb default 10")
  File "policer.py", line 29, in run_cmd
    proc = subprocess.run(cmd, shell=True, check=True, capture_output=True, text=True)
  File "/usr/lib/python3.8/subprocess.py", line 516, in run
    raise CalledProcessError(retcode, process.args,
subprocess.CalledProcessError: Command 'tc qdisc add dev s2-eth2 root handle 1: htb default 10' returned non-zero exit status 2.
13:11:27 ERROR: Command failed: tc qdisc add dev s2-eth3 root handle 1: htb default 10
rc=2 stdout= stderr=Error: Exclusivity flag on, cannot modify.
13:11:27 ERROR: Unhandled error: Command 'tc qdisc add dev s2-eth3 root handle 1: htb default 10' returned non-zero exit status 2.
Traceback (most recent call last):
  File "policer.py", line 153, in main
    install_policers(dev, classes, do_egress_shaping=args.shaping)
  File "policer.py", line 117, in install_policers
    setup_egress_shaper(dev)
  File "policer.py", line 94, in setup_egress_shaper
    run_cmd(f"tc qdisc add dev {dev} root handle 1: htb default 10")
  File "policer.py", line 29, in run_cmd
    proc = subprocess.run(cmd, shell=True, check=True, capture_output=True, text=True)
  File "/usr/lib/python3.8/subprocess.py", line 516, in run
    raise CalledProcessError(retcode, process.args,
subprocess.CalledProcessError: Command 'tc qdisc add dev s2-eth3 root handle 1: htb default 10' returned non-zero exit status 2.
13:11:27 INFO: cleared tc qdiscs on s1-eth4
13:11:27 ERROR: Command failed: tc qdisc add dev s3-eth4 root handle 1: htb default 10
rc=2 stdout= stderr=Error: Exclusivity flag on, cannot modify.
13:11:27 ERROR: Unhandled error: Command 'tc qdisc add dev s3-eth4 root handle 1: htb default 10' returned non-zero exit status 2.
Traceback (most recent call last):
  File "policer.py", line 153, in main
    install_policers(dev, classes, do_egress_shaping=args.shaping)
  File "policer.py", line 117, in install_policers
    setup_egress_shaper(dev)
  File "policer.py", line 94, in setup_egress_shaper
    run_cmd(f"tc qdisc add dev {dev} root handle 1: htb default 10")
  File "policer.py", line 29, in run_cmd
    proc = subprocess.run(cmd, shell=True, check=True, capture_output=True, text=True)
  File "/usr/lib/python3.8/subprocess.py", line 516, in run
    raise CalledProcessError(retcode, process.args,
subprocess.CalledProcessError: Command 'tc qdisc add dev s3-eth4 root handle 1: htb default 10' returned non-zero exit status 2.
13:11:27 INFO: ingress qdisc added on s3-eth1
13:11:27 INFO: cleared tc qdiscs on s1-eth2
13:11:27 INFO: cleared tc qdiscs on s3-eth2
13:11:27 ERROR: Command failed: tc qdisc add dev s3-eth3 root handle 1: htb default 10
rc=2 stdout= stderr=Error: Exclusivity flag on, cannot modify.
13:11:27 ERROR: Unhandled error: Command 'tc qdisc add dev s3-eth3 root handle 1: htb default 10' returned non-zero exit status 2.
Traceback (most recent call last):
  File "policer.py", line 153, in main
    install_policers(dev, classes, do_egress_shaping=args.shaping)
  File "policer.py", line 117, in install_policers
    setup_egress_shaper(dev)
  File "policer.py", line 94, in setup_egress_shaper
    run_cmd(f"tc qdisc add dev {dev} root handle 1: htb default 10")
  File "policer.py", line 29, in run_cmd
    proc = subprocess.run(cmd, shell=True, check=True, capture_output=True, text=True)
  File "/usr/lib/python3.8/subprocess.py", line 516, in run
    raise CalledProcessError(retcode, process.args,
subprocess.CalledProcessError: Command 'tc qdisc add dev s3-eth3 root handle 1: htb default 10' returned non-zero exit status 2.
13:11:27 ERROR: Command failed: tc qdisc add dev s4-eth3 root handle 1: htb default 10
rc=2 stdout= stderr=Error: Exclusivity flag on, cannot modify.
13:11:27 INFO: cleared tc qdiscs on s2-eth1
13:11:27 ERROR: Unhandled error: Command 'tc qdisc add dev s4-eth3 root handle 1: htb default 10' returned non-zero exit status 2.
Traceback (most recent call last):
  File "policer.py", line 153, in main
    install_policers(dev, classes, do_egress_shaping=args.shaping)
  File "policer.py", line 117, in install_policers
    setup_egress_shaper(dev)
  File "policer.py", line 94, in setup_egress_shaper
    run_cmd(f"tc qdisc add dev {dev} root handle 1: htb default 10")
  File "policer.py", line 29, in run_cmd
    proc = subprocess.run(cmd, shell=True, check=True, capture_output=True, text=True)
  File "/usr/lib/python3.8/subprocess.py", line 516, in run
    raise CalledProcessError(retcode, process.args,
subprocess.CalledProcessError: Command 'tc qdisc add dev s4-eth3 root handle 1: htb default 10' returned non-zero exit status 2.
13:11:28 INFO: cleared tc qdiscs on s1-eth1
13:11:28 INFO: cleared tc qdiscs on s4-eth1
13:11:28 INFO: ingress qdisc added on s4-eth2
13:11:28 INFO: cleared tc qdiscs on s1-eth3
13:11:28 ERROR: Command failed: tc qdisc add dev s3-eth1 root handle 1: htb default 10
rc=2 stdout= stderr=Error: Exclusivity flag on, cannot modify.
13:11:28 ERROR: Unhandled error: Command 'tc qdisc add dev s3-eth1 root handle 1: htb default 10' returned non-zero exit status 2.
Traceback (most recent call last):
  File "policer.py", line 153, in main
    install_policers(dev, classes, do_egress_shaping=args.shaping)
  File "policer.py", line 117, in install_policers
    setup_egress_shaper(dev)
  File "policer.py", line 94, in setup_egress_shaper
    run_cmd(f"tc qdisc add dev {dev} root handle 1: htb default 10")
  File "policer.py", line 29, in run_cmd
    proc = subprocess.run(cmd, shell=True, check=True, capture_output=True, text=True)
  File "/usr/lib/python3.8/subprocess.py", line 516, in run
    raise CalledProcessError(retcode, process.args,
subprocess.CalledProcessError: Command 'tc qdisc add dev s3-eth1 root handle 1: htb default 10' returned non-zero exit status 2.
13:11:28 INFO: cleared tc qdiscs on s2-eth2
13:11:28 INFO: cleared tc qdiscs on s2-eth3
13:11:28 INFO: cleared tc qdiscs on s3-eth4
13:11:28 ERROR: Command failed: tc qdisc add dev s4-eth2 root handle 1: htb default 10
rc=2 stdout= stderr=Error: Exclusivity flag on, cannot modify.
13:11:28 ERROR: Unhandled error: Command 'tc qdisc add dev s4-eth2 root handle 1: htb default 10' returned non-zero exit status 2.
Traceback (most recent call last):
  File "policer.py", line 153, in main
    install_policers(dev, classes, do_egress_shaping=args.shaping)
  File "policer.py", line 117, in install_policers
    setup_egress_shaper(dev)
  File "policer.py", line 94, in setup_egress_shaper
    run_cmd(f"tc qdisc add dev {dev} root handle 1: htb default 10")
  File "policer.py", line 29, in run_cmd
    proc = subprocess.run(cmd, shell=True, check=True, capture_output=True, text=True)
  File "/usr/lib/python3.8/subprocess.py", line 516, in run
    raise CalledProcessError(retcode, process.args,
subprocess.CalledProcessError: Command 'tc qdisc add dev s4-eth2 root handle 1: htb default 10' returned non-zero exit status 2.
13:11:28 INFO: cleared tc qdiscs on s4-eth3
13:11:28 INFO: cleared tc qdiscs on s3-eth3
13:11:28 INFO: cleared tc qdiscs on s3-eth1
13:11:29 INFO: cleared tc qdiscs on s4-eth2
13:13:16 INFO: Starting policer on interface s1-eth1
13:13:16 INFO: Classes: [('HTTP', 34, '5mbit', '10kb'), ('RTP', 46, '10mbit', '10kb'), ('DNS', 8, '1mbit', '5kb'), ('SSH', 16, '2mbit', '5kb')]
13:13:16 INFO: Enable egress shaping: False
13:13:17 INFO: Starting policer on interface s1-eth2
13:13:17 INFO: Starting policer on interface s1-eth3
13:13:17 INFO: Classes: [('HTTP', 34, '5mbit', '10kb'), ('RTP', 46, '10mbit', '10kb'), ('DNS', 8, '1mbit', '5kb'), ('SSH', 16, '2mbit', '5kb')]
13:13:17 INFO: Starting policer on interface s2-eth3
13:13:17 INFO: Enable egress shaping: False
13:13:17 INFO: Starting policer on interface s3-eth4
13:13:17 INFO: Starting policer on interface s1-eth4
13:13:17 INFO: Classes: [('HTTP', 34, '5mbit', '10kb'), ('RTP', 46, '10mbit', '10kb'), ('DNS', 8, '1mbit', '5kb'), ('SSH', 16, '2mbit', '5kb')]
13:13:17 INFO: Enable egress shaping: False
13:13:17 INFO: ingress qdisc added on s1-eth1
13:13:17 INFO: Starting policer on interface s3-eth1
13:13:17 INFO: Classes: [('HTTP', 34, '5mbit', '10kb'), ('RTP', 46, '10mbit', '10kb'), ('DNS', 8, '1mbit', '5kb'), ('SSH', 16, '2mbit', '5kb')]
13:13:17 INFO: Classes: [('HTTP', 34, '5mbit', '10kb'), ('RTP', 46, '10mbit', '10kb'), ('DNS', 8, '1mbit', '5kb'), ('SSH', 16, '2mbit', '5kb')]
13:13:17 INFO: Enable egress shaping: False
13:13:17 INFO: Enable egress shaping: False
13:13:17 INFO: Classes: [('HTTP', 34, '5mbit', '10kb'), ('RTP', 46, '10mbit', '10kb'), ('DNS', 8, '1mbit', '5kb'), ('SSH', 16, '2mbit', '5kb')]
13:13:18 INFO: Starting policer on interface s2-eth2
13:13:18 INFO: Enable egress shaping: False
13:13:18 INFO: Installed ingress police (u32) on s1-eth1 for DSCP=34 (tos=0x88) rate=5mbit burst=10kb
13:13:18 INFO: Classes: [('HTTP', 34, '5mbit', '10kb'), ('RTP', 46, '10mbit', '10kb'), ('DNS', 8, '1mbit', '5kb'), ('SSH', 16, '2mbit', '5kb')]
13:13:18 INFO: ingress qdisc added on s1-eth2
13:13:18 INFO: Enable egress shaping: False
13:13:18 INFO: Starting policer on interface s3-eth2
13:13:18 INFO: Classes: [('HTTP', 34, '5mbit', '10kb'), ('RTP', 46, '10mbit', '10kb'), ('DNS', 8, '1mbit', '5kb'), ('SSH', 16, '2mbit', '5kb')]
13:13:18 INFO: Enable egress shaping: False
13:13:18 INFO: Starting policer on interface s2-eth1
13:13:18 INFO: ingress qdisc added on s1-eth3
13:13:18 INFO: Installed ingress police (u32) on s1-eth1 for DSCP=46 (tos=0xb8) rate=10mbit burst=10kb
13:13:18 INFO: Starting policer on interface s4-eth2
13:13:18 INFO: Classes: [('HTTP', 34, '5mbit', '10kb'), ('RTP', 46, '10mbit', '10kb'), ('DNS', 8, '1mbit', '5kb'), ('SSH', 16, '2mbit', '5kb')]
13:13:18 INFO: Enable egress shaping: False
13:13:18 INFO: Installed ingress police (u32) on s1-eth2 for DSCP=34 (tos=0x88) rate=5mbit burst=10kb
13:13:18 INFO: Classes: [('HTTP', 34, '5mbit', '10kb'), ('RTP', 46, '10mbit', '10kb'), ('DNS', 8, '1mbit', '5kb'), ('SSH', 16, '2mbit', '5kb')]
13:13:18 INFO: Enable egress shaping: False
13:13:18 INFO: ingress qdisc added on s1-eth4
13:13:18 INFO: ingress qdisc added on s2-eth3
13:13:18 INFO: Installed ingress police (u32) on s1-eth3 for DSCP=34 (tos=0x88) rate=5mbit burst=10kb
13:13:18 INFO: ingress qdisc added on s3-eth4
13:13:18 INFO: Installed ingress police (u32) on s1-eth1 for DSCP=8 (tos=0x20) rate=1mbit burst=5kb
13:13:18 INFO: Starting policer on interface s4-eth1
13:13:19 INFO: Classes: [('HTTP', 34, '5mbit', '10kb'), ('RTP', 46, '10mbit', '10kb'), ('DNS', 8, '1mbit', '5kb'), ('SSH', 16, '2mbit', '5kb')]
13:13:19 INFO: Enable egress shaping: False
13:13:19 INFO: ingress qdisc added on s3-eth1
13:13:19 INFO: Installed ingress police (u32) on s1-eth2 for DSCP=46 (tos=0xb8) rate=10mbit burst=10kb
13:13:19 INFO: Installed ingress police (u32) on s1-eth4 for DSCP=34 (tos=0x88) rate=5mbit burst=10kb
13:13:19 INFO: Starting policer on interface s3-eth3
13:13:19 INFO: Installed ingress police (u32) on s1-eth3 for DSCP=46 (tos=0xb8) rate=10mbit burst=10kb
13:13:19 INFO: Installed ingress police (u32) on s2-eth3 for DSCP=34 (tos=0x88) rate=5mbit burst=10kb
13:13:19 INFO: ingress qdisc added on s2-eth2
13:13:19 INFO: Installed ingress police (u32) on s3-eth4 for DSCP=34 (tos=0x88) rate=5mbit burst=10kb
13:13:19 INFO: Installed ingress police (u32) on s1-eth1 for DSCP=16 (tos=0x40) rate=2mbit burst=5kb
13:13:19 INFO: Policer installed. Running...
13:13:19 INFO: Classes: [('HTTP', 34, '5mbit', '10kb'), ('RTP', 46, '10mbit', '10kb'), ('DNS', 8, '1mbit', '5kb'), ('SSH', 16, '2mbit', '5kb')]
13:13:19 INFO: Classes: [('HTTP', 34, '5mbit', '10kb'), ('RTP', 46, '10mbit', '10kb'), ('DNS', 8, '1mbit', '5kb'), ('SSH', 16, '2mbit', '5kb')]
13:13:19 INFO: Enable egress shaping: False
13:13:19 INFO: Enable egress shaping: False
13:13:19 INFO: ingress qdisc added on s2-eth1
13:13:19 INFO: ingress qdisc added on s3-eth2
13:13:19 INFO: Installed ingress police (u32) on s3-eth1 for DSCP=34 (tos=0x88) rate=5mbit burst=10kb
13:13:19 INFO: Installed ingress police (u32) on s1-eth2 for DSCP=8 (tos=0x20) rate=1mbit burst=5kb
13:13:19 INFO: Installed ingress police (u32) on s1-eth4 for DSCP=46 (tos=0xb8) rate=10mbit burst=10kb
13:13:19 INFO: Installed ingress police (u32) on s2-eth3 for DSCP=46 (tos=0xb8) rate=10mbit burst=10kb
13:13:19 INFO: Installed ingress police (u32) on s1-eth3 for DSCP=8 (tos=0x20) rate=1mbit burst=5kb
13:13:19 INFO: Installed ingress police (u32) on s3-eth4 for DSCP=46 (tos=0xb8) rate=10mbit burst=10kb
13:13:19 INFO: Installed ingress police (u32) on s2-eth2 for DSCP=34 (tos=0x88) rate=5mbit burst=10kb
13:13:19 INFO: Starting policer on interface s4-eth3
13:13:19 INFO: Installed ingress police (u32) on s2-eth1 for DSCP=34 (tos=0x88) rate=5mbit burst=10kb
13:13:19 INFO: Installed ingress police (u32) on s3-eth1 for DSCP=46 (tos=0xb8) rate=10mbit burst=10kb
13:13:19 INFO: Installed ingress police (u32) on s1-eth2 for DSCP=16 (tos=0x40) rate=2mbit burst=5kb
13:13:19 INFO: Policer installed. Running...
13:13:19 INFO: Installed ingress police (u32) on s3-eth2 for DSCP=34 (tos=0x88) rate=5mbit burst=10kb
13:13:19 INFO: Installed ingress police (u32) on s1-eth3 for DSCP=16 (tos=0x40) rate=2mbit burst=5kb
13:13:19 INFO: Policer installed. Running...
13:13:19 INFO: Installed ingress police (u32) on s2-eth3 for DSCP=8 (tos=0x20) rate=1mbit burst=5kb
13:13:19 INFO: ingress qdisc added on s4-eth2
13:13:19 INFO: Installed ingress police (u32) on s1-eth4 for DSCP=8 (tos=0x20) rate=1mbit burst=5kb
13:13:20 INFO: ingress qdisc added on s3-eth3
13:13:20 INFO: ingress qdisc added on s4-eth1
13:13:20 INFO: Installed ingress police (u32) on s3-eth4 for DSCP=8 (tos=0x20) rate=1mbit burst=5kb
13:13:20 INFO: Installed ingress police (u32) on s2-eth2 for DSCP=46 (tos=0xb8) rate=10mbit burst=10kb
13:13:20 INFO: Classes: [('HTTP', 34, '5mbit', '10kb'), ('RTP', 46, '10mbit', '10kb'), ('DNS', 8, '1mbit', '5kb'), ('SSH', 16, '2mbit', '5kb')]
13:13:20 INFO: Enable egress shaping: False
13:13:20 INFO: Installed ingress police (u32) on s3-eth1 for DSCP=8 (tos=0x20) rate=1mbit burst=5kb
13:13:20 INFO: Installed ingress police (u32) on s3-eth2 for DSCP=46 (tos=0xb8) rate=10mbit burst=10kb
13:13:20 INFO: Installed ingress police (u32) on s2-eth1 for DSCP=46 (tos=0xb8) rate=10mbit burst=10kb
13:13:20 INFO: Installed ingress police (u32) on s3-eth3 for DSCP=34 (tos=0x88) rate=5mbit burst=10kb
13:13:20 INFO: Installed ingress police (u32) on s1-eth4 for DSCP=16 (tos=0x40) rate=2mbit burst=5kb
13:13:20 INFO: Policer installed. Running...
13:13:20 INFO: Installed ingress police (u32) on s4-eth1 for DSCP=34 (tos=0x88) rate=5mbit burst=10kb
13:13:20 INFO: Installed ingress police (u32) on s2-eth3 for DSCP=16 (tos=0x40) rate=2mbit burst=5kb
13:13:20 INFO: Policer installed. Running...
13:13:20 INFO: Installed ingress police (u32) on s3-eth4 for DSCP=16 (tos=0x40) rate=2mbit burst=5kb
13:13:20 INFO: Policer installed. Running...
13:13:20 INFO: Installed ingress police (u32) on s4-eth2 for DSCP=34 (tos=0x88) rate=5mbit burst=10kb
13:13:20 INFO: Installed ingress police (u32) on s2-eth2 for DSCP=8 (tos=0x20) rate=1mbit burst=5kb
13:13:20 INFO: Installed ingress police (u32) on s3-eth2 for DSCP=8 (tos=0x20) rate=1mbit burst=5kb
13:13:20 INFO: Installed ingress police (u32) on s3-eth1 for DSCP=16 (tos=0x40) rate=2mbit burst=5kb
13:13:20 INFO: Policer installed. Running...
13:13:20 INFO: Installed ingress police (u32) on s3-eth3 for DSCP=46 (tos=0xb8) rate=10mbit burst=10kb
13:13:20 INFO: Installed ingress police (u32) on s2-eth1 for DSCP=8 (tos=0x20) rate=1mbit burst=5kb
13:13:20 INFO: Installed ingress police (u32) on s4-eth2 for DSCP=46 (tos=0xb8) rate=10mbit burst=10kb
13:13:20 INFO: Installed ingress police (u32) on s4-eth1 for DSCP=46 (tos=0xb8) rate=10mbit burst=10kb
13:13:20 INFO: ingress qdisc added on s4-eth3
13:13:20 INFO: Installed ingress police (u32) on s2-eth2 for DSCP=16 (tos=0x40) rate=2mbit burst=5kb
13:13:20 INFO: Policer installed. Running...
13:13:20 INFO: Installed ingress police (u32) on s3-eth2 for DSCP=16 (tos=0x40) rate=2mbit burst=5kb
13:13:20 INFO: Policer installed. Running...
13:13:20 INFO: Installed ingress police (u32) on s2-eth1 for DSCP=16 (tos=0x40) rate=2mbit burst=5kb
13:13:20 INFO: Policer installed. Running...
13:13:20 INFO: Installed ingress police (u32) on s3-eth3 for DSCP=8 (tos=0x20) rate=1mbit burst=5kb
13:13:20 INFO: Installed ingress police (u32) on s4-eth2 for DSCP=8 (tos=0x20) rate=1mbit burst=5kb
13:13:20 INFO: Installed ingress police (u32) on s4-eth1 for DSCP=8 (tos=0x20) rate=1mbit burst=5kb
13:13:20 INFO: Installed ingress police (u32) on s4-eth3 for DSCP=34 (tos=0x88) rate=5mbit burst=10kb
13:13:21 INFO: Installed ingress police (u32) on s4-eth2 for DSCP=16 (tos=0x40) rate=2mbit burst=5kb
13:13:21 INFO: Policer installed. Running...
13:13:21 INFO: Installed ingress police (u32) on s3-eth3 for DSCP=16 (tos=0x40) rate=2mbit burst=5kb
13:13:21 INFO: Policer installed. Running...
13:13:21 INFO: Installed ingress police (u32) on s4-eth3 for DSCP=46 (tos=0xb8) rate=10mbit burst=10kb
13:13:21 INFO: Installed ingress police (u32) on s4-eth1 for DSCP=16 (tos=0x40) rate=2mbit burst=5kb
13:13:21 INFO: Policer installed. Running...
13:13:21 INFO: Installed ingress police (u32) on s4-eth3 for DSCP=8 (tos=0x20) rate=1mbit burst=5kb
13:13:21 INFO: Installed ingress police (u32) on s4-eth3 for DSCP=16 (tos=0x40) rate=2mbit burst=5kb
13:13:21 INFO: Policer installed. Running...
13:13:30 INFO: Received stop signal, cleaning up...
13:13:30 INFO: Received stop signal, cleaning up...
13:13:30 INFO: Received stop signal, cleaning up...
13:13:30 INFO: Received stop signal, cleaning up...
13:13:30 INFO: Received stop signal, cleaning up...
13:13:30 INFO: Received stop signal, cleaning up...
13:13:30 INFO: Received stop signal, cleaning up...
13:13:30 INFO: Received stop signal, cleaning up...
13:13:30 INFO: Received stop signal, cleaning up...
13:13:30 INFO: Received stop signal, cleaning up...
13:13:30 INFO: Received stop signal, cleaning up...
13:13:30 INFO: Received stop signal, cleaning up...
13:13:30 INFO: Received stop signal, cleaning up...
13:13:30 INFO: Received stop signal, cleaning up...
13:13:31 INFO: cleared tc qdiscs on s4-eth3
13:13:31 INFO: cleared tc qdiscs on s3-eth2
13:13:31 INFO: cleared tc qdiscs on s1-eth3
13:13:31 INFO: cleared tc qdiscs on s4-eth2
13:13:31 INFO: cleared tc qdiscs on s2-eth2
13:13:31 INFO: cleared tc qdiscs on s3-eth3
13:13:31 INFO: cleared tc qdiscs on s1-eth4
13:13:31 INFO: cleared tc qdiscs on s3-eth4
13:13:31 INFO: cleared tc qdiscs on s2-eth1
13:13:31 INFO: cleared tc qdiscs on s4-eth1
13:13:31 INFO: cleared tc qdiscs on s3-eth1
13:13:31 INFO: cleared tc qdiscs on s1-eth2
13:13:31 INFO: cleared tc qdiscs on s2-eth3
13:13:31 INFO: cleared tc qdiscs on s1-eth1
13:14:46 INFO: Starting policer on interface s1-eth3
13:14:47 INFO: Classes: [('HTTP', 34, '5mbit', '10kb'), ('RTP', 46, '10mbit', '10kb'), ('DNS', 8, '1mbit', '5kb'), ('SSH', 16, '2mbit', '5kb')]
13:14:47 INFO: Enable egress shaping: False
13:14:47 INFO: Starting policer on interface s1-eth2
13:14:47 INFO: Classes: [('HTTP', 34, '5mbit', '10kb'), ('RTP', 46, '10mbit', '10kb'), ('DNS', 8, '1mbit', '5kb'), ('SSH', 16, '2mbit', '5kb')]
13:14:47 INFO: Starting policer on interface s3-eth1
13:14:47 INFO: Starting policer on interface s1-eth4
13:14:47 INFO: Enable egress shaping: False
13:14:47 INFO: Starting policer on interface s1-eth1
13:14:48 INFO: Starting policer on interface s2-eth1
13:14:48 INFO: Classes: [('HTTP', 34, '5mbit', '10kb'), ('RTP', 46, '10mbit', '10kb'), ('DNS', 8, '1mbit', '5kb'), ('SSH', 16, '2mbit', '5kb')]
13:14:48 INFO: ingress qdisc added on s1-eth3
13:14:48 INFO: Starting policer on interface s2-eth3
13:14:48 INFO: Enable egress shaping: False
13:14:48 INFO: Classes: [('HTTP', 34, '5mbit', '10kb'), ('RTP', 46, '10mbit', '10kb'), ('DNS', 8, '1mbit', '5kb'), ('SSH', 16, '2mbit', '5kb')]
13:14:48 INFO: Enable egress shaping: False
13:14:48 INFO: Classes: [('HTTP', 34, '5mbit', '10kb'), ('RTP', 46, '10mbit', '10kb'), ('DNS', 8, '1mbit', '5kb'), ('SSH', 16, '2mbit', '5kb')]
13:14:48 INFO: Enable egress shaping: False
13:14:48 INFO: Starting policer on interface s2-eth2
13:14:48 INFO: Classes: [('HTTP', 34, '5mbit', '10kb'), ('RTP', 46, '10mbit', '10kb'), ('DNS', 8, '1mbit', '5kb'), ('SSH', 16, '2mbit', '5kb')]
13:14:48 INFO: Enable egress shaping: False
13:14:48 INFO: Installed ingress police (u32) on s1-eth3 for DSCP=34 (tos=0x88) rate=5mbit burst=10kb
13:14:48 INFO: ingress qdisc added on s1-eth2
13:14:48 INFO: Classes: [('HTTP', 34, '5mbit', '10kb'), ('RTP', 46, '10mbit', '10kb'), ('DNS', 8, '1mbit', '5kb'), ('SSH', 16, '2mbit', '5kb')]
13:14:48 INFO: Enable egress shaping: False
13:14:48 INFO: Starting policer on interface s3-eth2
13:14:49 INFO: Classes: [('HTTP', 34, '5mbit', '10kb'), ('RTP', 46, '10mbit', '10kb'), ('DNS', 8, '1mbit', '5kb'), ('SSH', 16, '2mbit', '5kb')]
13:14:49 INFO: Starting policer on interface s4-eth2
13:14:49 INFO: Enable egress shaping: False
13:14:49 INFO: Starting policer on interface s3-eth4
13:14:49 INFO: Installed ingress police (u32) on s1-eth3 for DSCP=46 (tos=0xb8) rate=10mbit burst=10kb
13:14:49 INFO: Installed ingress police (u32) on s1-eth2 for DSCP=34 (tos=0x88) rate=5mbit burst=10kb
13:14:49 INFO: Classes: [('HTTP', 34, '5mbit', '10kb'), ('RTP', 46, '10mbit', '10kb'), ('DNS', 8, '1mbit', '5kb'), ('SSH', 16, '2mbit', '5kb')]
13:14:49 INFO: ingress qdisc added on s1-eth1
13:14:49 INFO: Classes: [('HTTP', 34, '5mbit', '10kb'), ('RTP', 46, '10mbit', '10kb'), ('DNS', 8, '1mbit', '5kb'), ('SSH', 16, '2mbit', '5kb')]
13:14:49 INFO: Starting policer on interface s4-eth1
13:14:49 INFO: ingress qdisc added on s1-eth4
13:14:49 INFO: Enable egress shaping: False
13:14:49 INFO: Enable egress shaping: False
13:14:49 INFO: Classes: [('HTTP', 34, '5mbit', '10kb'), ('RTP', 46, '10mbit', '10kb'), ('DNS', 8, '1mbit', '5kb'), ('SSH', 16, '2mbit', '5kb')]
13:14:49 INFO: ingress qdisc added on s3-eth1
13:14:49 INFO: Enable egress shaping: False
13:14:49 INFO: Starting policer on interface s4-eth3
13:14:49 INFO: Starting policer on interface s3-eth3
13:14:49 INFO: Classes: [('HTTP', 34, '5mbit', '10kb'), ('RTP', 46, '10mbit', '10kb'), ('DNS', 8, '1mbit', '5kb'), ('SSH', 16, '2mbit', '5kb')]
13:14:49 INFO: Enable egress shaping: False
13:14:49 INFO: Classes: [('HTTP', 34, '5mbit', '10kb'), ('RTP', 46, '10mbit', '10kb'), ('DNS', 8, '1mbit', '5kb'), ('SSH', 16, '2mbit', '5kb')]
13:14:49 INFO: Enable egress shaping: False
13:14:49 INFO: Classes: [('HTTP', 34, '5mbit', '10kb'), ('RTP', 46, '10mbit', '10kb'), ('DNS', 8, '1mbit', '5kb'), ('SSH', 16, '2mbit', '5kb')]
13:14:49 INFO: Installed ingress police (u32) on s1-eth2 for DSCP=46 (tos=0xb8) rate=10mbit burst=10kb
13:14:49 INFO: ingress qdisc added on s2-eth1
13:14:49 INFO: ingress qdisc added on s2-eth2
13:14:49 INFO: Installed ingress police (u32) on s1-eth1 for DSCP=34 (tos=0x88) rate=5mbit burst=10kb
13:14:49 INFO: Enable egress shaping: False
13:14:49 INFO: Installed ingress police (u32) on s3-eth1 for DSCP=34 (tos=0x88) rate=5mbit burst=10kb
13:14:49 INFO: Installed ingress police (u32) on s1-eth3 for DSCP=8 (tos=0x20) rate=1mbit burst=5kb
13:14:49 INFO: Installed ingress police (u32) on s1-eth4 for DSCP=34 (tos=0x88) rate=5mbit burst=10kb
13:14:49 INFO: ingress qdisc added on s2-eth3
13:14:49 INFO: Installed ingress police (u32) on s1-eth2 for DSCP=8 (tos=0x20) rate=1mbit burst=5kb
13:14:49 INFO: Installed ingress police (u32) on s1-eth1 for DSCP=46 (tos=0xb8) rate=10mbit burst=10kb
13:14:49 INFO: Installed ingress police (u32) on s2-eth1 for DSCP=34 (tos=0x88) rate=5mbit burst=10kb
13:14:49 INFO: Installed ingress police (u32) on s1-eth3 for DSCP=16 (tos=0x40) rate=2mbit burst=5kb
13:14:49 INFO: Policer installed. Running...
13:14:49 INFO: Installed ingress police (u32) on s2-eth2 for DSCP=34 (tos=0x88) rate=5mbit burst=10kb
13:14:50 INFO: Installed ingress police (u32) on s3-eth1 for DSCP=46 (tos=0xb8) rate=10mbit burst=10kb
13:14:50 INFO: Installed ingress police (u32) on s1-eth4 for DSCP=46 (tos=0xb8) rate=10mbit burst=10kb
13:14:50 INFO: ingress qdisc added on s3-eth2
13:14:50 INFO: ingress qdisc added on s4-eth2
13:14:50 INFO: ingress qdisc added on s3-eth4
13:14:50 INFO: ingress qdisc added on s4-eth3
13:14:50 INFO: Installed ingress police (u32) on s2-eth3 for DSCP=34 (tos=0x88) rate=5mbit burst=10kb
13:14:50 INFO: ingress qdisc added on s4-eth1
13:14:50 INFO: Installed ingress police (u32) on s1-eth2 for DSCP=16 (tos=0x40) rate=2mbit burst=5kb
13:14:50 INFO: Policer installed. Running...
13:14:50 INFO: Installed ingress police (u32) on s2-eth1 for DSCP=46 (tos=0xb8) rate=10mbit burst=10kb
13:14:50 INFO: Installed ingress police (u32) on s2-eth2 for DSCP=46 (tos=0xb8) rate=10mbit burst=10kb
13:14:50 INFO: ingress qdisc added on s3-eth3
13:14:50 INFO: Installed ingress police (u32) on s3-eth1 for DSCP=8 (tos=0x20) rate=1mbit burst=5kb
13:14:50 INFO: Installed ingress police (u32) on s3-eth4 for DSCP=34 (tos=0x88) rate=5mbit burst=10kb
13:14:50 INFO: Installed ingress police (u32) on s3-eth2 for DSCP=34 (tos=0x88) rate=5mbit burst=10kb
13:14:50 INFO: Installed ingress police (u32) on s1-eth4 for DSCP=8 (tos=0x20) rate=1mbit burst=5kb
13:14:50 INFO: Installed ingress police (u32) on s4-eth2 for DSCP=34 (tos=0x88) rate=5mbit burst=10kb
13:14:50 INFO: Installed ingress police (u32) on s1-eth1 for DSCP=8 (tos=0x20) rate=1mbit burst=5kb
13:14:50 INFO: Installed ingress police (u32) on s4-eth3 for DSCP=34 (tos=0x88) rate=5mbit burst=10kb
13:14:50 INFO: Installed ingress police (u32) on s2-eth3 for DSCP=46 (tos=0xb8) rate=10mbit burst=10kb
13:14:50 INFO: Installed ingress police (u32) on s3-eth1 for DSCP=16 (tos=0x40) rate=2mbit burst=5kb
13:14:50 INFO: Policer installed. Running...
13:14:50 INFO: Installed ingress police (u32) on s3-eth3 for DSCP=34 (tos=0x88) rate=5mbit burst=10kb
13:14:50 INFO: Installed ingress police (u32) on s4-eth1 for DSCP=34 (tos=0x88) rate=5mbit burst=10kb
13:14:50 INFO: Installed ingress police (u32) on s2-eth1 for DSCP=8 (tos=0x20) rate=1mbit burst=5kb
13:14:50 INFO: Installed ingress police (u32) on s2-eth2 for DSCP=8 (tos=0x20) rate=1mbit burst=5kb
13:14:50 INFO: Installed ingress police (u32) on s3-eth4 for DSCP=46 (tos=0xb8) rate=10mbit burst=10kb
13:14:50 INFO: Installed ingress police (u32) on s4-eth2 for DSCP=46 (tos=0xb8) rate=10mbit burst=10kb
13:14:50 INFO: Installed ingress police (u32) on s1-eth4 for DSCP=16 (tos=0x40) rate=2mbit burst=5kb
13:14:50 INFO: Policer installed. Running...
13:14:50 INFO: Installed ingress police (u32) on s2-eth3 for DSCP=8 (tos=0x20) rate=1mbit burst=5kb
13:14:50 INFO: Installed ingress police (u32) on s3-eth2 for DSCP=46 (tos=0xb8) rate=10mbit burst=10kb
13:14:50 INFO: Installed ingress police (u32) on s4-eth3 for DSCP=46 (tos=0xb8) rate=10mbit burst=10kb
13:14:50 INFO: Installed ingress police (u32) on s1-eth1 for DSCP=16 (tos=0x40) rate=2mbit burst=5kb
13:14:50 INFO: Policer installed. Running...
13:14:51 INFO: Installed ingress police (u32) on s2-eth2 for DSCP=16 (tos=0x40) rate=2mbit burst=5kb
13:14:51 INFO: Policer installed. Running...
13:14:51 INFO: Installed ingress police (u32) on s4-eth1 for DSCP=46 (tos=0xb8) rate=10mbit burst=10kb
13:14:51 INFO: Installed ingress police (u32) on s2-eth3 for DSCP=16 (tos=0x40) rate=2mbit burst=5kb
13:14:51 INFO: Policer installed. Running...
13:14:51 INFO: Installed ingress police (u32) on s3-eth4 for DSCP=8 (tos=0x20) rate=1mbit burst=5kb
13:14:51 INFO: Installed ingress police (u32) on s3-eth3 for DSCP=46 (tos=0xb8) rate=10mbit burst=10kb
13:14:51 INFO: Installed ingress police (u32) on s2-eth1 for DSCP=16 (tos=0x40) rate=2mbit burst=5kb
13:14:51 INFO: Policer installed. Running...
13:14:51 INFO: Installed ingress police (u32) on s3-eth2 for DSCP=8 (tos=0x20) rate=1mbit burst=5kb
13:14:51 INFO: Installed ingress police (u32) on s4-eth2 for DSCP=8 (tos=0x20) rate=1mbit burst=5kb
13:14:51 INFO: Installed ingress police (u32) on s4-eth3 for DSCP=8 (tos=0x20) rate=1mbit burst=5kb
13:14:51 INFO: Installed ingress police (u32) on s3-eth3 for DSCP=8 (tos=0x20) rate=1mbit burst=5kb
13:14:51 INFO: Installed ingress police (u32) on s3-eth4 for DSCP=16 (tos=0x40) rate=2mbit burst=5kb
13:14:51 INFO: Policer installed. Running...
13:14:51 INFO: Installed ingress police (u32) on s4-eth2 for DSCP=16 (tos=0x40) rate=2mbit burst=5kb
13:14:51 INFO: Policer installed. Running...
13:14:51 INFO: Installed ingress police (u32) on s4-eth1 for DSCP=8 (tos=0x20) rate=1mbit burst=5kb
13:14:51 INFO: Installed ingress police (u32) on s3-eth2 for DSCP=16 (tos=0x40) rate=2mbit burst=5kb
13:14:51 INFO: Policer installed. Running...
13:14:51 INFO: Installed ingress police (u32) on s4-eth3 for DSCP=16 (tos=0x40) rate=2mbit burst=5kb
13:14:51 INFO: Policer installed. Running...
13:14:51 INFO: Installed ingress police (u32) on s3-eth3 for DSCP=16 (tos=0x40) rate=2mbit burst=5kb
13:14:51 INFO: Policer installed. Running...
13:14:51 INFO: Installed ingress police (u32) on s4-eth1 for DSCP=16 (tos=0x40) rate=2mbit burst=5kb
13:14:51 INFO: Policer installed. Running...
13:15:01 INFO: Received stop signal, cleaning up...
13:15:01 INFO: Received stop signal, cleaning up...
13:15:01 INFO: Received stop signal, cleaning up...
13:15:01 INFO: Received stop signal, cleaning up...
13:15:01 INFO: Received stop signal, cleaning up...
13:15:01 INFO: Received stop signal, cleaning up...
13:15:01 INFO: Received stop signal, cleaning up...
13:15:01 INFO: Received stop signal, cleaning up...
13:15:01 INFO: Received stop signal, cleaning up...
13:15:01 INFO: Received stop signal, cleaning up...
13:15:01 INFO: Received stop signal, cleaning up...
13:15:01 INFO: Received stop signal, cleaning up...
13:15:01 INFO: Received stop signal, cleaning up...
13:15:01 INFO: Received stop signal, cleaning up...
13:15:02 INFO: cleared tc qdiscs on s4-eth1
13:15:02 INFO: cleared tc qdiscs on s1-eth1
13:15:02 INFO: cleared tc qdiscs on s4-eth2
13:15:02 INFO: cleared tc qdiscs on s2-eth2
13:15:02 INFO: cleared tc qdiscs on s3-eth3
13:15:02 INFO: cleared tc qdiscs on s3-eth4
13:15:02 INFO: cleared tc qdiscs on s3-eth2
13:15:02 INFO: cleared tc qdiscs on s1-eth2
13:15:02 INFO: cleared tc qdiscs on s2-eth3
13:15:02 INFO: cleared tc qdiscs on s4-eth3
13:15:02 INFO: cleared tc qdiscs on s1-eth3
13:15:02 INFO: cleared tc qdiscs on s3-eth1
13:15:03 INFO: cleared tc qdiscs on s2-eth1
13:15:03 INFO: cleared tc qdiscs on s1-eth4
13:16:44 INFO: Starting policer on interface s2-eth2
13:16:45 INFO: Classes: [('HTTP', 34, '5mbit', '10kb'), ('RTP', 46, '10mbit', '10kb'), ('DNS', 8, '1mbit', '5kb'), ('SSH', 16, '2mbit', '5kb')]
13:16:45 INFO: Starting policer on interface s2-eth1
13:16:45 INFO: Enable egress shaping: False
13:16:45 INFO: Starting policer on interface s1-eth1
13:16:45 INFO: Starting policer on interface s1-eth3
13:16:45 INFO: Classes: [('HTTP', 34, '5mbit', '10kb'), ('RTP', 46, '10mbit', '10kb'), ('DNS', 8, '1mbit', '5kb'), ('SSH', 16, '2mbit', '5kb')]
13:16:45 INFO: Enable egress shaping: False
13:16:45 INFO: Classes: [('HTTP', 34, '5mbit', '10kb'), ('RTP', 46, '10mbit', '10kb'), ('DNS', 8, '1mbit', '5kb'), ('SSH', 16, '2mbit', '5kb')]
13:16:45 INFO: Starting policer on interface s3-eth4
13:16:45 INFO: Starting policer on interface s4-eth2
13:16:45 INFO: Enable egress shaping: False
13:16:45 INFO: Starting policer on interface s4-eth1
13:16:45 INFO: Starting policer on interface s2-eth3
13:16:45 INFO: Classes: [('HTTP', 34, '5mbit', '10kb'), ('RTP', 46, '10mbit', '10kb'), ('DNS', 8, '1mbit', '5kb'), ('SSH', 16, '2mbit', '5kb')]
13:16:45 INFO: Starting policer on interface s1-eth2
13:16:46 INFO: Classes: [('HTTP', 34, '5mbit', '10kb'), ('RTP', 46, '10mbit', '10kb'), ('DNS', 8, '1mbit', '5kb'), ('SSH', 16, '2mbit', '5kb')]
13:16:46 INFO: Enable egress shaping: False
13:16:46 INFO: ingress qdisc added on s2-eth2
13:16:46 INFO: Enable egress shaping: False
13:16:46 INFO: Classes: [('HTTP', 34, '5mbit', '10kb'), ('RTP', 46, '10mbit', '10kb'), ('DNS', 8, '1mbit', '5kb'), ('SSH', 16, '2mbit', '5kb')]
13:16:46 INFO: Enable egress shaping: False
13:16:46 INFO: Classes: [('HTTP', 34, '5mbit', '10kb'), ('RTP', 46, '10mbit', '10kb'), ('DNS', 8, '1mbit', '5kb'), ('SSH', 16, '2mbit', '5kb')]
13:16:46 INFO: Enable egress shaping: False
13:16:46 INFO: Classes: [('HTTP', 34, '5mbit', '10kb'), ('RTP', 46, '10mbit', '10kb'), ('DNS', 8, '1mbit', '5kb'), ('SSH', 16, '2mbit', '5kb')]
13:16:46 INFO: Enable egress shaping: False
13:16:46 INFO: Starting policer on interface s3-eth2
13:16:46 INFO: Starting policer on interface s1-eth4
13:16:46 INFO: Starting policer on interface s3-eth1
13:16:46 INFO: Classes: [('HTTP', 34, '5mbit', '10kb'), ('RTP', 46, '10mbit', '10kb'), ('DNS', 8, '1mbit', '5kb'), ('SSH', 16, '2mbit', '5kb')]
13:16:46 INFO: Classes: [('HTTP', 34, '5mbit', '10kb'), ('RTP', 46, '10mbit', '10kb'), ('DNS', 8, '1mbit', '5kb'), ('SSH', 16, '2mbit', '5kb')]
13:16:46 INFO: Enable egress shaping: False
13:16:46 INFO: Enable egress shaping: False
13:16:46 INFO: Installed ingress police (u32) on s2-eth2 for DSCP=34 (tos=0x88) rate=5mbit burst=10kb
13:16:46 INFO: ingress qdisc added on s1-eth3
13:16:46 INFO: Classes: [('HTTP', 34, '5mbit', '10kb'), ('RTP', 46, '10mbit', '10kb'), ('DNS', 8, '1mbit', '5kb'), ('SSH', 16, '2mbit', '5kb')]
13:16:47 INFO: Enable egress shaping: False
13:16:47 INFO: ingress qdisc added on s1-eth1
13:16:47 INFO: Starting policer on interface s4-eth3
13:16:47 INFO: ingress qdisc added on s1-eth2
13:16:47 INFO: ingress qdisc added on s2-eth3
13:16:47 INFO: Installed ingress police (u32) on s2-eth2 for DSCP=46 (tos=0xb8) rate=10mbit burst=10kb
13:16:47 INFO: ingress qdisc added on s2-eth1
13:16:47 INFO: Installed ingress police (u32) on s1-eth3 for DSCP=34 (tos=0x88) rate=5mbit burst=10kb
13:16:47 INFO: Classes: [('HTTP', 34, '5mbit', '10kb'), ('RTP', 46, '10mbit', '10kb'), ('DNS', 8, '1mbit', '5kb'), ('SSH', 16, '2mbit', '5kb')]
13:16:47 INFO: Starting policer on interface s3-eth3
13:16:47 INFO: Enable egress shaping: False
13:16:47 INFO: ingress qdisc added on s4-eth1
13:16:47 INFO: ingress qdisc added on s3-eth4
13:16:47 INFO: Classes: [('HTTP', 34, '5mbit', '10kb'), ('RTP', 46, '10mbit', '10kb'), ('DNS', 8, '1mbit', '5kb'), ('SSH', 16, '2mbit', '5kb')]
13:16:47 INFO: Enable egress shaping: False
13:16:47 INFO: Installed ingress police (u32) on s1-eth2 for DSCP=34 (tos=0x88) rate=5mbit burst=10kb
13:16:47 INFO: Classes: [('HTTP', 34, '5mbit', '10kb'), ('RTP', 46, '10mbit', '10kb'), ('DNS', 8, '1mbit', '5kb'), ('SSH', 16, '2mbit', '5kb')]
13:16:47 INFO: Installed ingress police (u32) on s1-eth1 for DSCP=34 (tos=0x88) rate=5mbit burst=10kb
13:16:47 INFO: Enable egress shaping: False
13:16:47 INFO: Installed ingress police (u32) on s2-eth2 for DSCP=8 (tos=0x20) rate=1mbit burst=5kb
13:16:47 INFO: Installed ingress police (u32) on s2-eth3 for DSCP=34 (tos=0x88) rate=5mbit burst=10kb
13:16:47 INFO: ingress qdisc added on s3-eth1
13:16:47 INFO: ingress qdisc added on s4-eth2
13:16:47 INFO: Installed ingress police (u32) on s2-eth1 for DSCP=34 (tos=0x88) rate=5mbit burst=10kb
13:16:47 INFO: Installed ingress police (u32) on s1-eth3 for DSCP=46 (tos=0xb8) rate=10mbit burst=10kb
13:16:47 INFO: Installed ingress police (u32) on s3-eth4 for DSCP=34 (tos=0x88) rate=5mbit burst=10kb
13:16:48 INFO: Installed ingress police (u32) on s4-eth1 for DSCP=34 (tos=0x88) rate=5mbit burst=10kb
13:16:48 INFO: ingress qdisc added on s1-eth4
13:16:48 INFO: Installed ingress police (u32) on s1-eth2 for DSCP=46 (tos=0xb8) rate=10mbit burst=10kb
13:16:48 INFO: ingress qdisc added on s3-eth2
13:16:48 INFO: Installed ingress police (u32) on s2-eth2 for DSCP=16 (tos=0x40) rate=2mbit burst=5kb
13:16:48 INFO: Policer installed. Running...
13:16:48 INFO: Installed ingress police (u32) on s2-eth3 for DSCP=46 (tos=0xb8) rate=10mbit burst=10kb
13:16:48 INFO: Installed ingress police (u32) on s3-eth1 for DSCP=34 (tos=0x88) rate=5mbit burst=10kb
13:16:48 INFO: Installed ingress police (u32) on s1-eth3 for DSCP=8 (tos=0x20) rate=1mbit burst=5kb
13:16:48 INFO: Installed ingress police (u32) on s1-eth1 for DSCP=46 (tos=0xb8) rate=10mbit burst=10kb
13:16:48 INFO: Installed ingress police (u32) on s4-eth1 for DSCP=46 (tos=0xb8) rate=10mbit burst=10kb
13:16:48 INFO: Installed ingress police (u32) on s3-eth4 for DSCP=46 (tos=0xb8) rate=10mbit burst=10kb
13:16:48 INFO: Installed ingress police (u32) on s2-eth1 for DSCP=46 (tos=0xb8) rate=10mbit burst=10kb
13:16:48 INFO: Installed ingress police (u32) on s4-eth2 for DSCP=34 (tos=0x88) rate=5mbit burst=10kb
13:16:48 INFO: Installed ingress police (u32) on s1-eth4 for DSCP=34 (tos=0x88) rate=5mbit burst=10kb
13:16:48 INFO: ingress qdisc added on s4-eth3
13:16:48 INFO: Installed ingress police (u32) on s1-eth2 for DSCP=8 (tos=0x20) rate=1mbit burst=5kb
13:16:49 INFO: Installed ingress police (u32) on s2-eth3 for DSCP=8 (tos=0x20) rate=1mbit burst=5kb
13:16:49 INFO: Installed ingress police (u32) on s1-eth3 for DSCP=16 (tos=0x40) rate=2mbit burst=5kb
13:16:49 INFO: Policer installed. Running...
13:16:49 INFO: Installed ingress police (u32) on s3-eth1 for DSCP=46 (tos=0xb8) rate=10mbit burst=10kb
13:16:49 INFO: Installed ingress police (u32) on s3-eth2 for DSCP=34 (tos=0x88) rate=5mbit burst=10kb
13:16:49 INFO: Installed ingress police (u32) on s1-eth1 for DSCP=8 (tos=0x20) rate=1mbit burst=5kb
13:16:49 INFO: Installed ingress police (u32) on s3-eth4 for DSCP=8 (tos=0x20) rate=1mbit burst=5kb
13:16:49 INFO: ingress qdisc added on s3-eth3
13:16:49 INFO: Installed ingress police (u32) on s2-eth1 for DSCP=8 (tos=0x20) rate=1mbit burst=5kb
13:16:49 INFO: Installed ingress police (u32) on s1-eth2 for DSCP=16 (tos=0x40) rate=2mbit burst=5kb
13:16:49 INFO: Installed ingress police (u32) on s4-eth2 for DSCP=46 (tos=0xb8) rate=10mbit burst=10kb
13:16:49 INFO: Installed ingress police (u32) on s4-eth1 for DSCP=8 (tos=0x20) rate=1mbit burst=5kb
13:16:49 INFO: Installed ingress police (u32) on s2-eth3 for DSCP=16 (tos=0x40) rate=2mbit burst=5kb
13:16:49 INFO: Installed ingress police (u32) on s3-eth1 for DSCP=8 (tos=0x20) rate=1mbit burst=5kb
13:16:49 INFO: Installed ingress police (u32) on s4-eth3 for DSCP=34 (tos=0x88) rate=5mbit burst=10kb
13:16:49 INFO: Installed ingress police (u32) on s1-eth4 for DSCP=46 (tos=0xb8) rate=10mbit burst=10kb
13:16:49 INFO: Policer installed. Running...
13:16:49 INFO: Policer installed. Running...
13:16:49 INFO: Installed ingress police (u32) on s2-eth1 for DSCP=16 (tos=0x40) rate=2mbit burst=5kb
13:16:49 INFO: Policer installed. Running...
13:16:49 INFO: Installed ingress police (u32) on s4-eth2 for DSCP=8 (tos=0x20) rate=1mbit burst=5kb
13:16:49 INFO: Installed ingress police (u32) on s1-eth1 for DSCP=16 (tos=0x40) rate=2mbit burst=5kb
13:16:49 INFO: Policer installed. Running...
13:16:49 INFO: Installed ingress police (u32) on s3-eth2 for DSCP=46 (tos=0xb8) rate=10mbit burst=10kb
13:16:49 INFO: Installed ingress police (u32) on s3-eth1 for DSCP=16 (tos=0x40) rate=2mbit burst=5kb
13:16:49 INFO: Policer installed. Running...
13:16:49 INFO: Installed ingress police (u32) on s3-eth4 for DSCP=16 (tos=0x40) rate=2mbit burst=5kb
13:16:49 INFO: Policer installed. Running...
13:16:49 INFO: Installed ingress police (u32) on s3-eth3 for DSCP=34 (tos=0x88) rate=5mbit burst=10kb
13:16:49 INFO: Installed ingress police (u32) on s1-eth4 for DSCP=8 (tos=0x20) rate=1mbit burst=5kb
13:16:49 INFO: Installed ingress police (u32) on s4-eth3 for DSCP=46 (tos=0xb8) rate=10mbit burst=10kb
13:16:49 INFO: Installed ingress police (u32) on s4-eth1 for DSCP=16 (tos=0x40) rate=2mbit burst=5kb
13:16:49 INFO: Policer installed. Running...
13:16:49 INFO: Installed ingress police (u32) on s4-eth2 for DSCP=16 (tos=0x40) rate=2mbit burst=5kb
13:16:49 INFO: Policer installed. Running...
13:16:49 INFO: Installed ingress police (u32) on s3-eth3 for DSCP=46 (tos=0xb8) rate=10mbit burst=10kb
13:16:49 INFO: Installed ingress police (u32) on s3-eth2 for DSCP=8 (tos=0x20) rate=1mbit burst=5kb
13:16:49 INFO: Installed ingress police (u32) on s1-eth4 for DSCP=16 (tos=0x40) rate=2mbit burst=5kb
13:16:49 INFO: Policer installed. Running...
13:16:49 INFO: Installed ingress police (u32) on s4-eth3 for DSCP=8 (tos=0x20) rate=1mbit burst=5kb
13:16:49 INFO: Installed ingress police (u32) on s3-eth3 for DSCP=8 (tos=0x20) rate=1mbit burst=5kb
13:16:49 INFO: Installed ingress police (u32) on s3-eth2 for DSCP=16 (tos=0x40) rate=2mbit burst=5kb
13:16:49 INFO: Policer installed. Running...
13:16:49 INFO: Installed ingress police (u32) on s4-eth3 for DSCP=16 (tos=0x40) rate=2mbit burst=5kb
13:16:49 INFO: Policer installed. Running...
13:16:49 INFO: Installed ingress police (u32) on s3-eth3 for DSCP=16 (tos=0x40) rate=2mbit burst=5kb
13:16:49 INFO: Policer installed. Running...
13:16:55 INFO: Received stop signal, cleaning up...
13:16:55 INFO: Received stop signal, cleaning up...
13:16:55 INFO: Received stop signal, cleaning up...
13:16:55 INFO: Received stop signal, cleaning up...
13:16:55 INFO: Received stop signal, cleaning up...
13:16:55 INFO: Received stop signal, cleaning up...
13:16:55 INFO: Received stop signal, cleaning up...
13:16:55 INFO: Received stop signal, cleaning up...
13:16:55 INFO: Received stop signal, cleaning up...
13:16:55 INFO: Received stop signal, cleaning up...
13:16:55 INFO: Received stop signal, cleaning up...
13:16:55 INFO: Received stop signal, cleaning up...
13:16:55 INFO: Received stop signal, cleaning up...
13:16:55 INFO: Received stop signal, cleaning up...
13:16:56 INFO: cleared tc qdiscs on s3-eth4
13:16:56 INFO: cleared tc qdiscs on s3-eth3
13:16:56 INFO: cleared tc qdiscs on s1-eth1
13:16:56 INFO: cleared tc qdiscs on s2-eth3
13:16:56 INFO: cleared tc qdiscs on s3-eth2
13:16:56 INFO: cleared tc qdiscs on s4-eth3
13:16:57 INFO: cleared tc qdiscs on s2-eth1
13:16:57 INFO: cleared tc qdiscs on s3-eth1
13:16:57 INFO: cleared tc qdiscs on s1-eth2
13:16:57 INFO: cleared tc qdiscs on s1-eth4
13:16:57 INFO: cleared tc qdiscs on s2-eth2
13:16:57 INFO: cleared tc qdiscs on s1-eth3
13:16:57 INFO: cleared tc qdiscs on s4-eth1
13:16:57 INFO: cleared tc qdiscs on s4-eth2
